node_id,honest_trades,cheated_trades,packet_drops,active_steps,bft_responses,drop_rate,norm_drop_rate,is_honest
veh_0,0,0,0,1,0,0.0,0.0,1
veh_1,0,0,0,1,0,0.0,0.0,1
veh_2,0,0,0,1,0,0.0,0.0,1
veh_3,0,0,0,1,0,0.0,0.0,1
veh_4,0,0,0,1,0,0.0,0.0,0
veh_5,0,0,0,1,0,0.0,0.0,1
veh_6,0,0,0,1,0,0.0,0.0,1
veh_7,0,0,0,1,0,0.0,0.0,1
veh_8,0,0,0,1,0,0.0,0.0,1
veh_9,0,0,0,1,0,0.0,0.0,1
veh_10,0,0,0,1,0,0.0,0.0,1
veh_11,0,0,0,1,0,0.0,0.0,0
veh_12,0,0,0,1,0,0.0,0.0,1
veh_13,0,0,0,1,0,0.0,0.0,0
veh_14,0,0,0,1,0,0.0,0.0,1
veh_15,0,0,0,1,0,0.0,0.0,1
veh_16,0,0,0,1,0,0.0,0.0,0
veh_17,0,0,0,1,0,0.0,0.0,1
veh_18,0,0,0,1,0,0.0,0.0,1
veh_19,0,0,0,1,0,0.0,0.0,1
veh_20,0,0,0,1,0,0.0,0.0,1
veh_21,0,0,0,1,0,0.0,0.0,1
veh_22,0,0,0,1,0,0.0,0.0,1
veh_23,0,0,0,1,0,0.0,0.0,1
veh_24,0,0,0,1,0,0.0,0.0,1
veh_25,0,0,0,1,0,0.0,0.0,1
veh_26,0,0,0,1,0,0.0,0.0,1
veh_27,0,0,0,1,0,0.0,0.0,0
veh_28,0,0,0,1,0,0.0,0.0,1
veh_29,0,0,0,1,0,0.0,0.0,0
veh_30,0,0,0,1,0,0.0,0.0,1
veh_31,0,0,0,1,0,0.0,0.0,1
veh_32,0,0,0,1,0,0.0,0.0,0
veh_33,0,0,0,1,0,0.0,0.0,1
veh_34,0,0,0,1,0,0.0,0.0,1
veh_35,0,0,0,1,0,0.0,0.0,1
veh_36,0,0,0,1,0,0.0,0.0,1
veh_37,0,0,0,1,0,0.0,0.0,1
veh_38,0,0,0,1,0,0.0,0.0,1
veh_39,0,0,0,1,0,0.0,0.0,1
veh_40,0,0,0,1,0,0.0,0.0,1
veh_41,0,0,0,1,0,0.0,0.0,1
veh_42,0,0,0,1,0,0.0,0.0,1
veh_43,0,0,0,1,0,0.0,0.0,1
veh_44,0,0,0,1,0,0.0,0.0,1
veh_45,0,0,0,1,0,0.0,0.0,1
veh_46,0,0,0,1,0,0.0,0.0,1
veh_47,0,0,0,1,0,0.0,0.0,1
veh_48,0,0,0,1,0,0.0,0.0,1
veh_49,0,0,0,1,0,0.0,0.0,1
veh_50,0,0,0,1,0,0.0,0.0,1
veh_51,0,0,0,1,0,0.0,0.0,1
veh_52,0,0,0,1,0,0.0,0.0,0
veh_53,0,0,0,1,0,0.0,0.0,1
veh_54,0,0,0,1,0,0.0,0.0,1
veh_55,0,0,0,1,0,0.0,0.0,1
veh_56,0,0,0,1,0,0.0,0.0,1
veh_57,0,0,0,1,0,0.0,0.0,0
veh_58,0,0,0,1,0,0.0,0.0,1
veh_59,0,0,0,1,0,0.0,0.0,1
veh_60,0,0,0,1,0,0.0,0.0,1
veh_61,0,0,0,1,0,0.0,0.0,1
veh_62,0,0,0,1,0,0.0,0.0,1
veh_63,0,0,0,1,0,0.0,0.0,1
veh_64,0,0,0,1,0,0.0,0.0,1
veh_65,0,0,0,1,0,0.0,0.0,1
veh_66,0,0,0,1,0,0.0,0.0,0
veh_67,0,0,0,1,0,0.0,0.0,1
veh_68,0,0,0,1,0,0.0,0.0,1
veh_69,0,0,0,1,0,0.0,0.0,1
veh_70,0,0,0,1,0,0.0,0.0,1
veh_71,0,0,0,1,0,0.0,0.0,0
veh_72,0,0,0,1,0,0.0,0.0,1
veh_73,0,0,0,1,0,0.0,0.0,1
veh_74,0,0,0,1,0,0.0,0.0,1
veh_75,0,0,0,1,0,0.0,0.0,1
veh_76,0,0,0,1,0,0.0,0.0,1
veh_77,0,0,0,1,0,0.0,0.0,1
veh_78,0,0,0,1,0,0.0,0.0,1
veh_79,0,0,0,1,0,0.0,0.0,0
veh_80,0,0,0,1,0,0.0,0.0,0
veh_81,0,0,0,1,0,0.0,0.0,1
veh_82,0,0,0,1,0,0.0,0.0,0
veh_83,0,0,0,1,0,0.0,0.0,1
veh_84,0,0,0,1,0,0.0,0.0,0
veh_85,0,0,0,1,0,0.0,0.0,1
veh_86,0,0,0,1,0,0.0,0.0,1
veh_87,0,0,0,1,0,0.0,0.0,1
veh_88,0,0,0,1,0,0.0,0.0,1
veh_89,0,0,0,1,0,0.0,0.0,0
veh_90,0,0,0,1,0,0.0,0.0,0
veh_91,0,0,0,1,0,0.0,0.0,1
veh_92,0,0,0,1,0,0.0,0.0,1
veh_93,0,0,0,1,0,0.0,0.0,1
veh_94,0,0,0,1,0,0.0,0.0,1
veh_95,0,0,0,1,0,0.0,0.0,1
veh_96,0,0,0,1,0,0.0,0.0,0
veh_97,0,0,0,1,0,0.0,0.0,0
veh_98,0,0,0,1,0,0.0,0.0,1
veh_99,0,0,0,1,0,0.0,0.0,0
veh_100,0,0,0,1,0,0.0,0.0,1
veh_101,0,0,0,1,0,0.0,0.0,1
veh_102,0,0,0,1,0,0.0,0.0,1
veh_103,0,0,0,1,0,0.0,0.0,1
veh_104,0,0,0,1,0,0.0,0.0,1
veh_105,0,0,0,1,0,0.0,0.0,0
veh_106,0,0,0,1,0,0.0,0.0,0
veh_107,0,0,0,1,0,0.0,0.0,1
veh_108,0,0,0,1,0,0.0,0.0,1
veh_109,0,0,0,1,0,0.0,0.0,1
veh_110,0,0,0,1,0,0.0,0.0,1
veh_111,0,0,0,1,0,0.0,0.0,1
veh_112,0,0,0,1,0,0.0,0.0,1
veh_113,0,0,0,1,0,0.0,0.0,1
veh_114,0,0,0,1,0,0.0,0.0,0
veh_115,0,0,0,1,0,0.0,0.0,0
veh_116,0,0,0,1,0,0.0,0.0,1
veh_117,0,0,0,1,0,0.0,0.0,1
veh_118,0,0,0,1,0,0.0,0.0,0
veh_119,0,0,0,1,0,0.0,0.0,1
veh_120,0,0,0,1,0,0.0,0.0,1
veh_121,0,0,0,1,0,0.0,0.0,1
veh_122,0,0,0,1,0,0.0,0.0,1
veh_123,0,0,0,1,0,0.0,0.0,1
veh_124,0,0,0,1,0,0.0,0.0,1
veh_125,0,0,0,1,0,0.0,0.0,1
veh_126,0,0,0,1,0,0.0,0.0,1
veh_127,0,0,0,1,0,0.0,0.0,1
veh_128,0,0,0,1,0,0.0,0.0,0
veh_129,0,0,0,1,0,0.0,0.0,1
veh_130,0,0,0,1,0,0.0,0.0,1
veh_131,0,0,0,1,0,0.0,0.0,1
veh_132,0,0,0,1,0,0.0,0.0,1
veh_133,0,0,0,1,0,0.0,0.0,1
veh_134,0,0,0,1,0,0.0,0.0,0
veh_135,0,0,0,1,0,0.0,0.0,1
veh_136,0,0,0,1,0,0.0,0.0,1
veh_137,0,0,0,1,0,0.0,0.0,1
veh_138,0,0,0,1,0,0.0,0.0,1
veh_139,0,0,0,1,0,0.0,0.0,1
veh_140,0,0,0,1,0,0.0,0.0,1
veh_141,0,0,0,1,0,0.0,0.0,0
veh_142,0,0,0,1,0,0.0,0.0,1
veh_143,0,0,0,1,0,0.0,0.0,1
veh_144,0,0,0,1,0,0.0,0.0,1
veh_145,0,0,0,1,0,0.0,0.0,1
veh_146,0,0,0,1,0,0.0,0.0,1
veh_147,0,0,0,1,0,0.0,0.0,0
veh_148,0,0,0,1,0,0.0,0.0,1
veh_149,0,0,0,1,0,0.0,0.0,1
veh_150,0,0,0,1,0,0.0,0.0,1
veh_151,0,0,0,1,0,0.0,0.0,1
veh_152,0,0,0,1,0,0.0,0.0,0
veh_153,0,0,0,1,0,0.0,0.0,1
veh_154,0,0,0,1,0,0.0,0.0,1
veh_155,0,0,0,1,0,0.0,0.0,1
veh_156,0,0,0,1,0,0.0,0.0,1
veh_157,0,0,0,1,0,0.0,0.0,0
veh_158,0,0,0,1,0,0.0,0.0,1
veh_159,0,0,0,1,0,0.0,0.0,1
veh_160,0,0,0,1,0,0.0,0.0,1
veh_161,0,0,0,1,0,0.0,0.0,1
veh_162,0,0,0,1,0,0.0,0.0,1
veh_163,0,0,0,1,0,0.0,0.0,1
veh_164,0,0,0,1,0,0.0,0.0,1
veh_165,0,0,0,1,0,0.0,0.0,1
veh_166,0,0,0,1,0,0.0,0.0,0
veh_167,0,0,0,1,0,0.0,0.0,1
veh_168,0,0,0,1,0,0.0,0.0,1
veh_169,0,0,0,1,0,0.0,0.0,1
veh_170,0,0,0,1,0,0.0,0.0,1
veh_171,0,0,0,1,0,0.0,0.0,1
veh_172,0,0,0,1,0,0.0,0.0,1
veh_173,0,0,0,1,0,0.0,0.0,1
veh_174,0,0,0,1,0,0.0,0.0,1
veh_175,0,0,0,1,0,0.0,0.0,1
veh_176,0,0,0,1,0,0.0,0.0,0
veh_177,0,0,0,1,0,0.0,0.0,1
veh_178,0,0,0,1,0,0.0,0.0,0
veh_179,0,0,0,1,0,0.0,0.0,0
veh_180,0,0,0,1,0,0.0,0.0,1
veh_181,0,0,0,1,0,0.0,0.0,1
veh_182,0,0,0,1,0,0.0,0.0,0
veh_183,0,0,0,1,0,0.0,0.0,1
veh_184,0,0,0,1,0,0.0,0.0,1
veh_185,0,0,0,1,0,0.0,0.0,1
veh_186,0,0,0,1,0,0.0,0.0,0
veh_187,0,0,0,1,0,0.0,0.0,1
veh_188,0,0,0,1,0,0.0,0.0,1
veh_189,0,0,0,1,0,0.0,0.0,1
veh_190,0,0,0,1,0,0.0,0.0,0
veh_191,0,0,0,1,0,0.0,0.0,1
veh_192,0,0,0,1,0,0.0,0.0,1
veh_193,0,0,0,1,0,0.0,0.0,0
veh_194,0,0,0,1,0,0.0,0.0,1
veh_195,0,0,0,1,0,0.0,0.0,1
veh_196,0,0,0,1,0,0.0,0.0,1
veh_197,0,0,0,1,0,0.0,0.0,1
veh_198,0,0,0,1,0,0.0,0.0,1
veh_199,0,0,0,1,0,0.0,0.0,1
veh_200,0,0,0,1,0,0.0,0.0,1
veh_201,0,0,0,1,0,0.0,0.0,1
veh_202,0,0,0,1,0,0.0,0.0,1
veh_203,0,0,0,1,0,0.0,0.0,1
veh_204,0,0,0,1,0,0.0,0.0,1
veh_205,0,0,0,1,0,0.0,0.0,1
veh_206,0,0,0,1,0,0.0,0.0,0
veh_207,0,0,0,1,0,0.0,0.0,1
veh_208,0,0,0,1,0,0.0,0.0,1
veh_209,0,0,0,1,0,0.0,0.0,0
veh_210,0,0,0,1,0,0.0,0.0,1
veh_211,0,0,0,1,0,0.0,0.0,1
veh_212,0,0,0,1,0,0.0,0.0,1
veh_213,0,0,0,1,0,0.0,0.0,0
veh_214,0,0,0,1,0,0.0,0.0,1
veh_215,0,0,0,1,0,0.0,0.0,1
veh_216,0,0,0,1,0,0.0,0.0,1
veh_217,0,0,0,1,0,0.0,0.0,1
veh_218,0,0,0,1,0,0.0,0.0,1
veh_219,0,0,0,1,0,0.0,0.0,1
veh_220,0,0,0,1,0,0.0,0.0,0
veh_221,0,0,0,1,0,0.0,0.0,1
veh_222,0,0,0,1,0,0.0,0.0,1
veh_223,0,0,0,1,0,0.0,0.0,1
veh_224,0,0,0,1,0,0.0,0.0,1
veh_225,0,0,0,1,0,0.0,0.0,1
veh_226,0,0,0,1,0,0.0,0.0,1
veh_227,0,0,0,1,0,0.0,0.0,1
veh_228,0,0,0,1,0,0.0,0.0,1
veh_229,0,0,0,1,0,0.0,0.0,1
veh_230,0,0,0,1,0,0.0,0.0,1
veh_231,0,0,0,1,0,0.0,0.0,1
veh_232,0,0,0,1,0,0.0,0.0,1
veh_233,0,0,0,1,0,0.0,0.0,0
veh_234,0,0,0,1,0,0.0,0.0,1
veh_235,0,0,0,1,0,0.0,0.0,1
veh_236,0,0,0,1,0,0.0,0.0,1
veh_237,0,0,0,1,0,0.0,0.0,1
veh_238,0,0,0,1,0,0.0,0.0,1
veh_239,0,0,0,1,0,0.0,0.0,1
veh_240,0,0,0,1,0,0.0,0.0,0
veh_241,0,0,0,1,0,0.0,0.0,1
veh_242,0,0,0,1,0,0.0,0.0,0
veh_243,0,0,0,1,0,0.0,0.0,1
veh_244,0,0,0,1,0,0.0,0.0,1
veh_245,0,0,0,1,0,0.0,0.0,1
veh_246,0,0,0,1,0,0.0,0.0,0
veh_247,0,0,0,1,0,0.0,0.0,1
veh_248,0,0,0,1,0,0.0,0.0,1
veh_249,0,0,0,1,0,0.0,0.0,1
veh_250,0,0,0,1,0,0.0,0.0,1
veh_251,0,0,0,1,0,0.0,0.0,1
veh_252,0,0,0,1,0,0.0,0.0,0
veh_253,0,0,0,1,0,0.0,0.0,1
veh_254,0,0,0,1,0,0.0,0.0,0
veh_255,0,0,0,1,0,0.0,0.0,1
veh_256,0,0,0,1,0,0.0,0.0,1
veh_257,0,0,0,1,0,0.0,0.0,0
veh_258,0,0,0,1,0,0.0,0.0,1
veh_259,0,0,0,1,0,0.0,0.0,1
veh_260,0,0,0,1,0,0.0,0.0,1
veh_261,0,0,0,1,0,0.0,0.0,1
veh_262,0,0,0,1,0,0.0,0.0,1
veh_263,0,0,0,1,0,0.0,0.0,1
veh_264,0,0,0,1,0,0.0,0.0,0
veh_265,0,0,0,1,0,0.0,0.0,1
veh_266,0,0,0,1,0,0.0,0.0,1
veh_267,0,0,0,1,0,0.0,0.0,0
veh_268,0,0,0,1,0,0.0,0.0,0
veh_269,0,0,0,1,0,0.0,0.0,0
veh_270,0,0,0,1,0,0.0,0.0,1
veh_271,0,0,0,1,0,0.0,0.0,1
veh_272,0,0,0,1,0,0.0,0.0,0
veh_273,0,0,0,1,0,0.0,0.0,1
veh_274,0,0,0,1,0,0.0,0.0,1
veh_275,0,0,0,1,0,0.0,0.0,1
veh_276,0,0,0,1,0,0.0,0.0,1
veh_277,0,0,0,1,0,0.0,0.0,0
veh_278,0,0,0,1,0,0.0,0.0,0
veh_279,0,0,0,1,0,0.0,0.0,1
veh_280,0,0,0,1,0,0.0,0.0,1
veh_281,0,0,0,1,0,0.0,0.0,1
veh_282,0,0,0,1,0,0.0,0.0,1
veh_283,0,0,0,1,0,0.0,0.0,1
veh_284,0,0,0,1,0,0.0,0.0,1
veh_285,0,0,0,1,0,0.0,0.0,1
veh_286,0,0,0,1,0,0.0,0.0,0
veh_287,0,0,0,1,0,0.0,0.0,1
veh_288,0,0,0,1,0,0.0,0.0,1
veh_289,0,0,0,1,0,0.0,0.0,0
veh_290,0,0,0,1,0,0.0,0.0,1
veh_291,0,0,0,1,0,0.0,0.0,1
veh_292,0,0,0,1,0,0.0,0.0,0
veh_293,0,0,0,1,0,0.0,0.0,1
veh_294,0,0,0,1,0,0.0,0.0,1
veh_295,0,0,0,1,0,0.0,0.0,1
veh_296,0,0,0,1,0,0.0,0.0,1
veh_297,0,0,0,1,0,0.0,0.0,0
veh_298,0,0,0,1,0,0.0,0.0,1
veh_299,0,0,0,1,0,0.0,0.0,1
veh_300,0,0,0,1,0,0.0,0.0,0
veh_301,0,0,0,1,0,0.0,0.0,1
veh_302,0,0,0,1,0,0.0,0.0,1
veh_303,0,0,0,1,0,0.0,0.0,0
veh_304,0,0,0,1,0,0.0,0.0,1
veh_305,0,0,0,1,0,0.0,0.0,1
veh_306,0,0,0,1,0,0.0,0.0,1
veh_307,0,0,0,1,0,0.0,0.0,0
veh_308,0,0,0,1,0,0.0,0.0,1
veh_309,0,0,0,1,0,0.0,0.0,1
veh_310,0,0,0,1,0,0.0,0.0,1
veh_311,0,0,0,1,0,0.0,0.0,1
veh_312,0,0,0,1,0,0.0,0.0,0
veh_313,0,0,0,1,0,0.0,0.0,1
veh_314,0,0,0,1,0,0.0,0.0,0
veh_315,0,0,0,1,0,0.0,0.0,0
veh_316,0,0,0,1,0,0.0,0.0,1
veh_317,0,0,0,1,0,0.0,0.0,1
veh_318,0,0,0,1,0,0.0,0.0,1
veh_319,0,0,0,1,0,0.0,0.0,1
veh_320,0,0,0,1,0,0.0,0.0,0
veh_321,0,0,0,1,0,0.0,0.0,1
veh_322,0,0,0,1,0,0.0,0.0,0
veh_323,0,0,0,1,0,0.0,0.0,1
veh_324,0,0,0,1,0,0.0,0.0,0
veh_325,0,0,0,1,0,0.0,0.0,1
veh_326,0,0,0,1,0,0.0,0.0,1
veh_327,0,0,0,1,0,0.0,0.0,1
veh_328,0,0,0,1,0,0.0,0.0,1
veh_329,0,0,0,1,0,0.0,0.0,1
veh_330,0,0,0,1,0,0.0,0.0,1
veh_331,0,0,0,1,0,0.0,0.0,1
veh_332,0,0,0,1,0,0.0,0.0,0
veh_333,0,0,0,1,0,0.0,0.0,1
veh_334,0,0,0,1,0,0.0,0.0,1
veh_335,0,0,0,1,0,0.0,0.0,1
veh_336,0,0,0,1,0,0.0,0.0,1
veh_337,0,0,0,1,0,0.0,0.0,1
veh_338,0,0,0,1,0,0.0,0.0,1
veh_339,0,0,0,1,0,0.0,0.0,1
veh_340,0,0,0,1,0,0.0,0.0,0
veh_341,0,0,0,1,0,0.0,0.0,0
veh_342,0,0,0,1,0,0.0,0.0,0
veh_343,0,0,0,1,0,0.0,0.0,1
veh_344,0,0,0,1,0,0.0,0.0,1
veh_345,0,0,0,1,0,0.0,0.0,1
veh_346,0,0,0,1,0,0.0,0.0,1
veh_347,0,0,0,1,0,0.0,0.0,1
veh_348,0,0,0,1,0,0.0,0.0,1
veh_349,0,0,0,1,0,0.0,0.0,1
veh_350,0,0,0,1,0,0.0,0.0,1
veh_351,0,0,0,1,0,0.0,0.0,1
veh_352,0,0,0,1,0,0.0,0.0,1
veh_353,0,0,0,1,0,0.0,0.0,0
veh_354,0,0,0,1,0,0.0,0.0,1
veh_355,0,0,0,1,0,0.0,0.0,1
veh_356,0,0,0,1,0,0.0,0.0,0
veh_357,0,0,0,1,0,0.0,0.0,1
veh_358,0,0,0,1,0,0.0,0.0,0
veh_359,0,0,0,1,0,0.0,0.0,1
veh_360,0,0,0,1,0,0.0,0.0,1
veh_361,0,0,0,1,0,0.0,0.0,1
veh_362,0,0,0,1,0,0.0,0.0,1
veh_363,0,0,0,1,0,0.0,0.0,1
veh_364,0,0,0,1,0,0.0,0.0,1
veh_365,0,0,0,1,0,0.0,0.0,1
veh_366,0,0,0,1,0,0.0,0.0,1
veh_367,0,0,0,1,0,0.0,0.0,1
veh_368,0,0,0,1,0,0.0,0.0,0
veh_369,0,0,0,1,0,0.0,0.0,1
veh_370,0,0,0,1,0,0.0,0.0,1
veh_371,0,0,0,1,0,0.0,0.0,1
veh_372,0,0,0,1,0,0.0,0.0,1
veh_373,0,0,0,1,0,0.0,0.0,1
veh_374,0,0,0,1,0,0.0,0.0,1
veh_375,0,0,0,1,0,0.0,0.0,1
veh_376,0,0,0,1,0,0.0,0.0,0
veh_377,0,0,0,1,0,0.0,0.0,0
veh_378,0,0,0,1,0,0.0,0.0,1
veh_379,0,0,0,1,0,0.0,0.0,0
veh_380,0,0,0,1,0,0.0,0.0,1
veh_381,0,0,0,1,0,0.0,0.0,1
veh_382,0,0,0,1,0,0.0,0.0,1
veh_383,0,0,0,1,0,0.0,0.0,1
veh_384,0,0,0,1,0,0.0,0.0,1
veh_385,0,0,0,1,0,0.0,0.0,1
veh_386,0,0,0,1,0,0.0,0.0,0
veh_387,0,0,0,1,0,0.0,0.0,1
veh_388,0,0,0,1,0,0.0,0.0,1
veh_389,0,0,0,1,0,0.0,0.0,1
veh_390,0,0,0,1,0,0.0,0.0,1
veh_391,0,0,0,1,0,0.0,0.0,1
veh_392,0,0,0,1,0,0.0,0.0,1
veh_393,0,0,0,1,0,0.0,0.0,0
veh_394,0,0,0,1,0,0.0,0.0,0
veh_395,0,0,0,1,0,0.0,0.0,1
veh_396,0,0,0,1,0,0.0,0.0,1
veh_397,0,0,0,1,0,0.0,0.0,1
veh_398,0,0,0,1,0,0.0,0.0,1
veh_399,0,0,0,1,0,0.0,0.0,1
veh_400,0,0,0,1,0,0.0,0.0,0
veh_401,0,0,0,1,0,0.0,0.0,0
veh_402,0,0,0,1,0,0.0,0.0,1
veh_403,0,0,0,1,0,0.0,0.0,1
veh_404,0,0,0,1,0,0.0,0.0,1
veh_405,0,0,0,1,0,0.0,0.0,1
veh_406,0,0,0,1,0,0.0,0.0,0
veh_407,0,0,0,1,0,0.0,0.0,1
veh_408,0,0,0,1,0,0.0,0.0,0
veh_409,0,0,0,1,0,0.0,0.0,1
veh_410,0,0,0,1,0,0.0,0.0,1
veh_411,0,0,0,1,0,0.0,0.0,1
veh_412,0,0,0,1,0,0.0,0.0,0
veh_413,0,0,0,1,0,0.0,0.0,0
veh_414,0,0,0,1,0,0.0,0.0,1
veh_415,0,0,0,1,0,0.0,0.0,0
veh_416,0,0,0,1,0,0.0,0.0,1
veh_417,0,0,0,1,0,0.0,0.0,1
veh_418,0,0,0,1,0,0.0,0.0,1
veh_419,0,0,0,1,0,0.0,0.0,0
veh_420,0,0,0,1,0,0.0,0.0,1
veh_421,0,0,0,1,0,0.0,0.0,1
veh_422,0,0,0,1,0,0.0,0.0,0
veh_423,0,0,0,1,0,0.0,0.0,1
veh_424,0,0,0,1,0,0.0,0.0,0
veh_425,0,0,0,1,0,0.0,0.0,1
veh_426,0,0,0,1,0,0.0,0.0,0
veh_427,0,0,0,1,0,0.0,0.0,1
veh_428,0,0,0,1,0,0.0,0.0,1
veh_429,0,0,0,1,0,0.0,0.0,1
veh_430,0,0,0,1,0,0.0,0.0,1
veh_431,0,0,0,1,0,0.0,0.0,1
veh_432,0,0,0,1,0,0.0,0.0,1
veh_433,0,0,0,1,0,0.0,0.0,1
veh_434,0,0,0,1,0,0.0,0.0,1
veh_435,0,0,0,1,0,0.0,0.0,1
veh_436,0,0,0,1,0,0.0,0.0,1
veh_437,0,0,0,1,0,0.0,0.0,1
veh_438,0,0,0,1,0,0.0,0.0,1
veh_439,0,0,0,1,0,0.0,0.0,1
veh_440,0,0,0,1,0,0.0,0.0,1
veh_441,0,0,0,1,0,0.0,0.0,1
veh_442,0,0,0,1,0,0.0,0.0,0
veh_443,0,0,0,1,0,0.0,0.0,1
veh_444,0,0,0,1,0,0.0,0.0,1
veh_445,0,0,0,1,0,0.0,0.0,0
veh_446,0,0,0,1,0,0.0,0.0,1
veh_447,0,0,0,1,0,0.0,0.0,1
veh_448,0,0,0,1,0,0.0,0.0,1
veh_449,0,0,0,1,0,0.0,0.0,0
veh_450,0,0,0,1,0,0.0,0.0,1
veh_451,0,0,0,1,0,0.0,0.0,1
veh_452,0,0,0,1,0,0.0,0.0,0
veh_453,0,0,0,1,0,0.0,0.0,1
veh_454,0,0,0,1,0,0.0,0.0,1
veh_455,0,0,0,1,0,0.0,0.0,1
veh_456,0,0,0,1,0,0.0,0.0,0
veh_457,0,0,0,1,0,0.0,0.0,1
veh_458,0,0,0,1,0,0.0,0.0,1
veh_459,0,0,0,1,0,0.0,0.0,1
veh_460,0,0,0,1,0,0.0,0.0,1
veh_461,0,0,0,1,0,0.0,0.0,1
veh_462,0,0,0,1,0,0.0,0.0,1
veh_463,0,0,0,1,0,0.0,0.0,0
veh_464,0,0,0,1,0,0.0,0.0,0
veh_465,0,0,0,1,0,0.0,0.0,0
veh_466,0,0,0,1,0,0.0,0.0,1
veh_467,0,0,0,1,0,0.0,0.0,1
veh_468,0,0,0,1,0,0.0,0.0,1
veh_469,0,0,0,1,0,0.0,0.0,0
veh_470,0,0,0,1,0,0.0,0.0,0
veh_471,0,0,0,1,0,0.0,0.0,1
veh_472,0,0,0,1,0,0.0,0.0,1
veh_473,0,0,0,1,0,0.0,0.0,1
veh_474,0,0,0,1,0,0.0,0.0,1
veh_475,0,0,0,1,0,0.0,0.0,1
veh_476,0,0,0,1,0,0.0,0.0,1
veh_477,0,0,0,1,0,0.0,0.0,1
veh_478,0,0,0,1,0,0.0,0.0,1
veh_479,0,0,0,1,0,0.0,0.0,1
veh_480,0,0,0,1,0,0.0,0.0,0
veh_481,0,0,0,1,0,0.0,0.0,1
veh_482,0,0,0,1,0,0.0,0.0,1
veh_483,0,0,0,1,0,0.0,0.0,0
veh_484,0,0,0,1,0,0.0,0.0,0
veh_485,0,0,0,1,0,0.0,0.0,1
veh_486,0,0,0,1,0,0.0,0.0,1
veh_487,0,0,0,1,0,0.0,0.0,1
veh_488,0,0,0,1,0,0.0,0.0,1
veh_489,0,0,0,1,0,0.0,0.0,1
veh_490,0,0,0,1,0,0.0,0.0,1
veh_491,0,0,0,1,0,0.0,0.0,1
veh_492,0,0,0,1,0,0.0,0.0,1
veh_493,0,0,0,1,0,0.0,0.0,1
veh_494,0,0,0,1,0,0.0,0.0,1
veh_495,0,0,0,1,0,0.0,0.0,1
veh_496,0,0,0,1,0,0.0,0.0,1
veh_497,0,0,0,1,0,0.0,0.0,1
veh_498,0,0,0,1,0,0.0,0.0,1
veh_499,0,0,0,1,0,0.0,0.0,1
veh_500,0,0,0,1,0,0.0,0.0,1
veh_501,0,0,0,1,0,0.0,0.0,1
veh_502,0,0,0,1,0,0.0,0.0,1
veh_503,0,0,0,1,0,0.0,0.0,1
veh_504,0,0,0,1,0,0.0,0.0,1
veh_505,0,0,0,1,0,0.0,0.0,1
veh_506,0,0,0,1,0,0.0,0.0,1
veh_507,0,0,0,1,0,0.0,0.0,1
veh_508,0,0,0,1,0,0.0,0.0,1
veh_509,0,0,0,1,0,0.0,0.0,1
veh_510,0,0,0,1,0,0.0,0.0,1
veh_511,0,0,0,1,0,0.0,0.0,0
veh_512,0,0,0,1,0,0.0,0.0,0
veh_513,0,0,0,1,0,0.0,0.0,1
veh_514,0,0,0,1,0,0.0,0.0,0
veh_515,0,0,0,1,0,0.0,0.0,1
veh_516,0,0,0,1,0,0.0,0.0,0
veh_517,0,0,0,1,0,0.0,0.0,1
veh_518,0,0,0,1,0,0.0,0.0,1
veh_519,0,0,0,1,0,0.0,0.0,1
veh_520,0,0,0,1,0,0.0,0.0,1
veh_521,0,0,0,1,0,0.0,0.0,0
veh_522,0,0,0,1,0,0.0,0.0,1
veh_523,0,0,0,1,0,0.0,0.0,1
veh_524,0,0,0,1,0,0.0,0.0,0
veh_525,0,0,0,1,0,0.0,0.0,0
veh_526,0,0,0,1,0,0.0,0.0,0
veh_527,0,0,0,1,0,0.0,0.0,1
veh_528,0,0,0,1,0,0.0,0.0,0
veh_529,0,0,0,1,0,0.0,0.0,1
veh_530,0,0,0,1,0,0.0,0.0,1
veh_531,0,0,0,1,0,0.0,0.0,1
veh_532,0,0,0,1,0,0.0,0.0,1
veh_533,0,0,0,1,0,0.0,0.0,1
veh_534,0,0,0,1,0,0.0,0.0,1
veh_535,0,0,0,1,0,0.0,0.0,1
veh_536,0,0,0,1,0,0.0,0.0,1
veh_537,0,0,0,1,0,0.0,0.0,1
veh_538,0,0,0,1,0,0.0,0.0,0
veh_539,0,0,0,1,0,0.0,0.0,1
veh_540,0,0,0,1,0,0.0,0.0,1
veh_541,0,0,0,1,0,0.0,0.0,1
veh_542,0,0,0,1,0,0.0,0.0,1
veh_543,0,0,0,1,0,0.0,0.0,1
veh_544,0,0,0,1,0,0.0,0.0,1
veh_545,0,0,0,1,0,0.0,0.0,1
veh_546,0,0,0,1,0,0.0,0.0,1
veh_547,0,0,0,1,0,0.0,0.0,0
veh_548,0,0,0,1,0,0.0,0.0,1
veh_549,0,0,0,1,0,0.0,0.0,1
veh_550,0,0,0,1,0,0.0,0.0,1
veh_551,0,0,0,1,0,0.0,0.0,1
veh_552,0,0,0,1,0,0.0,0.0,1
veh_553,0,0,0,1,0,0.0,0.0,0
veh_554,0,0,0,1,0,0.0,0.0,1
veh_555,0,0,0,1,0,0.0,0.0,1
veh_556,0,0,0,1,0,0.0,0.0,1
veh_557,0,0,0,1,0,0.0,0.0,0
veh_558,0,0,0,1,0,0.0,0.0,1
veh_559,0,0,0,1,0,0.0,0.0,0
veh_560,0,0,0,1,0,0.0,0.0,1
veh_561,0,0,0,1,0,0.0,0.0,1
veh_562,0,0,0,1,0,0.0,0.0,1
veh_563,0,0,0,1,0,0.0,0.0,1
veh_564,0,0,0,1,0,0.0,0.0,1
veh_565,0,0,0,1,0,0.0,0.0,0
veh_566,0,0,0,1,0,0.0,0.0,1
veh_567,0,0,0,1,0,0.0,0.0,1
veh_568,0,0,0,1,0,0.0,0.0,1
veh_569,0,0,0,1,0,0.0,0.0,1
veh_570,0,0,0,1,0,0.0,0.0,1
veh_571,0,0,0,1,0,0.0,0.0,1
veh_572,0,0,0,1,0,0.0,0.0,1
veh_573,0,0,0,1,0,0.0,0.0,0
veh_574,0,0,0,1,0,0.0,0.0,1
veh_575,0,0,0,1,0,0.0,0.0,1
veh_576,0,0,0,1,0,0.0,0.0,1
veh_577,0,0,0,1,0,0.0,0.0,1
veh_578,0,0,0,1,0,0.0,0.0,1
veh_579,0,0,0,1,0,0.0,0.0,0
veh_580,0,0,0,1,0,0.0,0.0,0
veh_581,0,0,0,1,0,0.0,0.0,1
veh_582,0,0,0,1,0,0.0,0.0,1
veh_583,0,0,0,1,0,0.0,0.0,1
veh_584,0,0,0,1,0,0.0,0.0,1
veh_585,0,0,0,1,0,0.0,0.0,1
veh_586,0,0,0,1,0,0.0,0.0,1
veh_587,0,0,0,1,0,0.0,0.0,1
veh_588,0,0,0,1,0,0.0,0.0,1
veh_589,0,0,0,1,0,0.0,0.0,1
veh_590,0,0,0,1,0,0.0,0.0,1
veh_591,0,0,0,1,0,0.0,0.0,1
veh_592,0,0,0,1,0,0.0,0.0,0
veh_593,0,0,0,1,0,0.0,0.0,1
veh_594,0,0,0,1,0,0.0,0.0,1
veh_595,0,0,0,1,0,0.0,0.0,1
veh_596,0,0,0,1,0,0.0,0.0,0
veh_597,0,0,0,1,0,0.0,0.0,0
veh_598,0,0,0,1,0,0.0,0.0,1
veh_599,0,0,0,1,0,0.0,0.0,1
veh_600,0,0,0,1,0,0.0,0.0,1
veh_601,0,0,0,1,0,0.0,0.0,1
veh_602,0,0,0,1,0,0.0,0.0,1
veh_603,0,0,0,1,0,0.0,0.0,1
veh_604,0,0,0,1,0,0.0,0.0,1
veh_605,0,0,0,1,0,0.0,0.0,1
veh_606,0,0,0,1,0,0.0,0.0,1
veh_607,0,0,0,1,0,0.0,0.0,1
veh_608,0,0,0,1,0,0.0,0.0,1
veh_609,0,0,0,1,0,0.0,0.0,1
veh_610,0,0,0,1,0,0.0,0.0,0
veh_611,0,0,0,1,0,0.0,0.0,0
veh_612,0,0,0,1,0,0.0,0.0,1
veh_613,0,0,0,1,0,0.0,0.0,1
veh_614,0,0,0,1,0,0.0,0.0,1
veh_615,0,0,0,1,0,0.0,0.0,1
veh_616,0,0,0,1,0,0.0,0.0,0
veh_617,0,0,0,1,0,0.0,0.0,1
veh_618,0,0,0,1,0,0.0,0.0,1
veh_619,0,0,0,1,0,0.0,0.0,0
veh_620,0,0,0,1,0,0.0,0.0,1
veh_621,0,0,0,1,0,0.0,0.0,1
veh_622,0,0,0,1,0,0.0,0.0,1
veh_623,0,0,0,1,0,0.0,0.0,1
veh_624,0,0,0,1,0,0.0,0.0,1
veh_625,0,0,0,1,0,0.0,0.0,1
veh_626,0,0,0,1,0,0.0,0.0,1
veh_627,0,0,0,1,0,0.0,0.0,1
veh_628,0,0,0,1,0,0.0,0.0,1
veh_629,0,0,0,1,0,0.0,0.0,1
veh_630,0,0,0,1,0,0.0,0.0,1
veh_631,0,0,0,1,0,0.0,0.0,1
veh_632,0,0,0,1,0,0.0,0.0,1
veh_633,0,0,0,1,0,0.0,0.0,1
veh_634,0,0,0,1,0,0.0,0.0,1
veh_635,0,0,0,1,0,0.0,0.0,0
veh_636,0,0,0,1,0,0.0,0.0,0
veh_637,0,0,0,1,0,0.0,0.0,0
veh_638,0,0,0,1,0,0.0,0.0,0
veh_639,0,0,0,1,0,0.0,0.0,1
veh_640,0,0,0,1,0,0.0,0.0,1
veh_641,0,0,0,1,0,0.0,0.0,1
veh_642,0,0,0,1,0,0.0,0.0,0
veh_643,0,0,0,1,0,0.0,0.0,1
veh_644,0,0,0,1,0,0.0,0.0,1
veh_645,0,0,0,1,0,0.0,0.0,0
veh_646,0,0,0,1,0,0.0,0.0,1
veh_647,0,0,0,1,0,0.0,0.0,1
veh_648,0,0,0,1,0,0.0,0.0,1
veh_649,0,0,0,1,0,0.0,0.0,1
veh_650,0,0,0,1,0,0.0,0.0,1
veh_651,0,0,0,1,0,0.0,0.0,0
veh_652,0,0,0,1,0,0.0,0.0,1
veh_653,0,0,0,1,0,0.0,0.0,0
veh_654,0,0,0,1,0,0.0,0.0,1
veh_655,0,0,0,1,0,0.0,0.0,1
veh_656,0,0,0,1,0,0.0,0.0,1
veh_657,0,0,0,1,0,0.0,0.0,0
veh_658,0,0,0,1,0,0.0,0.0,1
veh_659,0,0,0,1,0,0.0,0.0,0
veh_660,0,0,0,1,0,0.0,0.0,1
veh_661,0,0,0,1,0,0.0,0.0,1
veh_662,0,0,0,1,0,0.0,0.0,1
veh_663,0,0,0,1,0,0.0,0.0,1
veh_664,0,0,0,1,0,0.0,0.0,1
veh_665,0,0,0,1,0,0.0,0.0,1
veh_666,0,0,0,1,0,0.0,0.0,0
veh_667,0,0,0,1,0,0.0,0.0,0
veh_668,0,0,0,1,0,0.0,0.0,1
veh_669,0,0,0,1,0,0.0,0.0,1
veh_670,0,0,0,1,0,0.0,0.0,1
veh_671,0,0,0,1,0,0.0,0.0,1
veh_672,0,0,0,1,0,0.0,0.0,1
veh_673,0,0,0,1,0,0.0,0.0,1
veh_674,0,0,0,1,0,0.0,0.0,1
veh_675,0,0,0,1,0,0.0,0.0,1
veh_676,0,0,0,1,0,0.0,0.0,0
veh_677,0,0,0,1,0,0.0,0.0,0
veh_678,0,0,0,1,0,0.0,0.0,0
veh_679,0,0,0,1,0,0.0,0.0,1
veh_680,0,0,0,1,0,0.0,0.0,1
veh_681,0,0,0,1,0,0.0,0.0,1
veh_682,0,0,0,1,0,0.0,0.0,1
veh_683,0,0,0,1,0,0.0,0.0,1
veh_684,0,0,0,1,0,0.0,0.0,0
veh_685,0,0,0,1,0,0.0,0.0,1
veh_686,0,0,0,1,0,0.0,0.0,1
veh_687,0,0,0,1,0,0.0,0.0,1
veh_688,0,0,0,1,0,0.0,0.0,1
veh_689,0,0,0,1,0,0.0,0.0,1
veh_690,0,0,0,1,0,0.0,0.0,1
veh_691,0,0,0,1,0,0.0,0.0,1
veh_692,0,0,0,1,0,0.0,0.0,1
veh_693,0,0,0,1,0,0.0,0.0,1
veh_694,0,0,0,1,0,0.0,0.0,1
veh_695,0,0,0,1,0,0.0,0.0,1
veh_696,0,0,0,1,0,0.0,0.0,0
veh_697,0,0,0,1,0,0.0,0.0,1
veh_698,0,0,0,1,0,0.0,0.0,1
veh_699,0,0,0,1,0,0.0,0.0,1
veh_700,0,0,0,1,0,0.0,0.0,1
veh_701,0,0,0,1,0,0.0,0.0,0
veh_702,0,0,0,1,0,0.0,0.0,1
veh_703,0,0,0,1,0,0.0,0.0,1
veh_704,0,0,0,1,0,0.0,0.0,1
veh_705,0,0,0,1,0,0.0,0.0,1
veh_706,0,0,0,1,0,0.0,0.0,1
veh_707,0,0,0,1,0,0.0,0.0,1
veh_708,0,0,0,1,0,0.0,0.0,1
veh_709,0,0,0,1,0,0.0,0.0,1
veh_710,0,0,0,1,0,0.0,0.0,0
veh_711,0,0,0,1,0,0.0,0.0,1
veh_712,0,0,0,1,0,0.0,0.0,1
veh_713,0,0,0,1,0,0.0,0.0,1
veh_714,0,0,0,1,0,0.0,0.0,1
veh_715,0,0,0,1,0,0.0,0.0,0
veh_716,0,0,0,1,0,0.0,0.0,1
veh_717,0,0,0,1,0,0.0,0.0,1
veh_718,0,0,0,1,0,0.0,0.0,1
veh_719,0,0,0,1,0,0.0,0.0,1
veh_720,0,0,0,1,0,0.0,0.0,1
veh_721,0,0,0,1,0,0.0,0.0,1
veh_722,0,0,0,1,0,0.0,0.0,0
veh_723,0,0,0,1,0,0.0,0.0,1
veh_724,0,0,0,1,0,0.0,0.0,1
veh_725,0,0,0,1,0,0.0,0.0,1
veh_726,0,0,0,1,0,0.0,0.0,1
veh_727,0,0,0,1,0,0.0,0.0,1
veh_728,0,0,0,1,0,0.0,0.0,0
veh_729,0,0,0,1,0,0.0,0.0,1
veh_730,0,0,0,1,0,0.0,0.0,1
veh_731,0,0,0,1,0,0.0,0.0,1
veh_732,0,0,0,1,0,0.0,0.0,1
veh_733,0,0,0,1,0,0.0,0.0,1
veh_734,0,0,0,1,0,0.0,0.0,1
veh_735,0,0,0,1,0,0.0,0.0,1
veh_736,0,0,0,1,0,0.0,0.0,1
veh_737,0,0,0,1,0,0.0,0.0,1
veh_738,0,0,0,1,0,0.0,0.0,1
veh_739,0,0,0,1,0,0.0,0.0,1
veh_740,0,0,0,1,0,0.0,0.0,0
veh_741,0,0,0,1,0,0.0,0.0,1
veh_742,0,0,0,1,0,0.0,0.0,1
veh_743,0,0,0,1,0,0.0,0.0,1
veh_744,0,0,0,1,0,0.0,0.0,1
veh_745,0,0,0,1,0,0.0,0.0,1
veh_746,0,0,0,1,0,0.0,0.0,1
veh_747,0,0,0,1,0,0.0,0.0,1
veh_748,0,0,0,1,0,0.0,0.0,1
veh_749,0,0,0,1,0,0.0,0.0,1
veh_750,0,0,0,1,0,0.0,0.0,1
veh_751,0,0,0,1,0,0.0,0.0,1
veh_752,0,0,0,1,0,0.0,0.0,1
veh_753,0,0,0,1,0,0.0,0.0,1
veh_754,0,0,0,1,0,0.0,0.0,1
veh_755,0,0,0,1,0,0.0,0.0,1
veh_756,0,0,0,1,0,0.0,0.0,1
veh_757,0,0,0,1,0,0.0,0.0,1
veh_758,0,0,0,1,0,0.0,0.0,0
veh_759,0,0,0,1,0,0.0,0.0,1
veh_760,0,0,0,1,0,0.0,0.0,1
veh_761,0,0,0,1,0,0.0,0.0,1
veh_762,0,0,0,1,0,0.0,0.0,1
veh_763,0,0,0,1,0,0.0,0.0,0
veh_764,0,0,0,1,0,0.0,0.0,1
veh_765,0,0,0,1,0,0.0,0.0,1
veh_766,0,0,0,1,0,0.0,0.0,1
veh_767,0,0,0,1,0,0.0,0.0,1
veh_768,0,0,0,1,0,0.0,0.0,1
veh_769,0,0,0,1,0,0.0,0.0,1
veh_770,0,0,0,1,0,0.0,0.0,1
veh_771,0,0,0,1,0,0.0,0.0,1
veh_772,0,0,0,1,0,0.0,0.0,1
veh_773,0,0,0,1,0,0.0,0.0,1
veh_774,0,0,0,1,0,0.0,0.0,1
veh_775,0,0,0,1,0,0.0,0.0,1
veh_776,0,0,0,1,0,0.0,0.0,1
veh_777,0,0,0,1,0,0.0,0.0,0
veh_778,0,0,0,1,0,0.0,0.0,1
veh_779,0,0,0,1,0,0.0,0.0,1
veh_780,0,0,0,1,0,0.0,0.0,1
veh_781,0,0,0,1,0,0.0,0.0,1
veh_782,0,0,0,1,0,0.0,0.0,1
veh_783,0,0,0,1,0,0.0,0.0,1
veh_784,0,0,0,1,0,0.0,0.0,1
veh_785,0,0,0,1,0,0.0,0.0,1
veh_786,0,0,0,1,0,0.0,0.0,1
veh_787,0,0,0,1,0,0.0,0.0,1
veh_788,0,0,0,1,0,0.0,0.0,1
veh_789,0,0,0,1,0,0.0,0.0,1
veh_790,0,0,0,1,0,0.0,0.0,1
veh_791,0,0,0,1,0,0.0,0.0,1
veh_792,0,0,0,1,0,0.0,0.0,1
veh_793,0,0,0,1,0,0.0,0.0,1
veh_794,0,0,0,1,0,0.0,0.0,0
veh_795,0,0,0,1,0,0.0,0.0,0
veh_796,0,0,0,1,0,0.0,0.0,1
veh_797,0,0,0,1,0,0.0,0.0,0
veh_798,0,0,0,1,0,0.0,0.0,1
veh_799,0,0,0,1,0,0.0,0.0,1
veh_800,0,0,0,1,0,0.0,0.0,0
veh_801,0,0,0,1,0,0.0,0.0,1
veh_802,0,0,0,1,0,0.0,0.0,0
veh_803,0,0,0,1,0,0.0,0.0,1
veh_804,0,0,0,1,0,0.0,0.0,1
veh_805,0,0,0,1,0,0.0,0.0,0
veh_806,0,0,0,1,0,0.0,0.0,1
veh_807,0,0,0,1,0,0.0,0.0,1
veh_808,0,0,0,1,0,0.0,0.0,1
veh_809,0,0,0,1,0,0.0,0.0,1
veh_810,0,0,0,1,0,0.0,0.0,1
veh_811,0,0,0,1,0,0.0,0.0,0
veh_812,0,0,0,1,0,0.0,0.0,1
veh_813,0,0,0,1,0,0.0,0.0,1
veh_814,0,0,0,1,0,0.0,0.0,0
veh_815,0,0,0,1,0,0.0,0.0,1
veh_816,0,0,0,1,0,0.0,0.0,1
veh_817,0,0,0,1,0,0.0,0.0,1
veh_818,0,0,0,1,0,0.0,0.0,1
veh_819,0,0,0,1,0,0.0,0.0,1
veh_820,0,0,0,1,0,0.0,0.0,1
veh_821,0,0,0,1,0,0.0,0.0,1
veh_822,0,0,0,1,0,0.0,0.0,1
veh_823,0,0,0,1,0,0.0,0.0,1
veh_824,0,0,0,1,0,0.0,0.0,1
veh_825,0,0,0,1,0,0.0,0.0,1
veh_826,0,0,0,1,0,0.0,0.0,1
veh_827,0,0,0,1,0,0.0,0.0,1
veh_828,0,0,0,1,0,0.0,0.0,1
veh_829,0,0,0,1,0,0.0,0.0,1
veh_830,0,0,0,1,0,0.0,0.0,1
veh_831,0,0,0,1,0,0.0,0.0,1
veh_832,0,0,0,1,0,0.0,0.0,1
veh_833,0,0,0,1,0,0.0,0.0,0
veh_834,0,0,0,1,0,0.0,0.0,1
veh_835,0,0,0,1,0,0.0,0.0,1
veh_836,0,0,0,1,0,0.0,0.0,1
veh_837,0,0,0,1,0,0.0,0.0,1
veh_838,0,0,0,1,0,0.0,0.0,1
veh_839,0,0,0,1,0,0.0,0.0,1
veh_840,0,0,0,1,0,0.0,0.0,1
veh_841,0,0,0,1,0,0.0,0.0,0
veh_842,0,0,0,1,0,0.0,0.0,1
veh_843,0,0,0,1,0,0.0,0.0,1
veh_844,0,0,0,1,0,0.0,0.0,0
veh_845,0,0,0,1,0,0.0,0.0,1
veh_846,0,0,0,1,0,0.0,0.0,1
veh_847,0,0,0,1,0,0.0,0.0,1
veh_848,0,0,0,1,0,0.0,0.0,1
veh_849,0,0,0,1,0,0.0,0.0,1
veh_850,0,0,0,1,0,0.0,0.0,1
veh_851,0,0,0,1,0,0.0,0.0,1
veh_852,0,0,0,1,0,0.0,0.0,1
veh_853,0,0,0,1,0,0.0,0.0,1
veh_854,0,0,0,1,0,0.0,0.0,0
veh_855,0,0,0,1,0,0.0,0.0,1
veh_856,0,0,0,1,0,0.0,0.0,1
veh_857,0,0,0,1,0,0.0,0.0,1
veh_858,0,0,0,1,0,0.0,0.0,0
veh_859,0,0,0,1,0,0.0,0.0,1
veh_860,0,0,0,1,0,0.0,0.0,0
veh_861,0,0,0,1,0,0.0,0.0,1
veh_862,0,0,0,1,0,0.0,0.0,1
veh_863,0,0,0,1,0,0.0,0.0,1
veh_864,0,0,0,1,0,0.0,0.0,0
veh_865,0,0,0,1,0,0.0,0.0,1
veh_866,0,0,0,1,0,0.0,0.0,1
veh_867,0,0,0,1,0,0.0,0.0,1
veh_868,0,0,0,1,0,0.0,0.0,1
veh_869,0,0,0,1,0,0.0,0.0,1
veh_870,0,0,0,1,0,0.0,0.0,1
veh_871,0,0,0,1,0,0.0,0.0,1
veh_872,0,0,0,1,0,0.0,0.0,1
veh_873,0,0,0,1,0,0.0,0.0,0
veh_874,0,0,0,1,0,0.0,0.0,0
veh_875,0,0,0,1,0,0.0,0.0,1
veh_876,0,0,0,1,0,0.0,0.0,1
veh_877,0,0,0,1,0,0.0,0.0,1
veh_878,0,0,0,1,0,0.0,0.0,0
veh_879,0,0,0,1,0,0.0,0.0,1
veh_880,0,0,0,1,0,0.0,0.0,1
veh_881,0,0,0,1,0,0.0,0.0,1
veh_882,0,0,0,1,0,0.0,0.0,1
veh_883,0,0,0,1,0,0.0,0.0,1
veh_884,0,0,0,1,0,0.0,0.0,1
veh_885,0,0,0,1,0,0.0,0.0,0
veh_886,0,0,0,1,0,0.0,0.0,1
veh_887,0,0,0,1,0,0.0,0.0,0
veh_888,0,0,0,1,0,0.0,0.0,1
veh_889,0,0,0,1,0,0.0,0.0,1
veh_890,0,0,0,1,0,0.0,0.0,1
veh_891,0,0,0,1,0,0.0,0.0,1
veh_892,0,0,0,1,0,0.0,0.0,1
veh_893,0,0,0,1,0,0.0,0.0,1
veh_894,0,0,0,1,0,0.0,0.0,1
veh_895,0,0,0,1,0,0.0,0.0,1
veh_896,0,0,0,1,0,0.0,0.0,1
veh_897,0,0,0,1,0,0.0,0.0,1
veh_898,0,0,0,1,0,0.0,0.0,0
veh_899,0,0,0,1,0,0.0,0.0,1
veh_900,0,0,0,1,0,0.0,0.0,1
veh_901,0,0,0,1,0,0.0,0.0,1
veh_902,0,0,0,1,0,0.0,0.0,1
veh_903,0,0,0,1,0,0.0,0.0,1
veh_904,0,0,0,1,0,0.0,0.0,1
veh_905,0,0,0,1,0,0.0,0.0,1
veh_906,0,0,0,1,0,0.0,0.0,1
veh_907,0,0,0,1,0,0.0,0.0,1
veh_908,0,0,0,1,0,0.0,0.0,1
veh_909,0,0,0,1,0,0.0,0.0,1
veh_910,0,0,0,1,0,0.0,0.0,1
veh_911,0,0,0,1,0,0.0,0.0,1
veh_912,0,0,0,1,0,0.0,0.0,1
veh_913,0,0,0,1,0,0.0,0.0,1
veh_914,0,0,0,1,0,0.0,0.0,1
veh_915,0,0,0,1,0,0.0,0.0,0
veh_916,0,0,0,1,0,0.0,0.0,1
veh_917,0,0,0,1,0,0.0,0.0,1
veh_918,0,0,0,1,0,0.0,0.0,1
veh_919,0,0,0,1,0,0.0,0.0,1
veh_920,0,0,0,1,0,0.0,0.0,1
veh_921,0,0,0,1,0,0.0,0.0,1
veh_922,0,0,0,1,0,0.0,0.0,0
veh_923,0,0,0,1,0,0.0,0.0,1
veh_924,0,0,0,1,0,0.0,0.0,1
veh_925,0,0,0,1,0,0.0,0.0,0
veh_926,0,0,0,1,0,0.0,0.0,0
veh_927,0,0,0,1,0,0.0,0.0,1
veh_928,0,0,0,1,0,0.0,0.0,1
veh_929,0,0,0,1,0,0.0,0.0,0
veh_930,0,0,0,1,0,0.0,0.0,1
veh_931,0,0,0,1,0,0.0,0.0,1
veh_932,0,0,0,1,0,0.0,0.0,1
veh_933,0,0,0,1,0,0.0,0.0,1
veh_934,0,0,0,1,0,0.0,0.0,1
veh_935,0,0,0,1,0,0.0,0.0,1
veh_936,0,0,0,1,0,0.0,0.0,1
veh_937,0,0,0,1,0,0.0,0.0,0
veh_938,0,0,0,1,0,0.0,0.0,1
veh_939,0,0,0,1,0,0.0,0.0,0
veh_940,0,0,0,1,0,0.0,0.0,1
veh_941,0,0,0,1,0,0.0,0.0,1
veh_942,0,0,0,1,0,0.0,0.0,0
veh_943,0,0,0,1,0,0.0,0.0,1
veh_944,0,0,0,1,0,0.0,0.0,1
veh_945,0,0,0,1,0,0.0,0.0,1
veh_946,0,0,0,1,0,0.0,0.0,0
veh_947,0,0,0,1,0,0.0,0.0,1
veh_948,0,0,0,1,0,0.0,0.0,1
veh_949,0,0,0,1,0,0.0,0.0,1
veh_950,0,0,0,1,0,0.0,0.0,0
veh_951,0,0,0,1,0,0.0,0.0,1
veh_952,0,0,0,1,0,0.0,0.0,1
veh_953,0,0,0,1,0,0.0,0.0,0
veh_954,0,0,0,1,0,0.0,0.0,0
veh_955,0,0,0,1,0,0.0,0.0,1
veh_956,0,0,0,1,0,0.0,0.0,1
veh_957,0,0,0,1,0,0.0,0.0,1
veh_958,0,0,0,1,0,0.0,0.0,1
veh_959,0,0,0,1,0,0.0,0.0,1
veh_960,0,0,0,1,0,0.0,0.0,1
veh_961,0,0,0,1,0,0.0,0.0,1
veh_962,0,0,0,1,0,0.0,0.0,1
veh_963,0,0,0,1,0,0.0,0.0,1
veh_964,0,0,0,1,0,0.0,0.0,1
veh_965,0,0,0,1,0,0.0,0.0,1
veh_966,0,0,0,1,0,0.0,0.0,1
veh_967,0,0,0,1,0,0.0,0.0,1
veh_968,0,0,0,1,0,0.0,0.0,1
veh_969,0,0,0,1,0,0.0,0.0,1
veh_970,0,0,0,1,0,0.0,0.0,1
veh_971,0,0,0,1,0,0.0,0.0,0
veh_972,0,0,0,1,0,0.0,0.0,1
veh_973,0,0,0,1,0,0.0,0.0,0
veh_974,0,0,0,1,0,0.0,0.0,1
veh_975,0,0,0,1,0,0.0,0.0,1
veh_976,0,0,0,1,0,0.0,0.0,1
veh_977,0,0,0,1,0,0.0,0.0,1
veh_978,0,0,0,1,0,0.0,0.0,1
veh_979,0,0,0,1,0,0.0,0.0,1
veh_980,0,0,0,1,0,0.0,0.0,1
veh_981,0,0,0,1,0,0.0,0.0,1
veh_982,0,0,0,1,0,0.0,0.0,0
veh_983,0,0,0,1,0,0.0,0.0,0
veh_984,0,0,0,1,0,0.0,0.0,0
veh_985,0,0,0,1,0,0.0,0.0,1
veh_986,0,0,0,1,0,0.0,0.0,1
veh_987,0,0,0,1,0,0.0,0.0,1
veh_988,0,0,0,1,0,0.0,0.0,1
veh_989,0,0,0,1,0,0.0,0.0,1
veh_990,0,0,0,1,0,0.0,0.0,0
veh_991,0,0,0,1,0,0.0,0.0,1
veh_992,0,0,0,1,0,0.0,0.0,1
veh_993,0,0,0,1,0,0.0,0.0,1
veh_994,0,0,0,1,0,0.0,0.0,1
veh_995,0,0,0,1,0,0.0,0.0,1
veh_996,0,0,0,1,0,0.0,0.0,1
veh_997,0,0,0,1,0,0.0,0.0,1
veh_998,0,0,0,1,0,0.0,0.0,1
veh_999,0,0,0,1,0,0.0,0.0,1
veh_1000,0,0,0,1,0,0.0,0.0,1
veh_1001,0,0,0,1,0,0.0,0.0,1
veh_1002,0,0,0,1,0,0.0,0.0,1
veh_1003,0,0,0,1,0,0.0,0.0,1
veh_1004,0,0,0,1,0,0.0,0.0,1
veh_1005,0,0,0,1,0,0.0,0.0,1
veh_1006,0,0,0,1,0,0.0,0.0,0
veh_1007,0,0,0,1,0,0.0,0.0,1
veh_1008,0,0,0,1,0,0.0,0.0,0
veh_1009,0,0,0,1,0,0.0,0.0,0
veh_1010,0,0,0,1,0,0.0,0.0,0
veh_1011,0,0,0,1,0,0.0,0.0,1
veh_1012,0,0,0,1,0,0.0,0.0,1
veh_1013,0,0,0,1,0,0.0,0.0,0
veh_1014,0,0,0,1,0,0.0,0.0,1
veh_1015,0,0,0,1,0,0.0,0.0,1
veh_1016,0,0,0,1,0,0.0,0.0,1
veh_1017,0,0,0,1,0,0.0,0.0,1
veh_1018,0,0,0,1,0,0.0,0.0,1
veh_1019,0,0,0,1,0,0.0,0.0,1
veh_1020,0,0,0,1,0,0.0,0.0,0
veh_1021,0,0,0,1,0,0.0,0.0,1
veh_1022,0,0,0,1,0,0.0,0.0,1
veh_1023,0,0,0,1,0,0.0,0.0,0
veh_1024,0,0,0,1,0,0.0,0.0,1
veh_1025,0,0,0,1,0,0.0,0.0,1
veh_1026,0,0,0,1,0,0.0,0.0,1
veh_1027,0,0,0,1,0,0.0,0.0,1
veh_1028,0,0,0,1,0,0.0,0.0,1
veh_1029,0,0,0,1,0,0.0,0.0,1
veh_1030,0,0,0,1,0,0.0,0.0,1
veh_1031,0,0,0,1,0,0.0,0.0,1
veh_1032,0,0,0,1,0,0.0,0.0,1
veh_1033,0,0,0,1,0,0.0,0.0,0
veh_1034,0,0,0,1,0,0.0,0.0,1
veh_1035,0,0,0,1,0,0.0,0.0,0
veh_1036,0,0,0,1,0,0.0,0.0,0
veh_1037,0,0,0,1,0,0.0,0.0,1
veh_1038,0,0,0,1,0,0.0,0.0,1
veh_1039,0,0,0,1,0,0.0,0.0,1
veh_1040,0,0,0,1,0,0.0,0.0,1
veh_1041,0,0,0,1,0,0.0,0.0,1
veh_1042,0,0,0,1,0,0.0,0.0,0
veh_1043,0,0,0,1,0,0.0,0.0,1
veh_1044,0,0,0,1,0,0.0,0.0,1
veh_1045,0,0,0,1,0,0.0,0.0,1
veh_1046,0,0,0,1,0,0.0,0.0,1
veh_1047,0,0,0,1,0,0.0,0.0,0
veh_1048,0,0,0,1,0,0.0,0.0,1
veh_1049,0,0,0,1,0,0.0,0.0,1
veh_1050,0,0,0,1,0,0.0,0.0,0
veh_1051,0,0,0,1,0,0.0,0.0,1
veh_1052,0,0,0,1,0,0.0,0.0,0
veh_1053,0,0,0,1,0,0.0,0.0,1
veh_1054,0,0,0,1,0,0.0,0.0,0
veh_1055,0,0,0,1,0,0.0,0.0,1
veh_1056,0,0,0,1,0,0.0,0.0,1
veh_1057,0,0,0,1,0,0.0,0.0,1
veh_1058,0,0,0,1,0,0.0,0.0,1
veh_1059,0,0,0,1,0,0.0,0.0,1
veh_1060,0,0,0,1,0,0.0,0.0,1
veh_1061,0,0,0,1,0,0.0,0.0,1
veh_1062,0,0,0,1,0,0.0,0.0,1
veh_1063,0,0,0,1,0,0.0,0.0,1
veh_1064,0,0,0,1,0,0.0,0.0,1
veh_1065,0,0,0,1,0,0.0,0.0,1
veh_1066,0,0,0,1,0,0.0,0.0,1
veh_1067,0,0,0,1,0,0.0,0.0,1
veh_1068,0,0,0,1,0,0.0,0.0,1
veh_1069,0,0,0,1,0,0.0,0.0,0
veh_1070,0,0,0,1,0,0.0,0.0,1
veh_1071,0,0,0,1,0,0.0,0.0,1
veh_1072,0,0,0,1,0,0.0,0.0,0
veh_1073,0,0,0,1,0,0.0,0.0,1
veh_1074,0,0,0,1,0,0.0,0.0,1
veh_1075,0,0,0,1,0,0.0,0.0,1
veh_1076,0,0,0,1,0,0.0,0.0,0
veh_1077,0,0,0,1,0,0.0,0.0,1
veh_1078,0,0,0,1,0,0.0,0.0,1
veh_1079,0,0,0,1,0,0.0,0.0,1
veh_1080,0,0,0,1,0,0.0,0.0,1
veh_1081,0,0,0,1,0,0.0,0.0,1
veh_1082,0,0,0,1,0,0.0,0.0,1
veh_1083,0,0,0,1,0,0.0,0.0,1
veh_1084,0,0,0,1,0,0.0,0.0,1
veh_1085,0,0,0,1,0,0.0,0.0,0
veh_1086,0,0,0,1,0,0.0,0.0,1
veh_1087,0,0,0,1,0,0.0,0.0,0
veh_1088,0,0,0,1,0,0.0,0.0,1
veh_1089,0,0,0,1,0,0.0,0.0,1
veh_1090,0,0,0,1,0,0.0,0.0,0
veh_1091,0,0,0,1,0,0.0,0.0,1
veh_1092,0,0,0,1,0,0.0,0.0,1
veh_1093,0,0,0,1,0,0.0,0.0,1
veh_1094,0,0,0,1,0,0.0,0.0,1
veh_1095,0,0,0,1,0,0.0,0.0,1
veh_1096,0,0,0,1,0,0.0,0.0,0
veh_1097,0,0,0,1,0,0.0,0.0,0
veh_1098,0,0,0,1,0,0.0,0.0,1
veh_1099,0,0,0,1,0,0.0,0.0,1
veh_1100,0,0,0,1,0,0.0,0.0,1
veh_1101,0,0,0,1,0,0.0,0.0,1
veh_1102,0,0,0,1,0,0.0,0.0,1
veh_1103,0,0,0,1,0,0.0,0.0,1
veh_1104,0,0,0,1,0,0.0,0.0,1
veh_1105,0,0,0,1,0,0.0,0.0,0
veh_1106,0,0,0,1,0,0.0,0.0,1
veh_1107,0,0,0,1,0,0.0,0.0,1
veh_1108,0,0,0,1,0,0.0,0.0,1
veh_1109,0,0,0,1,0,0.0,0.0,1
veh_1110,0,0,0,1,0,0.0,0.0,1
veh_1111,0,0,0,1,0,0.0,0.0,1
veh_1112,0,0,0,1,0,0.0,0.0,1
veh_1113,0,0,0,1,0,0.0,0.0,1
veh_1114,0,0,0,1,0,0.0,0.0,1
veh_1115,0,0,0,1,0,0.0,0.0,0
veh_1116,0,0,0,1,0,0.0,0.0,1
veh_1117,0,0,0,1,0,0.0,0.0,1
veh_1118,0,0,0,1,0,0.0,0.0,1
veh_1119,0,0,0,1,0,0.0,0.0,1
veh_1120,0,0,0,1,0,0.0,0.0,1
veh_1121,0,0,0,1,0,0.0,0.0,1
veh_1122,0,0,0,1,0,0.0,0.0,1
veh_1123,0,0,0,1,0,0.0,0.0,1
veh_1124,0,0,0,1,0,0.0,0.0,1
veh_1125,0,0,0,1,0,0.0,0.0,1
veh_1126,0,0,0,1,0,0.0,0.0,1
veh_1127,0,0,0,1,0,0.0,0.0,1
veh_1128,0,0,0,1,0,0.0,0.0,1
veh_1129,0,0,0,1,0,0.0,0.0,1
veh_1130,0,0,0,1,0,0.0,0.0,0
veh_1131,0,0,0,1,0,0.0,0.0,1
veh_1132,0,0,0,1,0,0.0,0.0,1
veh_1133,0,0,0,1,0,0.0,0.0,0
veh_1134,0,0,0,1,0,0.0,0.0,1
veh_1135,0,0,0,1,0,0.0,0.0,1
veh_1136,0,0,0,1,0,0.0,0.0,1
veh_1137,0,0,0,1,0,0.0,0.0,1
veh_1138,0,0,0,1,0,0.0,0.0,1
veh_1139,0,0,0,1,0,0.0,0.0,1
veh_1140,0,0,0,1,0,0.0,0.0,1
veh_1141,0,0,0,1,0,0.0,0.0,1
veh_1142,0,0,0,1,0,0.0,0.0,1
veh_1143,0,0,0,1,0,0.0,0.0,1
veh_1144,0,0,0,1,0,0.0,0.0,1
veh_1145,0,0,0,1,0,0.0,0.0,1
veh_1146,0,0,0,1,0,0.0,0.0,1
veh_1147,0,0,0,1,0,0.0,0.0,1
veh_1148,0,0,0,1,0,0.0,0.0,1
veh_1149,0,0,0,1,0,0.0,0.0,0
veh_1150,0,0,0,1,0,0.0,0.0,1
veh_1151,0,0,0,1,0,0.0,0.0,1
veh_1152,0,0,0,1,0,0.0,0.0,0
veh_1153,0,0,0,1,0,0.0,0.0,1
veh_1154,0,0,0,1,0,0.0,0.0,1
veh_1155,0,0,0,1,0,0.0,0.0,1
veh_1156,0,0,0,1,0,0.0,0.0,1
veh_1157,0,0,0,1,0,0.0,0.0,1
veh_1158,0,0,0,1,0,0.0,0.0,1
veh_1159,0,0,0,1,0,0.0,0.0,1
veh_1160,0,0,0,1,0,0.0,0.0,1
veh_1161,0,0,0,1,0,0.0,0.0,1
veh_1162,0,0,0,1,0,0.0,0.0,1
veh_1163,0,0,0,1,0,0.0,0.0,1
veh_1164,0,0,0,1,0,0.0,0.0,1
veh_1165,0,0,0,1,0,0.0,0.0,1
veh_1166,0,0,0,1,0,0.0,0.0,0
veh_1167,0,0,0,1,0,0.0,0.0,0
veh_1168,0,0,0,1,0,0.0,0.0,1
veh_1169,0,0,0,1,0,0.0,0.0,1
veh_1170,0,0,0,1,0,0.0,0.0,1
veh_1171,0,0,0,1,0,0.0,0.0,1
veh_1172,0,0,0,1,0,0.0,0.0,1
veh_1173,0,0,0,1,0,0.0,0.0,1
veh_1174,0,0,0,1,0,0.0,0.0,1
veh_1175,0,0,0,1,0,0.0,0.0,1
veh_1176,0,0,0,1,0,0.0,0.0,1
veh_1177,0,0,0,1,0,0.0,0.0,1
veh_1178,0,0,0,1,0,0.0,0.0,1
veh_1179,0,0,0,1,0,0.0,0.0,1
veh_1180,0,0,0,1,0,0.0,0.0,1
veh_1181,0,0,0,1,0,0.0,0.0,1
veh_1182,0,0,0,1,0,0.0,0.0,1
veh_1183,0,0,0,1,0,0.0,0.0,1
veh_1184,0,0,0,1,0,0.0,0.0,1
veh_1185,0,0,0,1,0,0.0,0.0,1
veh_1186,0,0,0,1,0,0.0,0.0,1
veh_1187,0,0,0,1,0,0.0,0.0,1
veh_1188,0,0,0,1,0,0.0,0.0,1
veh_1189,0,0,0,1,0,0.0,0.0,1
veh_1190,0,0,0,1,0,0.0,0.0,1
veh_1191,0,0,0,1,0,0.0,0.0,1
veh_1192,0,0,0,1,0,0.0,0.0,0
veh_1193,0,0,0,1,0,0.0,0.0,1
veh_1194,0,0,0,1,0,0.0,0.0,1
veh_1195,0,0,0,1,0,0.0,0.0,1
veh_1196,0,0,0,1,0,0.0,0.0,1
veh_1197,0,0,0,1,0,0.0,0.0,0
veh_1198,0,0,0,1,0,0.0,0.0,1
veh_1199,0,0,0,1,0,0.0,0.0,1
veh_1200,0,0,0,1,0,0.0,0.0,1
veh_1201,0,0,0,1,0,0.0,0.0,1
veh_1202,0,0,0,1,0,0.0,0.0,1
veh_1203,0,0,0,1,0,0.0,0.0,1
veh_1204,0,0,0,1,0,0.0,0.0,1
veh_1205,0,0,0,1,0,0.0,0.0,1
veh_1206,0,0,0,1,0,0.0,0.0,1
veh_1207,0,0,0,1,0,0.0,0.0,1
veh_1208,0,0,0,1,0,0.0,0.0,1
veh_1209,0,0,0,1,0,0.0,0.0,1
veh_1210,0,0,0,1,0,0.0,0.0,1
veh_1211,0,0,0,1,0,0.0,0.0,1
veh_1212,0,0,0,1,0,0.0,0.0,1
veh_1213,0,0,0,1,0,0.0,0.0,0
veh_1214,0,0,0,1,0,0.0,0.0,1
veh_1215,0,0,0,1,0,0.0,0.0,1
veh_1216,0,0,0,1,0,0.0,0.0,1
veh_1217,0,0,0,1,0,0.0,0.0,1
veh_1218,0,0,0,1,0,0.0,0.0,1
veh_1219,0,0,0,1,0,0.0,0.0,0
veh_1220,0,0,0,1,0,0.0,0.0,1
veh_1221,0,0,0,1,0,0.0,0.0,1
veh_1222,0,0,0,1,0,0.0,0.0,0
veh_1223,0,0,0,1,0,0.0,0.0,1
veh_1224,0,0,0,1,0,0.0,0.0,1
veh_1225,0,0,0,1,0,0.0,0.0,0
veh_1226,0,0,0,1,0,0.0,0.0,1
veh_1227,0,0,0,1,0,0.0,0.0,1
veh_1228,0,0,0,1,0,0.0,0.0,0
veh_1229,0,0,0,1,0,0.0,0.0,0
veh_1230,0,0,0,1,0,0.0,0.0,1
veh_1231,0,0,0,1,0,0.0,0.0,1
veh_1232,0,0,0,1,0,0.0,0.0,1
veh_1233,0,0,0,1,0,0.0,0.0,0
veh_1234,0,0,0,1,0,0.0,0.0,1
veh_1235,0,0,0,1,0,0.0,0.0,0
veh_1236,0,0,0,1,0,0.0,0.0,1
veh_1237,0,0,0,1,0,0.0,0.0,0
veh_1238,0,0,0,1,0,0.0,0.0,1
veh_1239,0,0,0,1,0,0.0,0.0,1
veh_1240,0,0,0,1,0,0.0,0.0,1
veh_1241,0,0,0,1,0,0.0,0.0,0
veh_1242,0,0,0,1,0,0.0,0.0,1
veh_1243,0,0,0,1,0,0.0,0.0,1
veh_1244,0,0,0,1,0,0.0,0.0,1
veh_1245,0,0,0,1,0,0.0,0.0,1
veh_1246,0,0,0,1,0,0.0,0.0,1
veh_1247,0,0,0,1,0,0.0,0.0,0
veh_1248,0,0,0,1,0,0.0,0.0,0
veh_1249,0,0,0,1,0,0.0,0.0,0
veh_1250,0,0,0,1,0,0.0,0.0,1
veh_1251,0,0,0,1,0,0.0,0.0,1
veh_1252,0,0,0,1,0,0.0,0.0,1
veh_1253,0,0,0,1,0,0.0,0.0,1
veh_1254,0,0,0,1,0,0.0,0.0,1
veh_1255,0,0,0,1,0,0.0,0.0,1
veh_1256,0,0,0,1,0,0.0,0.0,1
veh_1257,0,0,0,1,0,0.0,0.0,1
veh_1258,0,0,0,1,0,0.0,0.0,1
veh_1259,0,0,0,1,0,0.0,0.0,1
veh_1260,0,0,0,1,0,0.0,0.0,1
veh_1261,0,0,0,1,0,0.0,0.0,1
veh_1262,0,0,0,1,0,0.0,0.0,0
veh_1263,0,0,0,1,0,0.0,0.0,1
veh_1264,0,0,0,1,0,0.0,0.0,1
veh_1265,0,0,0,1,0,0.0,0.0,0
veh_1266,0,0,0,1,0,0.0,0.0,1
veh_1267,0,0,0,1,0,0.0,0.0,1
veh_1268,0,0,0,1,0,0.0,0.0,1
veh_1269,0,0,0,1,0,0.0,0.0,1
veh_1270,0,0,0,1,0,0.0,0.0,1
veh_1271,0,0,0,1,0,0.0,0.0,1
veh_1272,0,0,0,1,0,0.0,0.0,0
veh_1273,0,0,0,1,0,0.0,0.0,1
veh_1274,0,0,0,1,0,0.0,0.0,1
veh_1275,0,0,0,1,0,0.0,0.0,0
veh_1276,0,0,0,1,0,0.0,0.0,0
veh_1277,0,0,0,1,0,0.0,0.0,0
veh_1278,0,0,0,1,0,0.0,0.0,1
veh_1279,0,0,0,1,0,0.0,0.0,1
veh_1280,0,0,0,1,0,0.0,0.0,0
veh_1281,0,0,0,1,0,0.0,0.0,1
veh_1282,0,0,0,1,0,0.0,0.0,1
veh_1283,0,0,0,1,0,0.0,0.0,1
veh_1284,0,0,0,1,0,0.0,0.0,1
veh_1285,0,0,0,1,0,0.0,0.0,0
veh_1286,0,0,0,1,0,0.0,0.0,1
veh_1287,0,0,0,1,0,0.0,0.0,1
veh_1288,0,0,0,1,0,0.0,0.0,1
veh_1289,0,0,0,1,0,0.0,0.0,1
veh_1290,0,0,0,1,0,0.0,0.0,1
veh_1291,0,0,0,1,0,0.0,0.0,0
veh_1292,0,0,0,1,0,0.0,0.0,1
veh_1293,0,0,0,1,0,0.0,0.0,1
veh_1294,0,0,0,1,0,0.0,0.0,1
veh_1295,0,0,0,1,0,0.0,0.0,1
veh_1296,0,0,0,1,0,0.0,0.0,1
veh_1297,0,0,0,1,0,0.0,0.0,0
veh_1298,0,0,0,1,0,0.0,0.0,1
veh_1299,0,0,0,1,0,0.0,0.0,1
veh_1300,0,0,0,1,0,0.0,0.0,1
veh_1301,0,0,0,1,0,0.0,0.0,0
veh_1302,0,0,0,1,0,0.0,0.0,1
veh_1303,0,0,0,1,0,0.0,0.0,1
veh_1304,0,0,0,1,0,0.0,0.0,0
veh_1305,0,0,0,1,0,0.0,0.0,1
veh_1306,0,0,0,1,0,0.0,0.0,1
veh_1307,0,0,0,1,0,0.0,0.0,0
veh_1308,0,0,0,1,0,0.0,0.0,1
veh_1309,0,0,0,1,0,0.0,0.0,1
veh_1310,0,0,0,1,0,0.0,0.0,1
veh_1311,0,0,0,1,0,0.0,0.0,1
veh_1312,0,0,0,1,0,0.0,0.0,1
veh_1313,0,0,0,1,0,0.0,0.0,1
veh_1314,0,0,0,1,0,0.0,0.0,1
veh_1315,0,0,0,1,0,0.0,0.0,1
veh_1316,0,0,0,1,0,0.0,0.0,1
veh_1317,0,0,0,1,0,0.0,0.0,1
veh_1318,0,0,0,1,0,0.0,0.0,1
veh_1319,0,0,0,1,0,0.0,0.0,0
veh_1320,0,0,0,1,0,0.0,0.0,1
veh_1321,0,0,0,1,0,0.0,0.0,0
veh_1322,0,0,0,1,0,0.0,0.0,1
veh_1323,0,0,0,1,0,0.0,0.0,1
veh_1324,0,0,0,1,0,0.0,0.0,1
veh_1325,0,0,0,1,0,0.0,0.0,1
veh_1326,0,0,0,1,0,0.0,0.0,1
veh_1327,0,0,0,1,0,0.0,0.0,0
veh_1328,0,0,0,1,0,0.0,0.0,1
veh_1329,0,0,0,1,0,0.0,0.0,1
veh_1330,0,0,0,1,0,0.0,0.0,1
veh_1331,0,0,0,1,0,0.0,0.0,1
veh_1332,0,0,0,1,0,0.0,0.0,1
veh_1333,0,0,0,1,0,0.0,0.0,0
veh_1334,0,0,0,1,0,0.0,0.0,1
veh_1335,0,0,0,1,0,0.0,0.0,1
veh_1336,0,0,0,1,0,0.0,0.0,1
veh_1337,0,0,0,1,0,0.0,0.0,1
veh_1338,0,0,0,1,0,0.0,0.0,1
veh_1339,0,0,0,1,0,0.0,0.0,1
veh_1340,0,0,0,1,0,0.0,0.0,1
veh_1341,0,0,0,1,0,0.0,0.0,1
veh_1342,0,0,0,1,0,0.0,0.0,1
veh_1343,0,0,0,1,0,0.0,0.0,0
veh_1344,0,0,0,1,0,0.0,0.0,1
veh_1345,0,0,0,1,0,0.0,0.0,1
veh_1346,0,0,0,1,0,0.0,0.0,0
veh_1347,0,0,0,1,0,0.0,0.0,1
veh_1348,0,0,0,1,0,0.0,0.0,1
veh_1349,0,0,0,1,0,0.0,0.0,0
veh_1350,0,0,0,1,0,0.0,0.0,0
veh_1351,0,0,0,1,0,0.0,0.0,1
veh_1352,0,0,0,1,0,0.0,0.0,1
veh_1353,0,0,0,1,0,0.0,0.0,1
veh_1354,0,0,0,1,0,0.0,0.0,1
veh_1355,0,0,0,1,0,0.0,0.0,1
veh_1356,0,0,0,1,0,0.0,0.0,1
veh_1357,0,0,0,1,0,0.0,0.0,1
veh_1358,0,0,0,1,0,0.0,0.0,1
veh_1359,0,0,0,1,0,0.0,0.0,1
veh_1360,0,0,0,1,0,0.0,0.0,1
veh_1361,0,0,0,1,0,0.0,0.0,1
veh_1362,0,0,0,1,0,0.0,0.0,1
veh_1363,0,0,0,1,0,0.0,0.0,1
veh_1364,0,0,0,1,0,0.0,0.0,1
veh_1365,0,0,0,1,0,0.0,0.0,1
veh_1366,0,0,0,1,0,0.0,0.0,1
veh_1367,0,0,0,1,0,0.0,0.0,1
veh_1368,0,0,0,1,0,0.0,0.0,1
veh_1369,0,0,0,1,0,0.0,0.0,1
veh_1370,0,0,0,1,0,0.0,0.0,1
veh_1371,0,0,0,1,0,0.0,0.0,1
veh_1372,0,0,0,1,0,0.0,0.0,1
veh_1373,0,0,0,1,0,0.0,0.0,1
veh_1374,0,0,0,1,0,0.0,0.0,1
veh_1375,0,0,0,1,0,0.0,0.0,1
veh_1376,0,0,0,1,0,0.0,0.0,1
veh_1377,0,0,0,1,0,0.0,0.0,1
veh_1378,0,0,0,1,0,0.0,0.0,1
veh_1379,0,0,0,1,0,0.0,0.0,1
veh_1380,0,0,0,1,0,0.0,0.0,1
veh_1381,0,0,0,1,0,0.0,0.0,1
veh_1382,0,0,0,1,0,0.0,0.0,1
veh_1383,0,0,0,1,0,0.0,0.0,1
veh_1384,0,0,0,1,0,0.0,0.0,1
veh_1385,0,0,0,1,0,0.0,0.0,0
veh_1386,0,0,0,1,0,0.0,0.0,1
veh_1387,0,0,0,1,0,0.0,0.0,1
veh_1388,0,0,0,1,0,0.0,0.0,0
veh_1389,0,0,0,1,0,0.0,0.0,1
veh_1390,0,0,0,1,0,0.0,0.0,1
veh_1391,0,0,0,1,0,0.0,0.0,0
veh_1392,0,0,0,1,0,0.0,0.0,1
veh_1393,0,0,0,1,0,0.0,0.0,1
veh_1394,0,0,0,1,0,0.0,0.0,1
veh_1395,0,0,0,1,0,0.0,0.0,1
veh_1396,0,0,0,1,0,0.0,0.0,1
veh_1397,0,0,0,1,0,0.0,0.0,1
veh_1398,0,0,0,1,0,0.0,0.0,0
veh_1399,0,0,0,1,0,0.0,0.0,1
veh_1400,0,0,0,1,0,0.0,0.0,1
veh_1401,0,0,0,1,0,0.0,0.0,1
veh_1402,0,0,0,1,0,0.0,0.0,1
veh_1403,0,0,0,1,0,0.0,0.0,0
veh_1404,0,0,0,1,0,0.0,0.0,1
veh_1405,0,0,0,1,0,0.0,0.0,0
veh_1406,0,0,0,1,0,0.0,0.0,1
veh_1407,0,0,0,1,0,0.0,0.0,1
veh_1408,0,0,0,1,0,0.0,0.0,1
veh_1409,0,0,0,1,0,0.0,0.0,0
veh_1410,0,0,0,1,0,0.0,0.0,1
veh_1411,0,0,0,1,0,0.0,0.0,1
veh_1412,0,0,0,1,0,0.0,0.0,0
veh_1413,0,0,0,1,0,0.0,0.0,0
veh_1414,0,0,0,1,0,0.0,0.0,0
veh_1415,0,0,0,1,0,0.0,0.0,0
veh_1416,0,0,0,1,0,0.0,0.0,1
veh_1417,0,0,0,1,0,0.0,0.0,0
veh_1418,0,0,0,1,0,0.0,0.0,1
veh_1419,0,0,0,1,0,0.0,0.0,0
veh_1420,0,0,0,1,0,0.0,0.0,1
veh_1421,0,0,0,1,0,0.0,0.0,1
veh_1422,0,0,0,1,0,0.0,0.0,0
veh_1423,0,0,0,1,0,0.0,0.0,1
veh_1424,0,0,0,1,0,0.0,0.0,1
veh_1425,0,0,0,1,0,0.0,0.0,1
veh_1426,0,0,0,1,0,0.0,0.0,1
veh_1427,0,0,0,1,0,0.0,0.0,1
veh_1428,0,0,0,1,0,0.0,0.0,1
veh_1429,0,0,0,1,0,0.0,0.0,1
veh_1430,0,0,0,1,0,0.0,0.0,0
veh_1431,0,0,0,1,0,0.0,0.0,1
veh_1432,0,0,0,1,0,0.0,0.0,0
veh_1433,0,0,0,1,0,0.0,0.0,0
veh_1434,0,0,0,1,0,0.0,0.0,0
veh_1435,0,0,0,1,0,0.0,0.0,1
veh_1436,0,0,0,1,0,0.0,0.0,0
veh_1437,0,0,0,1,0,0.0,0.0,0
veh_1438,0,0,0,1,0,0.0,0.0,1
veh_1439,0,0,0,1,0,0.0,0.0,0
veh_1440,0,0,0,1,0,0.0,0.0,1
veh_1441,0,0,0,1,0,0.0,0.0,1
veh_1442,0,0,0,1,0,0.0,0.0,1
veh_1443,0,0,0,1,0,0.0,0.0,1
veh_1444,0,0,0,1,0,0.0,0.0,1
veh_1445,0,0,0,1,0,0.0,0.0,1
veh_1446,0,0,0,1,0,0.0,0.0,1
veh_1447,0,0,0,1,0,0.0,0.0,1
veh_1448,0,0,0,1,0,0.0,0.0,0
veh_1449,0,0,0,1,0,0.0,0.0,1
veh_1450,0,0,0,1,0,0.0,0.0,1
veh_1451,0,0,0,1,0,0.0,0.0,1
veh_1452,0,0,0,1,0,0.0,0.0,1
veh_1453,0,0,0,1,0,0.0,0.0,1
veh_1454,0,0,0,1,0,0.0,0.0,1
veh_1455,0,0,0,1,0,0.0,0.0,1
veh_1456,0,0,0,1,0,0.0,0.0,1
veh_1457,0,0,0,1,0,0.0,0.0,1
veh_1458,0,0,0,1,0,0.0,0.0,0
veh_1459,0,0,0,1,0,0.0,0.0,1
veh_1460,0,0,0,1,0,0.0,0.0,0
veh_1461,0,0,0,1,0,0.0,0.0,1
veh_1462,0,0,0,1,0,0.0,0.0,1
veh_1463,0,0,0,1,0,0.0,0.0,1
veh_1464,0,0,0,1,0,0.0,0.0,1
veh_1465,0,0,0,1,0,0.0,0.0,1
veh_1466,0,0,0,1,0,0.0,0.0,0
veh_1467,0,0,0,1,0,0.0,0.0,0
veh_1468,0,0,0,1,0,0.0,0.0,1
veh_1469,0,0,0,1,0,0.0,0.0,0
veh_1470,0,0,0,1,0,0.0,0.0,1
veh_1471,0,0,0,1,0,0.0,0.0,1
veh_1472,0,0,0,1,0,0.0,0.0,1
veh_1473,0,0,0,1,0,0.0,0.0,1
veh_1474,0,0,0,1,0,0.0,0.0,1
veh_1475,0,0,0,1,0,0.0,0.0,0
veh_1476,0,0,0,1,0,0.0,0.0,1
veh_1477,0,0,0,1,0,0.0,0.0,1
veh_1478,0,0,0,1,0,0.0,0.0,1
veh_1479,0,0,0,1,0,0.0,0.0,0
veh_1480,0,0,0,1,0,0.0,0.0,0
veh_1481,0,0,0,1,0,0.0,0.0,0
veh_1482,0,0,0,1,0,0.0,0.0,1
veh_1483,0,0,0,1,0,0.0,0.0,1
veh_1484,0,0,0,1,0,0.0,0.0,1
veh_1485,0,0,0,1,0,0.0,0.0,0
veh_1486,0,0,0,1,0,0.0,0.0,1
veh_1487,0,0,0,1,0,0.0,0.0,1
veh_1488,0,0,0,1,0,0.0,0.0,1
veh_1489,0,0,0,1,0,0.0,0.0,1
veh_1490,0,0,0,1,0,0.0,0.0,1
veh_1491,0,0,0,1,0,0.0,0.0,1
veh_1492,0,0,0,1,0,0.0,0.0,1
veh_1493,0,0,0,1,0,0.0,0.0,1
veh_1494,0,0,0,1,0,0.0,0.0,1
veh_1495,0,0,0,1,0,0.0,0.0,0
veh_1496,0,0,0,1,0,0.0,0.0,1
veh_1497,0,0,0,1,0,0.0,0.0,1
veh_1498,0,0,0,1,0,0.0,0.0,1
veh_1499,0,0,0,1,0,0.0,0.0,1
veh_1500,0,0,0,1,0,0.0,0.0,1
veh_1501,0,0,0,1,0,0.0,0.0,1
veh_1502,0,0,0,1,0,0.0,0.0,1
veh_1503,0,0,0,1,0,0.0,0.0,0
veh_1504,0,0,0,1,0,0.0,0.0,0
veh_1505,0,0,0,1,0,0.0,0.0,0
veh_1506,0,0,0,1,0,0.0,0.0,1
veh_1507,0,0,0,1,0,0.0,0.0,1
veh_1508,0,0,0,1,0,0.0,0.0,0
veh_1509,0,0,0,1,0,0.0,0.0,1
veh_1510,0,0,0,1,0,0.0,0.0,0
veh_1511,0,0,0,1,0,0.0,0.0,1
veh_1512,0,0,0,1,0,0.0,0.0,1
veh_1513,0,0,0,1,0,0.0,0.0,1
veh_1514,0,0,0,1,0,0.0,0.0,1
veh_1515,0,0,0,1,0,0.0,0.0,1
veh_1516,0,0,0,1,0,0.0,0.0,1
veh_1517,0,0,0,1,0,0.0,0.0,1
veh_1518,0,0,0,1,0,0.0,0.0,1
veh_1519,0,0,0,1,0,0.0,0.0,1
veh_1520,0,0,0,1,0,0.0,0.0,1
veh_1521,0,0,0,1,0,0.0,0.0,1
veh_1522,0,0,0,1,0,0.0,0.0,0
veh_1523,0,0,0,1,0,0.0,0.0,1
veh_1524,0,0,0,1,0,0.0,0.0,1
veh_1525,0,0,0,1,0,0.0,0.0,1
veh_1526,0,0,0,1,0,0.0,0.0,1
veh_1527,0,0,0,1,0,0.0,0.0,1
veh_1528,0,0,0,1,0,0.0,0.0,1
veh_1529,0,0,0,1,0,0.0,0.0,1
veh_1530,0,0,0,1,0,0.0,0.0,1
veh_1531,0,0,0,1,0,0.0,0.0,1
veh_1532,0,0,0,1,0,0.0,0.0,1
veh_1533,0,0,0,1,0,0.0,0.0,1
veh_1534,0,0,0,1,0,0.0,0.0,1
veh_1535,0,0,0,1,0,0.0,0.0,1
veh_1536,0,0,0,1,0,0.0,0.0,1
veh_1537,0,0,0,1,0,0.0,0.0,1
veh_1538,0,0,0,1,0,0.0,0.0,0
veh_1539,0,0,0,1,0,0.0,0.0,1
veh_1540,0,0,0,1,0,0.0,0.0,1
veh_1541,0,0,0,1,0,0.0,0.0,0
veh_1542,0,0,0,1,0,0.0,0.0,1
veh_1543,0,0,0,1,0,0.0,0.0,1
veh_1544,0,0,0,1,0,0.0,0.0,1
veh_1545,0,0,0,1,0,0.0,0.0,1
veh_1546,0,0,0,1,0,0.0,0.0,1
veh_1547,0,0,0,1,0,0.0,0.0,1
veh_1548,0,0,0,1,0,0.0,0.0,1
veh_1549,0,0,0,1,0,0.0,0.0,1
veh_1550,0,0,0,1,0,0.0,0.0,1
veh_1551,0,0,0,1,0,0.0,0.0,1
veh_1552,0,0,0,1,0,0.0,0.0,1
veh_1553,0,0,0,1,0,0.0,0.0,1
veh_1554,0,0,0,1,0,0.0,0.0,1
veh_1555,0,0,0,1,0,0.0,0.0,1
veh_1556,0,0,0,1,0,0.0,0.0,1
veh_1557,0,0,0,1,0,0.0,0.0,1
veh_1558,0,0,0,1,0,0.0,0.0,1
veh_1559,0,0,0,1,0,0.0,0.0,1
veh_1560,0,0,0,1,0,0.0,0.0,1
veh_1561,0,0,0,1,0,0.0,0.0,1
veh_1562,0,0,0,1,0,0.0,0.0,1
veh_1563,0,0,0,1,0,0.0,0.0,1
veh_1564,0,0,0,1,0,0.0,0.0,1
veh_1565,0,0,0,1,0,0.0,0.0,1
veh_1566,0,0,0,1,0,0.0,0.0,1
veh_1567,0,0,0,1,0,0.0,0.0,1
veh_1568,0,0,0,1,0,0.0,0.0,0
veh_1569,0,0,0,1,0,0.0,0.0,1
veh_1570,0,0,0,1,0,0.0,0.0,1
veh_1571,0,0,0,1,0,0.0,0.0,1
veh_1572,0,0,0,1,0,0.0,0.0,0
veh_1573,0,0,0,1,0,0.0,0.0,1
veh_1574,0,0,0,1,0,0.0,0.0,1
veh_1575,0,0,0,1,0,0.0,0.0,0
veh_1576,0,0,0,1,0,0.0,0.0,1
veh_1577,0,0,0,1,0,0.0,0.0,1
veh_1578,0,0,0,1,0,0.0,0.0,1
veh_1579,0,0,0,1,0,0.0,0.0,1
veh_1580,0,0,0,1,0,0.0,0.0,1
veh_1581,0,0,0,1,0,0.0,0.0,1
veh_1582,0,0,0,1,0,0.0,0.0,1
veh_1583,0,0,0,1,0,0.0,0.0,0
veh_1584,0,0,0,1,0,0.0,0.0,1
veh_1585,0,0,0,1,0,0.0,0.0,1
veh_1586,0,0,0,1,0,0.0,0.0,1
veh_1587,0,0,0,1,0,0.0,0.0,0
veh_1588,0,0,0,1,0,0.0,0.0,1
veh_1589,0,0,0,1,0,0.0,0.0,1
veh_1590,0,0,0,1,0,0.0,0.0,0
veh_1591,0,0,0,1,0,0.0,0.0,1
veh_1592,0,0,0,1,0,0.0,0.0,1
veh_1593,0,0,0,1,0,0.0,0.0,1
veh_1594,0,0,0,1,0,0.0,0.0,1
veh_1595,0,0,0,1,0,0.0,0.0,0
veh_1596,0,0,0,1,0,0.0,0.0,1
veh_1597,0,0,0,1,0,0.0,0.0,0
veh_1598,0,0,0,1,0,0.0,0.0,0
veh_1599,0,0,0,1,0,0.0,0.0,1
veh_1600,0,0,0,1,0,0.0,0.0,1
veh_1601,0,0,0,1,0,0.0,0.0,1
veh_1602,0,0,0,1,0,0.0,0.0,1
veh_1603,0,0,0,1,0,0.0,0.0,0
veh_1604,0,0,0,1,0,0.0,0.0,1
veh_1605,0,0,0,1,0,0.0,0.0,1
veh_1606,0,0,0,1,0,0.0,0.0,1
veh_1607,0,0,0,1,0,0.0,0.0,1
veh_1608,0,0,0,1,0,0.0,0.0,0
veh_1609,0,0,0,1,0,0.0,0.0,1
veh_1610,0,0,0,1,0,0.0,0.0,1
veh_1611,0,0,0,1,0,0.0,0.0,1
veh_1612,0,0,0,1,0,0.0,0.0,0
veh_1613,0,0,0,1,0,0.0,0.0,1
veh_1614,0,0,0,1,0,0.0,0.0,1
veh_1615,0,0,0,1,0,0.0,0.0,1
veh_1616,0,0,0,1,0,0.0,0.0,1
veh_1617,0,0,0,1,0,0.0,0.0,1
veh_1618,0,0,0,1,0,0.0,0.0,1
veh_1619,0,0,0,1,0,0.0,0.0,1
veh_1620,0,0,0,1,0,0.0,0.0,1
veh_1621,0,0,0,1,0,0.0,0.0,1
veh_1622,0,0,0,1,0,0.0,0.0,1
veh_1623,0,0,0,1,0,0.0,0.0,1
veh_1624,0,0,0,1,0,0.0,0.0,1
veh_1625,0,0,0,1,0,0.0,0.0,1
veh_1626,0,0,0,1,0,0.0,0.0,1
veh_1627,0,0,0,1,0,0.0,0.0,1
veh_1628,0,0,0,1,0,0.0,0.0,1
veh_1629,0,0,0,1,0,0.0,0.0,1
veh_1630,0,0,0,1,0,0.0,0.0,1
veh_1631,0,0,0,1,0,0.0,0.0,1
veh_1632,0,0,0,1,0,0.0,0.0,1
veh_1633,0,0,0,1,0,0.0,0.0,1
veh_1634,0,0,0,1,0,0.0,0.0,1
veh_1635,0,0,0,1,0,0.0,0.0,1
veh_1636,0,0,0,1,0,0.0,0.0,1
veh_1637,0,0,0,1,0,0.0,0.0,1
veh_1638,0,0,0,1,0,0.0,0.0,1
veh_1639,0,0,0,1,0,0.0,0.0,1
veh_1640,0,0,0,1,0,0.0,0.0,1
veh_1641,0,0,0,1,0,0.0,0.0,0
veh_1642,0,0,0,1,0,0.0,0.0,1
veh_1643,0,0,0,1,0,0.0,0.0,1
veh_1644,0,0,0,1,0,0.0,0.0,1
veh_1645,0,0,0,1,0,0.0,0.0,1
veh_1646,0,0,0,1,0,0.0,0.0,1
veh_1647,0,0,0,1,0,0.0,0.0,1
veh_1648,0,0,0,1,0,0.0,0.0,0
veh_1649,0,0,0,1,0,0.0,0.0,1
veh_1650,0,0,0,1,0,0.0,0.0,1
veh_1651,0,0,0,1,0,0.0,0.0,1
veh_1652,0,0,0,1,0,0.0,0.0,1
veh_1653,0,0,0,1,0,0.0,0.0,1
veh_1654,0,0,0,1,0,0.0,0.0,1
veh_1655,0,0,0,1,0,0.0,0.0,0
veh_1656,0,0,0,1,0,0.0,0.0,1
veh_1657,0,0,0,1,0,0.0,0.0,0
veh_1658,0,0,0,1,0,0.0,0.0,1
veh_1659,0,0,0,1,0,0.0,0.0,1
veh_1660,0,0,0,1,0,0.0,0.0,0
veh_1661,0,0,0,1,0,0.0,0.0,1
veh_1662,0,0,0,1,0,0.0,0.0,1
veh_1663,0,0,0,1,0,0.0,0.0,1
veh_1664,0,0,0,1,0,0.0,0.0,1
veh_1665,0,0,0,1,0,0.0,0.0,1
veh_1666,0,0,0,1,0,0.0,0.0,1
veh_1667,0,0,0,1,0,0.0,0.0,1
veh_1668,0,0,0,1,0,0.0,0.0,1
veh_1669,0,0,0,1,0,0.0,0.0,1
veh_1670,0,0,0,1,0,0.0,0.0,1
veh_1671,0,0,0,1,0,0.0,0.0,1
veh_1672,0,0,0,1,0,0.0,0.0,0
veh_1673,0,0,0,1,0,0.0,0.0,1
veh_1674,0,0,0,1,0,0.0,0.0,1
veh_1675,0,0,0,1,0,0.0,0.0,0
veh_1676,0,0,0,1,0,0.0,0.0,1
veh_1677,0,0,0,1,0,0.0,0.0,1
veh_1678,0,0,0,1,0,0.0,0.0,1
veh_1679,0,0,0,1,0,0.0,0.0,1
veh_1680,0,0,0,1,0,0.0,0.0,0
veh_1681,0,0,0,1,0,0.0,0.0,1
veh_1682,0,0,0,1,0,0.0,0.0,1
veh_1683,0,0,0,1,0,0.0,0.0,1
veh_1684,0,0,0,1,0,0.0,0.0,1
veh_1685,0,0,0,1,0,0.0,0.0,1
veh_1686,0,0,0,1,0,0.0,0.0,1
veh_1687,0,0,0,1,0,0.0,0.0,1
veh_1688,0,0,0,1,0,0.0,0.0,1
veh_1689,0,0,0,1,0,0.0,0.0,1
veh_1690,0,0,0,1,0,0.0,0.0,1
veh_1691,0,0,0,1,0,0.0,0.0,1
veh_1692,0,0,0,1,0,0.0,0.0,0
veh_1693,0,0,0,1,0,0.0,0.0,1
veh_1694,0,0,0,1,0,0.0,0.0,1
veh_1695,0,0,0,1,0,0.0,0.0,0
veh_1696,0,0,0,1,0,0.0,0.0,1
veh_1697,0,0,0,1,0,0.0,0.0,1
veh_1698,0,0,0,1,0,0.0,0.0,1
veh_1699,0,0,0,1,0,0.0,0.0,1
veh_1700,0,0,0,1,0,0.0,0.0,1
veh_1701,0,0,0,1,0,0.0,0.0,1
veh_1702,0,0,0,1,0,0.0,0.0,1
veh_1703,0,0,0,1,0,0.0,0.0,0
veh_1704,0,0,0,1,0,0.0,0.0,0
veh_1705,0,0,0,1,0,0.0,0.0,1
veh_1706,0,0,0,1,0,0.0,0.0,1
veh_1707,0,0,0,1,0,0.0,0.0,1
veh_1708,0,0,0,1,0,0.0,0.0,1
veh_1709,0,0,0,1,0,0.0,0.0,1
veh_1710,0,0,0,1,0,0.0,0.0,1
veh_1711,0,0,0,1,0,0.0,0.0,1
veh_1712,0,0,0,1,0,0.0,0.0,1
veh_1713,0,0,0,1,0,0.0,0.0,1
veh_1714,0,0,0,1,0,0.0,0.0,1
veh_1715,0,0,0,1,0,0.0,0.0,0
veh_1716,0,0,0,1,0,0.0,0.0,1
veh_1717,0,0,0,1,0,0.0,0.0,1
veh_1718,0,0,0,1,0,0.0,0.0,0
veh_1719,0,0,0,1,0,0.0,0.0,0
veh_1720,0,0,0,1,0,0.0,0.0,0
veh_1721,0,0,0,1,0,0.0,0.0,1
veh_1722,0,0,0,1,0,0.0,0.0,1
veh_1723,0,0,0,1,0,0.0,0.0,1
veh_1724,0,0,0,1,0,0.0,0.0,1
veh_1725,0,0,0,1,0,0.0,0.0,1
veh_1726,0,0,0,1,0,0.0,0.0,1
veh_1727,0,0,0,1,0,0.0,0.0,1
veh_1728,0,0,0,1,0,0.0,0.0,0
veh_1729,0,0,0,1,0,0.0,0.0,0
veh_1730,0,0,0,1,0,0.0,0.0,1
veh_1731,0,0,0,1,0,0.0,0.0,1
veh_1732,0,0,0,1,0,0.0,0.0,1
veh_1733,0,0,0,1,0,0.0,0.0,1
veh_1734,0,0,0,1,0,0.0,0.0,1
veh_1735,0,0,0,1,0,0.0,0.0,0
veh_1736,0,0,0,1,0,0.0,0.0,1
veh_1737,0,0,0,1,0,0.0,0.0,0
veh_1738,0,0,0,1,0,0.0,0.0,0
veh_1739,0,0,0,1,0,0.0,0.0,1
veh_1740,0,0,0,1,0,0.0,0.0,1
veh_1741,0,0,0,1,0,0.0,0.0,1
veh_1742,0,0,0,1,0,0.0,0.0,1
veh_1743,0,0,0,1,0,0.0,0.0,0
veh_1744,0,0,0,1,0,0.0,0.0,0
veh_1745,0,0,0,1,0,0.0,0.0,1
veh_1746,0,0,0,1,0,0.0,0.0,1
veh_1747,0,0,0,1,0,0.0,0.0,1
veh_1748,0,0,0,1,0,0.0,0.0,1
veh_1749,0,0,0,1,0,0.0,0.0,1
veh_1750,0,0,0,1,0,0.0,0.0,1
veh_1751,0,0,0,1,0,0.0,0.0,1
veh_1752,0,0,0,1,0,0.0,0.0,1
veh_1753,0,0,0,1,0,0.0,0.0,0
veh_1754,0,0,0,1,0,0.0,0.0,1
veh_1755,0,0,0,1,0,0.0,0.0,1
veh_1756,0,0,0,1,0,0.0,0.0,1
veh_1757,0,0,0,1,0,0.0,0.0,0
veh_1758,0,0,0,1,0,0.0,0.0,1
veh_1759,0,0,0,1,0,0.0,0.0,1
veh_1760,0,0,0,1,0,0.0,0.0,1
veh_1761,0,0,0,1,0,0.0,0.0,1
veh_1762,0,0,0,1,0,0.0,0.0,1
veh_1763,0,0,0,1,0,0.0,0.0,1
veh_1764,0,0,0,1,0,0.0,0.0,1
veh_1765,0,0,0,1,0,0.0,0.0,1
veh_1766,0,0,0,1,0,0.0,0.0,1
veh_1767,0,0,0,1,0,0.0,0.0,1
veh_1768,0,0,0,1,0,0.0,0.0,1
veh_1769,0,0,0,1,0,0.0,0.0,0
veh_1770,0,0,0,1,0,0.0,0.0,1
veh_1771,0,0,0,1,0,0.0,0.0,1
veh_1772,0,0,0,1,0,0.0,0.0,0
veh_1773,0,0,0,1,0,0.0,0.0,1
veh_1774,0,0,0,1,0,0.0,0.0,1
veh_1775,0,0,0,1,0,0.0,0.0,0
veh_1776,0,0,0,1,0,0.0,0.0,1
veh_1777,0,0,0,1,0,0.0,0.0,0
veh_1778,0,0,0,1,0,0.0,0.0,1
veh_1779,0,0,0,1,0,0.0,0.0,1
veh_1780,0,0,0,1,0,0.0,0.0,1
veh_1781,0,0,0,1,0,0.0,0.0,0
veh_1782,0,0,0,1,0,0.0,0.0,1
veh_1783,0,0,0,1,0,0.0,0.0,1
veh_1784,0,0,0,1,0,0.0,0.0,0
veh_1785,0,0,0,1,0,0.0,0.0,1
veh_1786,0,0,0,1,0,0.0,0.0,1
veh_1787,0,0,0,1,0,0.0,0.0,0
veh_1788,0,0,0,1,0,0.0,0.0,1
veh_1789,0,0,0,1,0,0.0,0.0,1
veh_1790,0,0,0,1,0,0.0,0.0,1
veh_1791,0,0,0,1,0,0.0,0.0,1
veh_1792,0,0,0,1,0,0.0,0.0,1
veh_1793,0,0,0,1,0,0.0,0.0,0
veh_1794,0,0,0,1,0,0.0,0.0,1
veh_1795,0,0,0,1,0,0.0,0.0,0
veh_1796,0,0,0,1,0,0.0,0.0,1
veh_1797,0,0,0,1,0,0.0,0.0,1
veh_1798,0,0,0,1,0,0.0,0.0,1
veh_1799,0,0,0,1,0,0.0,0.0,1
veh_1800,0,0,0,1,0,0.0,0.0,1
veh_1801,0,0,0,1,0,0.0,0.0,1
veh_1802,0,0,0,1,0,0.0,0.0,1
veh_1803,0,0,0,1,0,0.0,0.0,1
veh_1804,0,0,0,1,0,0.0,0.0,1
veh_1805,0,0,0,1,0,0.0,0.0,1
veh_1806,0,0,0,1,0,0.0,0.0,1
veh_1807,0,0,0,1,0,0.0,0.0,1
veh_1808,0,0,0,1,0,0.0,0.0,1
veh_1809,0,0,0,1,0,0.0,0.0,1
veh_1810,0,0,0,1,0,0.0,0.0,1
veh_1811,0,0,0,1,0,0.0,0.0,0
veh_1812,0,0,0,1,0,0.0,0.0,0
veh_1813,0,0,0,1,0,0.0,0.0,1
veh_1814,0,0,0,1,0,0.0,0.0,1
veh_1815,0,0,0,1,0,0.0,0.0,1
veh_1816,0,0,0,1,0,0.0,0.0,0
veh_1817,0,0,0,1,0,0.0,0.0,1
veh_1818,0,0,0,1,0,0.0,0.0,1
veh_1819,0,0,0,1,0,0.0,0.0,0
veh_1820,0,0,0,1,0,0.0,0.0,1
veh_1821,0,0,0,1,0,0.0,0.0,1
veh_1822,0,0,0,1,0,0.0,0.0,0
veh_1823,0,0,0,1,0,0.0,0.0,1
veh_1824,0,0,0,1,0,0.0,0.0,1
veh_1825,0,0,0,1,0,0.0,0.0,1
veh_1826,0,0,0,1,0,0.0,0.0,1
veh_1827,0,0,0,1,0,0.0,0.0,1
veh_1828,0,0,0,1,0,0.0,0.0,1
veh_1829,0,0,0,1,0,0.0,0.0,1
veh_1830,0,0,0,1,0,0.0,0.0,1
veh_1831,0,0,0,1,0,0.0,0.0,1
veh_1832,0,0,0,1,0,0.0,0.0,0
veh_1833,0,0,0,1,0,0.0,0.0,1
veh_1834,0,0,0,1,0,0.0,0.0,1
veh_1835,0,0,0,1,0,0.0,0.0,1
veh_1836,0,0,0,1,0,0.0,0.0,1
veh_1837,0,0,0,1,0,0.0,0.0,1
veh_1838,0,0,0,1,0,0.0,0.0,1
veh_1839,0,0,0,1,0,0.0,0.0,1
veh_1840,0,0,0,1,0,0.0,0.0,1
veh_1841,0,0,0,1,0,0.0,0.0,1
veh_1842,0,0,0,1,0,0.0,0.0,0
veh_1843,0,0,0,1,0,0.0,0.0,1
veh_1844,0,0,0,1,0,0.0,0.0,0
veh_1845,0,0,0,1,0,0.0,0.0,1
veh_1846,0,0,0,1,0,0.0,0.0,1
veh_1847,0,0,0,1,0,0.0,0.0,0
veh_1848,0,0,0,1,0,0.0,0.0,1
veh_1849,0,0,0,1,0,0.0,0.0,1
veh_1850,0,0,0,1,0,0.0,0.0,1
veh_1851,0,0,0,1,0,0.0,0.0,1
veh_1852,0,0,0,1,0,0.0,0.0,0
veh_1853,0,0,0,1,0,0.0,0.0,1
veh_1854,0,0,0,1,0,0.0,0.0,1
veh_1855,0,0,0,1,0,0.0,0.0,1
veh_1856,0,0,0,1,0,0.0,0.0,1
veh_1857,0,0,0,1,0,0.0,0.0,1
veh_1858,0,0,0,1,0,0.0,0.0,0
veh_1859,0,0,0,1,0,0.0,0.0,0
veh_1860,0,0,0,1,0,0.0,0.0,1
veh_1861,0,0,0,1,0,0.0,0.0,1
veh_1862,0,0,0,1,0,0.0,0.0,1
veh_1863,0,0,0,1,0,0.0,0.0,1
veh_1864,0,0,0,1,0,0.0,0.0,1
veh_1865,0,0,0,1,0,0.0,0.0,1
veh_1866,0,0,0,1,0,0.0,0.0,0
veh_1867,0,0,0,1,0,0.0,0.0,1
veh_1868,0,0,0,1,0,0.0,0.0,1
veh_1869,0,0,0,1,0,0.0,0.0,1
veh_1870,0,0,0,1,0,0.0,0.0,1
veh_1871,0,0,0,1,0,0.0,0.0,0
veh_1872,0,0,0,1,0,0.0,0.0,1
veh_1873,0,0,0,1,0,0.0,0.0,1
veh_1874,0,0,0,1,0,0.0,0.0,1
veh_1875,0,0,0,1,0,0.0,0.0,0
veh_1876,0,0,0,1,0,0.0,0.0,1
veh_1877,0,0,0,1,0,0.0,0.0,1
veh_1878,0,0,0,1,0,0.0,0.0,1
veh_1879,0,0,0,1,0,0.0,0.0,1
veh_1880,0,0,0,1,0,0.0,0.0,0
veh_1881,0,0,0,1,0,0.0,0.0,1
veh_1882,0,0,0,1,0,0.0,0.0,1
veh_1883,0,0,0,1,0,0.0,0.0,1
veh_1884,0,0,0,1,0,0.0,0.0,1
veh_1885,0,0,0,1,0,0.0,0.0,1
veh_1886,0,0,0,1,0,0.0,0.0,1
veh_1887,0,0,0,1,0,0.0,0.0,1
veh_1888,0,0,0,1,0,0.0,0.0,1
veh_1889,0,0,0,1,0,0.0,0.0,1
veh_1890,0,0,0,1,0,0.0,0.0,1
veh_1891,0,0,0,1,0,0.0,0.0,1
veh_1892,0,0,0,1,0,0.0,0.0,1
veh_1893,0,0,0,1,0,0.0,0.0,0
veh_1894,0,0,0,1,0,0.0,0.0,0
veh_1895,0,0,0,1,0,0.0,0.0,1
veh_1896,0,0,0,1,0,0.0,0.0,1
veh_1897,0,0,0,1,0,0.0,0.0,1
veh_1898,0,0,0,1,0,0.0,0.0,1
veh_1899,0,0,0,1,0,0.0,0.0,1
veh_1900,0,0,0,1,0,0.0,0.0,1
veh_1901,0,0,0,1,0,0.0,0.0,1
veh_1902,0,0,0,1,0,0.0,0.0,1
veh_1903,0,0,0,1,0,0.0,0.0,1
veh_1904,0,0,0,1,0,0.0,0.0,1
veh_1905,0,0,0,1,0,0.0,0.0,1
veh_1906,0,0,0,1,0,0.0,0.0,1
veh_1907,0,0,0,1,0,0.0,0.0,0
veh_1908,0,0,0,1,0,0.0,0.0,1
veh_1909,0,0,0,1,0,0.0,0.0,1
veh_1910,0,0,0,1,0,0.0,0.0,1
veh_1911,0,0,0,1,0,0.0,0.0,1
veh_1912,0,0,0,1,0,0.0,0.0,0
veh_1913,0,0,0,1,0,0.0,0.0,0
veh_1914,0,0,0,1,0,0.0,0.0,1
veh_1915,0,0,0,1,0,0.0,0.0,1
veh_1916,0,0,0,1,0,0.0,0.0,1
veh_1917,0,0,0,1,0,0.0,0.0,1
veh_1918,0,0,0,1,0,0.0,0.0,1
veh_1919,0,0,0,1,0,0.0,0.0,1
veh_1920,0,0,0,1,0,0.0,0.0,0
veh_1921,0,0,0,1,0,0.0,0.0,0
veh_1922,0,0,0,1,0,0.0,0.0,1
veh_1923,0,0,0,1,0,0.0,0.0,1
veh_1924,0,0,0,1,0,0.0,0.0,0
veh_1925,0,0,0,1,0,0.0,0.0,1
veh_1926,0,0,0,1,0,0.0,0.0,1
veh_1927,0,0,0,1,0,0.0,0.0,1
veh_1928,0,0,0,1,0,0.0,0.0,1
veh_1929,0,0,0,1,0,0.0,0.0,0
veh_1930,0,0,0,1,0,0.0,0.0,1
veh_1931,0,0,0,1,0,0.0,0.0,1
veh_1932,0,0,0,1,0,0.0,0.0,1
veh_1933,0,0,0,1,0,0.0,0.0,0
veh_1934,0,0,0,1,0,0.0,0.0,1
veh_1935,0,0,0,1,0,0.0,0.0,1
veh_1936,0,0,0,1,0,0.0,0.0,1
veh_1937,0,0,0,1,0,0.0,0.0,1
veh_1938,0,0,0,1,0,0.0,0.0,1
veh_1939,0,0,0,1,0,0.0,0.0,1
veh_1940,0,0,0,1,0,0.0,0.0,0
veh_1941,0,0,0,1,0,0.0,0.0,1
veh_1942,0,0,0,1,0,0.0,0.0,1
veh_1943,0,0,0,1,0,0.0,0.0,1
veh_1944,0,0,0,1,0,0.0,0.0,1
veh_1945,0,0,0,1,0,0.0,0.0,1
veh_1946,0,0,0,1,0,0.0,0.0,1
veh_1947,0,0,0,1,0,0.0,0.0,1
veh_1948,0,0,0,1,0,0.0,0.0,1
veh_1949,0,0,0,1,0,0.0,0.0,0
veh_1950,0,0,0,1,0,0.0,0.0,0
veh_1951,0,0,0,1,0,0.0,0.0,1
veh_1952,0,0,0,1,0,0.0,0.0,1
veh_1953,0,0,0,1,0,0.0,0.0,1
veh_1954,0,0,0,1,0,0.0,0.0,0
veh_1955,0,0,0,1,0,0.0,0.0,1
veh_1956,0,0,0,1,0,0.0,0.0,1
veh_1957,0,0,0,1,0,0.0,0.0,1
veh_1958,0,0,0,1,0,0.0,0.0,0
veh_1959,0,0,0,1,0,0.0,0.0,0
veh_1960,0,0,0,1,0,0.0,0.0,1
veh_1961,0,0,0,1,0,0.0,0.0,1
veh_1962,0,0,0,1,0,0.0,0.0,0
veh_1963,0,0,0,1,0,0.0,0.0,1
veh_1964,0,0,0,1,0,0.0,0.0,1
veh_1965,0,0,0,1,0,0.0,0.0,1
veh_1966,0,0,0,1,0,0.0,0.0,0
veh_1967,0,0,0,1,0,0.0,0.0,0
veh_1968,0,0,0,1,0,0.0,0.0,0
veh_1969,0,0,0,1,0,0.0,0.0,1
veh_1970,0,0,0,1,0,0.0,0.0,1
veh_1971,0,0,0,1,0,0.0,0.0,1
veh_1972,0,0,0,1,0,0.0,0.0,1
veh_1973,0,0,0,1,0,0.0,0.0,0
veh_1974,0,0,0,1,0,0.0,0.0,1
veh_1975,0,0,0,1,0,0.0,0.0,0
veh_1976,0,0,0,1,0,0.0,0.0,1
veh_1977,0,0,0,1,0,0.0,0.0,1
veh_1978,0,0,0,1,0,0.0,0.0,0
veh_1979,0,0,0,1,0,0.0,0.0,0
veh_1980,0,0,0,1,0,0.0,0.0,1
veh_1981,0,0,0,1,0,0.0,0.0,0
veh_1982,0,0,0,1,0,0.0,0.0,0
veh_1983,0,0,0,1,0,0.0,0.0,1
veh_1984,0,0,0,1,0,0.0,0.0,0
veh_1985,0,0,0,1,0,0.0,0.0,1
veh_1986,0,0,0,1,0,0.0,0.0,1
veh_1987,0,0,0,1,0,0.0,0.0,1
veh_1988,0,0,0,1,0,0.0,0.0,1
veh_1989,0,0,0,1,0,0.0,0.0,1
veh_1990,0,0,0,1,0,0.0,0.0,0
veh_1991,0,0,0,1,0,0.0,0.0,0
veh_1992,0,0,0,1,0,0.0,0.0,1
veh_1993,0,0,0,1,0,0.0,0.0,1
veh_1994,0,0,0,1,0,0.0,0.0,1
veh_1995,0,0,0,1,0,0.0,0.0,1
veh_1996,0,0,0,1,0,0.0,0.0,1
veh_1997,0,0,0,1,0,0.0,0.0,1
veh_1998,0,0,0,1,0,0.0,0.0,1
veh_1999,0,0,0,1,0,0.0,0.0,1
veh_2000,0,0,0,1,0,0.0,0.0,1
veh_2001,0,0,0,1,0,0.0,0.0,1
veh_2002,0,0,0,1,0,0.0,0.0,1
veh_2003,0,0,0,1,0,0.0,0.0,1
veh_2004,0,0,0,1,0,0.0,0.0,1
veh_2005,0,0,0,1,0,0.0,0.0,0
veh_2006,0,0,0,1,0,0.0,0.0,1
veh_2007,0,0,0,1,0,0.0,0.0,1
veh_2008,0,0,0,1,0,0.0,0.0,0
veh_2009,0,0,0,1,0,0.0,0.0,1
veh_2010,0,0,0,1,0,0.0,0.0,1
veh_2011,0,0,0,1,0,0.0,0.0,0
veh_2012,0,0,0,1,0,0.0,0.0,1
veh_2013,0,0,0,1,0,0.0,0.0,1
veh_2014,0,0,0,1,0,0.0,0.0,1
veh_2015,0,0,0,1,0,0.0,0.0,1
veh_2016,0,0,0,1,0,0.0,0.0,0
veh_2017,0,0,0,1,0,0.0,0.0,1
veh_2018,0,0,0,1,0,0.0,0.0,1
veh_2019,0,0,0,1,0,0.0,0.0,1
veh_2020,0,0,0,1,0,0.0,0.0,1
veh_2021,0,0,0,1,0,0.0,0.0,1
veh_2022,0,0,0,1,0,0.0,0.0,0
veh_2023,0,0,0,1,0,0.0,0.0,1
veh_2024,0,0,0,1,0,0.0,0.0,0
veh_2025,0,0,0,1,0,0.0,0.0,1
veh_2026,0,0,0,1,0,0.0,0.0,1
veh_2027,0,0,0,1,0,0.0,0.0,0
veh_2028,0,0,0,1,0,0.0,0.0,1
veh_2029,0,0,0,1,0,0.0,0.0,1
veh_2030,0,0,0,1,0,0.0,0.0,0
veh_2031,0,0,0,1,0,0.0,0.0,1
veh_2032,0,0,0,1,0,0.0,0.0,1
veh_2033,0,0,0,1,0,0.0,0.0,1
veh_2034,0,0,0,1,0,0.0,0.0,1
veh_2035,0,0,0,1,0,0.0,0.0,0
veh_2036,0,0,0,1,0,0.0,0.0,1
veh_2037,0,0,0,1,0,0.0,0.0,1
veh_2038,0,0,0,1,0,0.0,0.0,1
veh_2039,0,0,0,1,0,0.0,0.0,0
veh_2040,0,0,0,1,0,0.0,0.0,1
veh_2041,0,0,0,1,0,0.0,0.0,1
veh_2042,0,0,0,1,0,0.0,0.0,1
veh_2043,0,0,0,1,0,0.0,0.0,1
veh_2044,0,0,0,1,0,0.0,0.0,1
veh_2045,0,0,0,1,0,0.0,0.0,0
veh_2046,0,0,0,1,0,0.0,0.0,1
veh_2047,0,0,0,1,0,0.0,0.0,1
veh_2048,0,0,0,1,0,0.0,0.0,1
veh_2049,0,0,0,1,0,0.0,0.0,1
veh_2050,0,0,0,1,0,0.0,0.0,0
veh_2051,0,0,0,1,0,0.0,0.0,1
veh_2052,0,0,0,1,0,0.0,0.0,1
veh_2053,0,0,0,1,0,0.0,0.0,0
veh_2054,0,0,0,1,0,0.0,0.0,0
veh_2055,0,0,0,1,0,0.0,0.0,1
veh_2056,0,0,0,1,0,0.0,0.0,1
veh_2057,0,0,0,1,0,0.0,0.0,1
veh_2058,0,0,0,1,0,0.0,0.0,1
veh_2059,0,0,0,1,0,0.0,0.0,1
veh_2060,0,0,0,1,0,0.0,0.0,1
veh_2061,0,0,0,1,0,0.0,0.0,1
veh_2062,0,0,0,1,0,0.0,0.0,1
veh_2063,0,0,0,1,0,0.0,0.0,0
veh_2064,0,0,0,1,0,0.0,0.0,1
veh_2065,0,0,0,1,0,0.0,0.0,1
veh_2066,0,0,0,1,0,0.0,0.0,1
veh_2067,0,0,0,1,0,0.0,0.0,1
veh_2068,0,0,0,1,0,0.0,0.0,0
veh_2069,0,0,0,1,0,0.0,0.0,0
veh_2070,0,0,0,1,0,0.0,0.0,0
veh_2071,0,0,0,1,0,0.0,0.0,1
veh_2072,0,0,0,1,0,0.0,0.0,1
veh_2073,0,0,0,1,0,0.0,0.0,1
veh_2074,0,0,0,1,0,0.0,0.0,1
veh_2075,0,0,0,1,0,0.0,0.0,1
veh_2076,0,0,0,1,0,0.0,0.0,1
veh_2077,0,0,0,1,0,0.0,0.0,1
veh_2078,0,0,0,1,0,0.0,0.0,1
veh_2079,0,0,0,1,0,0.0,0.0,1
veh_2080,0,0,0,1,0,0.0,0.0,1
veh_2081,0,0,0,1,0,0.0,0.0,1
veh_2082,0,0,0,1,0,0.0,0.0,1
veh_2083,0,0,0,1,0,0.0,0.0,1
veh_2084,0,0,0,1,0,0.0,0.0,1
veh_2085,0,0,0,1,0,0.0,0.0,1
veh_2086,0,0,0,1,0,0.0,0.0,0
veh_2087,0,0,0,1,0,0.0,0.0,1
veh_2088,0,0,0,1,0,0.0,0.0,1
veh_2089,0,0,0,1,0,0.0,0.0,1
veh_2090,0,0,0,1,0,0.0,0.0,1
veh_2091,0,0,0,1,0,0.0,0.0,1
veh_2092,0,0,0,1,0,0.0,0.0,1
veh_2093,0,0,0,1,0,0.0,0.0,1
veh_2094,0,0,0,1,0,0.0,0.0,1
veh_2095,0,0,0,1,0,0.0,0.0,1
veh_2096,0,0,0,1,0,0.0,0.0,1
veh_2097,0,0,0,1,0,0.0,0.0,1
veh_2098,0,0,0,1,0,0.0,0.0,0
veh_2099,0,0,0,1,0,0.0,0.0,1
veh_2100,0,0,0,1,0,0.0,0.0,1
veh_2101,0,0,0,1,0,0.0,0.0,1
veh_2102,0,0,0,1,0,0.0,0.0,1
veh_2103,0,0,0,1,0,0.0,0.0,1
veh_2104,0,0,0,1,0,0.0,0.0,0
veh_2105,0,0,0,1,0,0.0,0.0,1
veh_2106,0,0,0,1,0,0.0,0.0,1
veh_2107,0,0,0,1,0,0.0,0.0,1
veh_2108,0,0,0,1,0,0.0,0.0,1
veh_2109,0,0,0,1,0,0.0,0.0,1
veh_2110,0,0,0,1,0,0.0,0.0,1
veh_2111,0,0,0,1,0,0.0,0.0,1
veh_2112,0,0,0,1,0,0.0,0.0,1
veh_2113,0,0,0,1,0,0.0,0.0,1
veh_2114,0,0,0,1,0,0.0,0.0,1
veh_2115,0,0,0,1,0,0.0,0.0,0
veh_2116,0,0,0,1,0,0.0,0.0,1
veh_2117,0,0,0,1,0,0.0,0.0,0
veh_2118,0,0,0,1,0,0.0,0.0,1
veh_2119,0,0,0,1,0,0.0,0.0,0
veh_2120,0,0,0,1,0,0.0,0.0,1
veh_2121,0,0,0,1,0,0.0,0.0,1
veh_2122,0,0,0,1,0,0.0,0.0,0
veh_2123,0,0,0,1,0,0.0,0.0,1
veh_2124,0,0,0,1,0,0.0,0.0,1
veh_2125,0,0,0,1,0,0.0,0.0,0
veh_2126,0,0,0,1,0,0.0,0.0,1
veh_2127,0,0,0,1,0,0.0,0.0,1
veh_2128,0,0,0,1,0,0.0,0.0,0
veh_2129,0,0,0,1,0,0.0,0.0,1
veh_2130,0,0,0,1,0,0.0,0.0,1
veh_2131,0,0,0,1,0,0.0,0.0,1
veh_2132,0,0,0,1,0,0.0,0.0,1
veh_2133,0,0,0,1,0,0.0,0.0,1
veh_2134,0,0,0,1,0,0.0,0.0,1
veh_2135,0,0,0,1,0,0.0,0.0,1
veh_2136,0,0,0,1,0,0.0,0.0,0
veh_2137,0,0,0,1,0,0.0,0.0,1
veh_2138,0,0,0,1,0,0.0,0.0,1
veh_2139,0,0,0,1,0,0.0,0.0,0
veh_2140,0,0,0,1,0,0.0,0.0,1
veh_2141,0,0,0,1,0,0.0,0.0,1
veh_2142,0,0,0,1,0,0.0,0.0,1
veh_2143,0,0,0,1,0,0.0,0.0,1
veh_2144,0,0,0,1,0,0.0,0.0,1
veh_2145,0,0,0,1,0,0.0,0.0,1
veh_2146,0,0,0,1,0,0.0,0.0,1
veh_2147,0,0,0,1,0,0.0,0.0,1
veh_2148,0,0,0,1,0,0.0,0.0,0
veh_2149,0,0,0,1,0,0.0,0.0,1
veh_2150,0,0,0,1,0,0.0,0.0,1
veh_2151,0,0,0,1,0,0.0,0.0,1
veh_2152,0,0,0,1,0,0.0,0.0,1
veh_2153,0,0,0,1,0,0.0,0.0,0
veh_2154,0,0,0,1,0,0.0,0.0,1
veh_2155,0,0,0,1,0,0.0,0.0,1
veh_2156,0,0,0,1,0,0.0,0.0,1
veh_2157,0,0,0,1,0,0.0,0.0,1
veh_2158,0,0,0,1,0,0.0,0.0,1
veh_2159,0,0,0,1,0,0.0,0.0,1
veh_2160,0,0,0,1,0,0.0,0.0,1
veh_2161,0,0,0,1,0,0.0,0.0,1
veh_2162,0,0,0,1,0,0.0,0.0,1
veh_2163,0,0,0,1,0,0.0,0.0,1
veh_2164,0,0,0,1,0,0.0,0.0,1
veh_2165,0,0,0,1,0,0.0,0.0,0
veh_2166,0,0,0,1,0,0.0,0.0,0
veh_2167,0,0,0,1,0,0.0,0.0,1
veh_2168,0,0,0,1,0,0.0,0.0,0
veh_2169,0,0,0,1,0,0.0,0.0,0
veh_2170,0,0,0,1,0,0.0,0.0,0
veh_2171,0,0,0,1,0,0.0,0.0,1
veh_2172,0,0,0,1,0,0.0,0.0,1
veh_2173,0,0,0,1,0,0.0,0.0,0
veh_2174,0,0,0,1,0,0.0,0.0,1
veh_2175,0,0,0,1,0,0.0,0.0,1
veh_2176,0,0,0,1,0,0.0,0.0,1
veh_2177,0,0,0,1,0,0.0,0.0,1
veh_2178,0,0,0,1,0,0.0,0.0,1
veh_2179,0,0,0,1,0,0.0,0.0,1
veh_2180,0,0,0,1,0,0.0,0.0,1
veh_2181,0,0,0,1,0,0.0,0.0,0
veh_2182,0,0,0,1,0,0.0,0.0,0
veh_2183,0,0,0,1,0,0.0,0.0,1
veh_2184,0,0,0,1,0,0.0,0.0,1
veh_2185,0,0,0,1,0,0.0,0.0,1
veh_2186,0,0,0,1,0,0.0,0.0,1
veh_2187,0,0,0,1,0,0.0,0.0,1
veh_2188,0,0,0,1,0,0.0,0.0,0
veh_2189,0,0,0,1,0,0.0,0.0,1
veh_2190,0,0,0,1,0,0.0,0.0,1
veh_2191,0,0,0,1,0,0.0,0.0,1
veh_2192,0,0,0,1,0,0.0,0.0,1
veh_2193,0,0,0,1,0,0.0,0.0,1
veh_2194,0,0,0,1,0,0.0,0.0,1
veh_2195,0,0,0,1,0,0.0,0.0,1
veh_2196,0,0,0,1,0,0.0,0.0,1
veh_2197,0,0,0,1,0,0.0,0.0,1
veh_2198,0,0,0,1,0,0.0,0.0,1
veh_2199,0,0,0,1,0,0.0,0.0,0
veh_2200,0,0,0,1,0,0.0,0.0,1
veh_2201,0,0,0,1,0,0.0,0.0,1
veh_2202,0,0,0,1,0,0.0,0.0,1
veh_2203,0,0,0,1,0,0.0,0.0,0
veh_2204,0,0,0,1,0,0.0,0.0,0
veh_2205,0,0,0,1,0,0.0,0.0,1
veh_2206,0,0,0,1,0,0.0,0.0,0
veh_2207,0,0,0,1,0,0.0,0.0,1
veh_2208,0,0,0,1,0,0.0,0.0,0
veh_2209,0,0,0,1,0,0.0,0.0,1
veh_2210,0,0,0,1,0,0.0,0.0,1
veh_2211,0,0,0,1,0,0.0,0.0,1
veh_2212,0,0,0,1,0,0.0,0.0,1
veh_2213,0,0,0,1,0,0.0,0.0,1
veh_2214,0,0,0,1,0,0.0,0.0,0
veh_2215,0,0,0,1,0,0.0,0.0,0
veh_2216,0,0,0,1,0,0.0,0.0,1
veh_2217,0,0,0,1,0,0.0,0.0,0
veh_2218,0,0,0,1,0,0.0,0.0,1
veh_2219,0,0,0,1,0,0.0,0.0,0
veh_2220,0,0,0,1,0,0.0,0.0,1
veh_2221,0,0,0,1,0,0.0,0.0,1
veh_2222,0,0,0,1,0,0.0,0.0,0
veh_2223,0,0,0,1,0,0.0,0.0,1
veh_2224,0,0,0,1,0,0.0,0.0,0
veh_2225,0,0,0,1,0,0.0,0.0,1
veh_2226,0,0,0,1,0,0.0,0.0,0
veh_2227,0,0,0,1,0,0.0,0.0,1
veh_2228,0,0,0,1,0,0.0,0.0,1
veh_2229,0,0,0,1,0,0.0,0.0,1
veh_2230,0,0,0,1,0,0.0,0.0,1
veh_2231,0,0,0,1,0,0.0,0.0,1
veh_2232,0,0,0,1,0,0.0,0.0,1
veh_2233,0,0,0,1,0,0.0,0.0,1
veh_2234,0,0,0,1,0,0.0,0.0,1
veh_2235,0,0,0,1,0,0.0,0.0,1
veh_2236,0,0,0,1,0,0.0,0.0,1
veh_2237,0,0,0,1,0,0.0,0.0,1
veh_2238,0,0,0,1,0,0.0,0.0,1
veh_2239,0,0,0,1,0,0.0,0.0,1
veh_2240,0,0,0,1,0,0.0,0.0,1
veh_2241,0,0,0,1,0,0.0,0.0,1
veh_2242,0,0,0,1,0,0.0,0.0,0
veh_2243,0,0,0,1,0,0.0,0.0,0
veh_2244,0,0,0,1,0,0.0,0.0,1
veh_2245,0,0,0,1,0,0.0,0.0,1
veh_2246,0,0,0,1,0,0.0,0.0,1
veh_2247,0,0,0,1,0,0.0,0.0,1
veh_2248,0,0,0,1,0,0.0,0.0,1
veh_2249,0,0,0,1,0,0.0,0.0,1
veh_2250,0,0,0,1,0,0.0,0.0,1
veh_2251,0,0,0,1,0,0.0,0.0,1
veh_2252,0,0,0,1,0,0.0,0.0,1
veh_2253,0,0,0,1,0,0.0,0.0,1
veh_2254,0,0,0,1,0,0.0,0.0,1
veh_2255,0,0,0,1,0,0.0,0.0,1
veh_2256,0,0,0,1,0,0.0,0.0,0
veh_2257,0,0,0,1,0,0.0,0.0,0
veh_2258,0,0,0,1,0,0.0,0.0,1
veh_2259,0,0,0,1,0,0.0,0.0,1
veh_2260,0,0,0,1,0,0.0,0.0,1
veh_2261,0,0,0,1,0,0.0,0.0,1
veh_2262,0,0,0,1,0,0.0,0.0,1
veh_2263,0,0,0,1,0,0.0,0.0,1
veh_2264,0,0,0,1,0,0.0,0.0,1
veh_2265,0,0,0,1,0,0.0,0.0,1
veh_2266,0,0,0,1,0,0.0,0.0,1
veh_2267,0,0,0,1,0,0.0,0.0,0
veh_2268,0,0,0,1,0,0.0,0.0,1
veh_2269,0,0,0,1,0,0.0,0.0,0
veh_2270,0,0,0,1,0,0.0,0.0,1
veh_2271,0,0,0,1,0,0.0,0.0,1
veh_2272,0,0,0,1,0,0.0,0.0,1
veh_2273,0,0,0,1,0,0.0,0.0,0
veh_2274,0,0,0,1,0,0.0,0.0,0
veh_2275,0,0,0,1,0,0.0,0.0,1
veh_2276,0,0,0,1,0,0.0,0.0,1
veh_2277,0,0,0,1,0,0.0,0.0,1
veh_2278,0,0,0,1,0,0.0,0.0,0
veh_2279,0,0,0,1,0,0.0,0.0,1
veh_2280,0,0,0,1,0,0.0,0.0,1
veh_2281,0,0,0,1,0,0.0,0.0,1
veh_2282,0,0,0,1,0,0.0,0.0,1
veh_2283,0,0,0,1,0,0.0,0.0,0
veh_2284,0,0,0,1,0,0.0,0.0,0
veh_2285,0,0,0,1,0,0.0,0.0,0
veh_2286,0,0,0,1,0,0.0,0.0,1
veh_2287,0,0,0,1,0,0.0,0.0,1
veh_2288,0,0,0,1,0,0.0,0.0,1
veh_2289,0,0,0,1,0,0.0,0.0,1
veh_2290,0,0,0,1,0,0.0,0.0,1
veh_2291,0,0,0,1,0,0.0,0.0,1
veh_2292,0,0,0,1,0,0.0,0.0,1
veh_2293,0,0,0,1,0,0.0,0.0,1
veh_2294,0,0,0,1,0,0.0,0.0,1
veh_2295,0,0,0,1,0,0.0,0.0,0
veh_2296,0,0,0,1,0,0.0,0.0,1
veh_2297,0,0,0,1,0,0.0,0.0,1
veh_2298,0,0,0,1,0,0.0,0.0,0
veh_2299,0,0,0,1,0,0.0,0.0,0
veh_2300,0,0,0,1,0,0.0,0.0,1
veh_2301,0,0,0,1,0,0.0,0.0,0
veh_2302,0,0,0,1,0,0.0,0.0,1
veh_2303,0,0,0,1,0,0.0,0.0,0
veh_2304,0,0,0,1,0,0.0,0.0,1
veh_2305,0,0,0,1,0,0.0,0.0,1
veh_2306,0,0,0,1,0,0.0,0.0,1
veh_2307,0,0,0,1,0,0.0,0.0,0
veh_2308,0,0,0,1,0,0.0,0.0,1
veh_2309,0,0,0,1,0,0.0,0.0,1
veh_2310,0,0,0,1,0,0.0,0.0,0
veh_2311,0,0,0,1,0,0.0,0.0,1
veh_2312,0,0,0,1,0,0.0,0.0,1
veh_2313,0,0,0,1,0,0.0,0.0,1
veh_2314,0,0,0,1,0,0.0,0.0,0
veh_2315,0,0,0,1,0,0.0,0.0,1
veh_2316,0,0,0,1,0,0.0,0.0,1
veh_2317,0,0,0,1,0,0.0,0.0,1
veh_2318,0,0,0,1,0,0.0,0.0,1
veh_2319,0,0,0,1,0,0.0,0.0,1
veh_2320,0,0,0,1,0,0.0,0.0,1
veh_2321,0,0,0,1,0,0.0,0.0,1
veh_2322,0,0,0,1,0,0.0,0.0,1
veh_2323,0,0,0,1,0,0.0,0.0,1
veh_2324,0,0,0,1,0,0.0,0.0,1
veh_2325,0,0,0,1,0,0.0,0.0,1
veh_2326,0,0,0,1,0,0.0,0.0,1
veh_2327,0,0,0,1,0,0.0,0.0,1
veh_2328,0,0,0,1,0,0.0,0.0,0
veh_2329,0,0,0,1,0,0.0,0.0,1
veh_2330,0,0,0,1,0,0.0,0.0,1
veh_2331,0,0,0,1,0,0.0,0.0,1
veh_2332,0,0,0,1,0,0.0,0.0,1
veh_2333,0,0,0,1,0,0.0,0.0,1
veh_2334,0,0,0,1,0,0.0,0.0,1
veh_2335,0,0,0,1,0,0.0,0.0,1
veh_2336,0,0,0,1,0,0.0,0.0,1
veh_2337,0,0,0,1,0,0.0,0.0,1
veh_2338,0,0,0,1,0,0.0,0.0,1
veh_2339,0,0,0,1,0,0.0,0.0,0
veh_2340,0,0,0,1,0,0.0,0.0,1
veh_2341,0,0,0,1,0,0.0,0.0,1
veh_2342,0,0,0,1,0,0.0,0.0,1
veh_2343,0,0,0,1,0,0.0,0.0,1
veh_2344,0,0,0,1,0,0.0,0.0,1
veh_2345,0,0,0,1,0,0.0,0.0,1
veh_2346,0,0,0,1,0,0.0,0.0,1
veh_2347,0,0,0,1,0,0.0,0.0,1
veh_2348,0,0,0,1,0,0.0,0.0,1
veh_2349,0,0,0,1,0,0.0,0.0,1
veh_2350,0,0,0,1,0,0.0,0.0,1
veh_2351,0,0,0,1,0,0.0,0.0,0
veh_2352,0,0,0,1,0,0.0,0.0,1
veh_2353,0,0,0,1,0,0.0,0.0,0
veh_2354,0,0,0,1,0,0.0,0.0,1
veh_2355,0,0,0,1,0,0.0,0.0,1
veh_2356,0,0,0,1,0,0.0,0.0,1
veh_2357,0,0,0,1,0,0.0,0.0,0
veh_2358,0,0,0,1,0,0.0,0.0,1
veh_2359,0,0,0,1,0,0.0,0.0,1
veh_2360,0,0,0,1,0,0.0,0.0,0
veh_2361,0,0,0,1,0,0.0,0.0,1
veh_2362,0,0,0,1,0,0.0,0.0,1
veh_2363,0,0,0,1,0,0.0,0.0,1
veh_2364,0,0,0,1,0,0.0,0.0,1
veh_2365,0,0,0,1,0,0.0,0.0,1
veh_2366,0,0,0,1,0,0.0,0.0,1
veh_2367,0,0,0,1,0,0.0,0.0,0
veh_2368,0,0,0,1,0,0.0,0.0,0
veh_2369,0,0,0,1,0,0.0,0.0,0
veh_2370,0,0,0,1,0,0.0,0.0,1
veh_2371,0,0,0,1,0,0.0,0.0,0
veh_2372,0,0,0,1,0,0.0,0.0,1
veh_2373,0,0,0,1,0,0.0,0.0,0
veh_2374,0,0,0,1,0,0.0,0.0,0
veh_2375,0,0,0,1,0,0.0,0.0,1
veh_2376,0,0,0,1,0,0.0,0.0,1
veh_2377,0,0,0,1,0,0.0,0.0,1
veh_2378,0,0,0,1,0,0.0,0.0,1
veh_2379,0,0,0,1,0,0.0,0.0,1
veh_2380,0,0,0,1,0,0.0,0.0,1
veh_2381,0,0,0,1,0,0.0,0.0,1
veh_2382,0,0,0,1,0,0.0,0.0,0
veh_2383,0,0,0,1,0,0.0,0.0,1
veh_2384,0,0,0,1,0,0.0,0.0,1
veh_2385,0,0,0,1,0,0.0,0.0,1
veh_2386,0,0,0,1,0,0.0,0.0,1
veh_2387,0,0,0,1,0,0.0,0.0,0
veh_2388,0,0,0,1,0,0.0,0.0,0
veh_2389,0,0,0,1,0,0.0,0.0,1
veh_2390,0,0,0,1,0,0.0,0.0,0
veh_2391,0,0,0,1,0,0.0,0.0,1
veh_2392,0,0,0,1,0,0.0,0.0,0
veh_2393,0,0,0,1,0,0.0,0.0,0
veh_2394,0,0,0,1,0,0.0,0.0,1
veh_2395,0,0,0,1,0,0.0,0.0,1
veh_2396,0,0,0,1,0,0.0,0.0,1
veh_2397,0,0,0,1,0,0.0,0.0,1
veh_2398,0,0,0,1,0,0.0,0.0,0
veh_2399,0,0,0,1,0,0.0,0.0,0
veh_2400,0,0,0,1,0,0.0,0.0,1
veh_2401,0,0,0,1,0,0.0,0.0,1
veh_2402,0,0,0,1,0,0.0,0.0,1
veh_2403,0,0,0,1,0,0.0,0.0,1
veh_2404,0,0,0,1,0,0.0,0.0,1
veh_2405,0,0,0,1,0,0.0,0.0,0
veh_2406,0,0,0,1,0,0.0,0.0,1
veh_2407,0,0,0,1,0,0.0,0.0,1
veh_2408,0,0,0,1,0,0.0,0.0,1
veh_2409,0,0,0,1,0,0.0,0.0,1
veh_2410,0,0,0,1,0,0.0,0.0,0
veh_2411,0,0,0,1,0,0.0,0.0,1
veh_2412,0,0,0,1,0,0.0,0.0,0
veh_2413,0,0,0,1,0,0.0,0.0,1
veh_2414,0,0,0,1,0,0.0,0.0,1
veh_2415,0,0,0,1,0,0.0,0.0,1
veh_2416,0,0,0,1,0,0.0,0.0,1
veh_2417,0,0,0,1,0,0.0,0.0,1
veh_2418,0,0,0,1,0,0.0,0.0,1
veh_2419,0,0,0,1,0,0.0,0.0,0
veh_2420,0,0,0,1,0,0.0,0.0,0
veh_2421,0,0,0,1,0,0.0,0.0,1
veh_2422,0,0,0,1,0,0.0,0.0,1
veh_2423,0,0,0,1,0,0.0,0.0,1
veh_2424,0,0,0,1,0,0.0,0.0,0
veh_2425,0,0,0,1,0,0.0,0.0,1
veh_2426,0,0,0,1,0,0.0,0.0,1
veh_2427,0,0,0,1,0,0.0,0.0,1
veh_2428,0,0,0,1,0,0.0,0.0,1
veh_2429,0,0,0,1,0,0.0,0.0,1
veh_2430,0,0,0,1,0,0.0,0.0,1
veh_2431,0,0,0,1,0,0.0,0.0,1
veh_2432,0,0,0,1,0,0.0,0.0,1
veh_2433,0,0,0,1,0,0.0,0.0,0
veh_2434,0,0,0,1,0,0.0,0.0,1
veh_2435,0,0,0,1,0,0.0,0.0,1
veh_2436,0,0,0,1,0,0.0,0.0,1
veh_2437,0,0,0,1,0,0.0,0.0,1
veh_2438,0,0,0,1,0,0.0,0.0,1
veh_2439,0,0,0,1,0,0.0,0.0,1
veh_2440,0,0,0,1,0,0.0,0.0,1
veh_2441,0,0,0,1,0,0.0,0.0,1
veh_2442,0,0,0,1,0,0.0,0.0,1
veh_2443,0,0,0,1,0,0.0,0.0,1
veh_2444,0,0,0,1,0,0.0,0.0,0
veh_2445,0,0,0,1,0,0.0,0.0,1
veh_2446,0,0,0,1,0,0.0,0.0,1
veh_2447,0,0,0,1,0,0.0,0.0,0
veh_2448,0,0,0,1,0,0.0,0.0,0
veh_2449,0,0,0,1,0,0.0,0.0,1
veh_2450,0,0,0,1,0,0.0,0.0,1
veh_2451,0,0,0,1,0,0.0,0.0,1
veh_2452,0,0,0,1,0,0.0,0.0,1
veh_2453,0,0,0,1,0,0.0,0.0,1
veh_2454,0,0,0,1,0,0.0,0.0,1
veh_2455,0,0,0,1,0,0.0,0.0,1
veh_2456,0,0,0,1,0,0.0,0.0,1
veh_2457,0,0,0,1,0,0.0,0.0,1
veh_2458,0,0,0,1,0,0.0,0.0,1
veh_2459,0,0,0,1,0,0.0,0.0,1
veh_2460,0,0,0,1,0,0.0,0.0,1
veh_2461,0,0,0,1,0,0.0,0.0,1
veh_2462,0,0,0,1,0,0.0,0.0,1
veh_2463,0,0,0,1,0,0.0,0.0,1
veh_2464,0,0,0,1,0,0.0,0.0,1
veh_2465,0,0,0,1,0,0.0,0.0,1
veh_2466,0,0,0,1,0,0.0,0.0,1
veh_2467,0,0,0,1,0,0.0,0.0,0
veh_2468,0,0,0,1,0,0.0,0.0,1
veh_2469,0,0,0,1,0,0.0,0.0,0
veh_2470,0,0,0,1,0,0.0,0.0,1
veh_2471,0,0,0,1,0,0.0,0.0,0
veh_2472,0,0,0,1,0,0.0,0.0,1
veh_2473,0,0,0,1,0,0.0,0.0,1
veh_2474,0,0,0,1,0,0.0,0.0,1
veh_2475,0,0,0,1,0,0.0,0.0,1
veh_2476,0,0,0,1,0,0.0,0.0,1
veh_2477,0,0,0,1,0,0.0,0.0,1
veh_2478,0,0,0,1,0,0.0,0.0,1
veh_2479,0,0,0,1,0,0.0,0.0,1
veh_2480,0,0,0,1,0,0.0,0.0,1
veh_2481,0,0,0,1,0,0.0,0.0,1
veh_2482,0,0,0,1,0,0.0,0.0,0
veh_2483,0,0,0,1,0,0.0,0.0,1
veh_2484,0,0,0,1,0,0.0,0.0,1
veh_2485,0,0,0,1,0,0.0,0.0,1
veh_2486,0,0,0,1,0,0.0,0.0,1
veh_2487,0,0,0,1,0,0.0,0.0,1
veh_2488,0,0,0,1,0,0.0,0.0,1
veh_2489,0,0,0,1,0,0.0,0.0,1
veh_2490,0,0,0,1,0,0.0,0.0,1
veh_2491,0,0,0,1,0,0.0,0.0,1
veh_2492,0,0,0,1,0,0.0,0.0,1
veh_2493,0,0,0,1,0,0.0,0.0,0
veh_2494,0,0,0,1,0,0.0,0.0,0
veh_2495,0,0,0,1,0,0.0,0.0,1
veh_2496,0,0,0,1,0,0.0,0.0,1
veh_2497,0,0,0,1,0,0.0,0.0,1
veh_2498,0,0,0,1,0,0.0,0.0,1
veh_2499,0,0,0,1,0,0.0,0.0,1
veh_2500,0,0,0,1,0,0.0,0.0,1
veh_2501,0,0,0,1,0,0.0,0.0,1
veh_2502,0,0,0,1,0,0.0,0.0,1
veh_2503,0,0,0,1,0,0.0,0.0,1
veh_2504,0,0,0,1,0,0.0,0.0,1
veh_2505,0,0,0,1,0,0.0,0.0,1
veh_2506,0,0,0,1,0,0.0,0.0,1
veh_2507,0,0,0,1,0,0.0,0.0,1
veh_2508,0,0,0,1,0,0.0,0.0,0
veh_2509,0,0,0,1,0,0.0,0.0,0
veh_2510,0,0,0,1,0,0.0,0.0,1
veh_2511,0,0,0,1,0,0.0,0.0,1
veh_2512,0,0,0,1,0,0.0,0.0,0
veh_2513,0,0,0,1,0,0.0,0.0,1
veh_2514,0,0,0,1,0,0.0,0.0,1
veh_2515,0,0,0,1,0,0.0,0.0,1
veh_2516,0,0,0,1,0,0.0,0.0,0
veh_2517,0,0,0,1,0,0.0,0.0,1
veh_2518,0,0,0,1,0,0.0,0.0,1
veh_2519,0,0,0,1,0,0.0,0.0,0
veh_2520,0,0,0,1,0,0.0,0.0,1
veh_2521,0,0,0,1,0,0.0,0.0,1
veh_2522,0,0,0,1,0,0.0,0.0,1
veh_2523,0,0,0,1,0,0.0,0.0,1
veh_2524,0,0,0,1,0,0.0,0.0,1
veh_2525,0,0,0,1,0,0.0,0.0,1
veh_2526,0,0,0,1,0,0.0,0.0,1
veh_2527,0,0,0,1,0,0.0,0.0,1
veh_2528,0,0,0,1,0,0.0,0.0,1
veh_2529,0,0,0,1,0,0.0,0.0,0
veh_2530,0,0,0,1,0,0.0,0.0,1
veh_2531,0,0,0,1,0,0.0,0.0,1
veh_2532,0,0,0,1,0,0.0,0.0,1
veh_2533,0,0,0,1,0,0.0,0.0,1
veh_2534,0,0,0,1,0,0.0,0.0,1
veh_2535,0,0,0,1,0,0.0,0.0,1
veh_2536,0,0,0,1,0,0.0,0.0,0
veh_2537,0,0,0,1,0,0.0,0.0,0
veh_2538,0,0,0,1,0,0.0,0.0,0
veh_2539,0,0,0,1,0,0.0,0.0,1
veh_2540,0,0,0,1,0,0.0,0.0,1
veh_2541,0,0,0,1,0,0.0,0.0,1
veh_2542,0,0,0,1,0,0.0,0.0,1
veh_2543,0,0,0,1,0,0.0,0.0,1
veh_2544,0,0,0,1,0,0.0,0.0,1
veh_2545,0,0,0,1,0,0.0,0.0,1
veh_2546,0,0,0,1,0,0.0,0.0,1
veh_2547,0,0,0,1,0,0.0,0.0,0
veh_2548,0,0,0,1,0,0.0,0.0,1
veh_2549,0,0,0,1,0,0.0,0.0,1
veh_2550,0,0,0,1,0,0.0,0.0,1
veh_2551,0,0,0,1,0,0.0,0.0,1
veh_2552,0,0,0,1,0,0.0,0.0,1
veh_2553,0,0,0,1,0,0.0,0.0,1
veh_2554,0,0,0,1,0,0.0,0.0,1
veh_2555,0,0,0,1,0,0.0,0.0,0
veh_2556,0,0,0,1,0,0.0,0.0,1
veh_2557,0,0,0,1,0,0.0,0.0,1
veh_2558,0,0,0,1,0,0.0,0.0,1
veh_2559,0,0,0,1,0,0.0,0.0,1
veh_2560,0,0,0,1,0,0.0,0.0,1
veh_2561,0,0,0,1,0,0.0,0.0,1
veh_2562,0,0,0,1,0,0.0,0.0,1
veh_2563,0,0,0,1,0,0.0,0.0,1
veh_2564,0,0,0,1,0,0.0,0.0,1
veh_2565,0,0,0,1,0,0.0,0.0,0
veh_2566,0,0,0,1,0,0.0,0.0,1
veh_2567,0,0,0,1,0,0.0,0.0,1
veh_2568,0,0,0,1,0,0.0,0.0,1
veh_2569,0,0,0,1,0,0.0,0.0,1
veh_2570,0,0,0,1,0,0.0,0.0,1
veh_2571,0,0,0,1,0,0.0,0.0,1
veh_2572,0,0,0,1,0,0.0,0.0,1
veh_2573,0,0,0,1,0,0.0,0.0,0
veh_2574,0,0,0,1,0,0.0,0.0,1
veh_2575,0,0,0,1,0,0.0,0.0,0
veh_2576,0,0,0,1,0,0.0,0.0,1
veh_2577,0,0,0,1,0,0.0,0.0,1
veh_2578,0,0,0,1,0,0.0,0.0,0
veh_2579,0,0,0,1,0,0.0,0.0,1
veh_2580,0,0,0,1,0,0.0,0.0,1
veh_2581,0,0,0,1,0,0.0,0.0,1
veh_2582,0,0,0,1,0,0.0,0.0,1
veh_2583,0,0,0,1,0,0.0,0.0,1
veh_2584,0,0,0,1,0,0.0,0.0,1
veh_2585,0,0,0,1,0,0.0,0.0,1
veh_2586,0,0,0,1,0,0.0,0.0,0
veh_2587,0,0,0,1,0,0.0,0.0,1
veh_2588,0,0,0,1,0,0.0,0.0,1
veh_2589,0,0,0,1,0,0.0,0.0,1
veh_2590,0,0,0,1,0,0.0,0.0,1
veh_2591,0,0,0,1,0,0.0,0.0,1
veh_2592,0,0,0,1,0,0.0,0.0,0
veh_2593,0,0,0,1,0,0.0,0.0,1
veh_2594,0,0,0,1,0,0.0,0.0,1
veh_2595,0,0,0,1,0,0.0,0.0,1
veh_2596,0,0,0,1,0,0.0,0.0,1
veh_2597,0,0,0,1,0,0.0,0.0,1
veh_2598,0,0,0,1,0,0.0,0.0,1
veh_2599,0,0,0,1,0,0.0,0.0,1
veh_2600,0,0,0,1,0,0.0,0.0,1
veh_2601,0,0,0,1,0,0.0,0.0,1
veh_2602,0,0,0,1,0,0.0,0.0,0
veh_2603,0,0,0,1,0,0.0,0.0,0
veh_2604,0,0,0,1,0,0.0,0.0,1
veh_2605,0,0,0,1,0,0.0,0.0,1
veh_2606,0,0,0,1,0,0.0,0.0,0
veh_2607,0,0,0,1,0,0.0,0.0,1
veh_2608,0,0,0,1,0,0.0,0.0,1
veh_2609,0,0,0,1,0,0.0,0.0,1
veh_2610,0,0,0,1,0,0.0,0.0,1
veh_2611,0,0,0,1,0,0.0,0.0,1
veh_2612,0,0,0,1,0,0.0,0.0,1
veh_2613,0,0,0,1,0,0.0,0.0,1
veh_2614,0,0,0,1,0,0.0,0.0,1
veh_2615,0,0,0,1,0,0.0,0.0,1
veh_2616,0,0,0,1,0,0.0,0.0,1
veh_2617,0,0,0,1,0,0.0,0.0,1
veh_2618,0,0,0,1,0,0.0,0.0,0
veh_2619,0,0,0,1,0,0.0,0.0,1
veh_2620,0,0,0,1,0,0.0,0.0,1
veh_2621,0,0,0,1,0,0.0,0.0,1
veh_2622,0,0,0,1,0,0.0,0.0,0
veh_2623,0,0,0,1,0,0.0,0.0,1
veh_2624,0,0,0,1,0,0.0,0.0,1
veh_2625,0,0,0,1,0,0.0,0.0,0
veh_2626,0,0,0,1,0,0.0,0.0,1
veh_2627,0,0,0,1,0,0.0,0.0,1
veh_2628,0,0,0,1,0,0.0,0.0,1
veh_2629,0,0,0,1,0,0.0,0.0,1
veh_2630,0,0,0,1,0,0.0,0.0,0
veh_2631,0,0,0,1,0,0.0,0.0,1
veh_2632,0,0,0,1,0,0.0,0.0,1
veh_2633,0,0,0,1,0,0.0,0.0,1
veh_2634,0,0,0,1,0,0.0,0.0,0
veh_2635,0,0,0,1,0,0.0,0.0,1
veh_2636,0,0,0,1,0,0.0,0.0,1
veh_2637,0,0,0,1,0,0.0,0.0,0
veh_2638,0,0,0,1,0,0.0,0.0,1
veh_2639,0,0,0,1,0,0.0,0.0,1
veh_2640,0,0,0,1,0,0.0,0.0,0
veh_2641,0,0,0,1,0,0.0,0.0,1
veh_2642,0,0,0,1,0,0.0,0.0,1
veh_2643,0,0,0,1,0,0.0,0.0,1
veh_2644,0,0,0,1,0,0.0,0.0,0
veh_2645,0,0,0,1,0,0.0,0.0,1
veh_2646,0,0,0,1,0,0.0,0.0,1
veh_2647,0,0,0,1,0,0.0,0.0,1
veh_2648,0,0,0,1,0,0.0,0.0,1
veh_2649,0,0,0,1,0,0.0,0.0,1
veh_2650,0,0,0,1,0,0.0,0.0,1
veh_2651,0,0,0,1,0,0.0,0.0,1
veh_2652,0,0,0,1,0,0.0,0.0,1
veh_2653,0,0,0,1,0,0.0,0.0,0
veh_2654,0,0,0,1,0,0.0,0.0,1
veh_2655,0,0,0,1,0,0.0,0.0,1
veh_2656,0,0,0,1,0,0.0,0.0,0
veh_2657,0,0,0,1,0,0.0,0.0,1
veh_2658,0,0,0,1,0,0.0,0.0,1
veh_2659,0,0,0,1,0,0.0,0.0,0
veh_2660,0,0,0,1,0,0.0,0.0,1
veh_2661,0,0,0,1,0,0.0,0.0,1
veh_2662,0,0,0,1,0,0.0,0.0,1
veh_2663,0,0,0,1,0,0.0,0.0,1
veh_2664,0,0,0,1,0,0.0,0.0,1
veh_2665,0,0,0,1,0,0.0,0.0,1
veh_2666,0,0,0,1,0,0.0,0.0,1
veh_2667,0,0,0,1,0,0.0,0.0,1
veh_2668,0,0,0,1,0,0.0,0.0,1
veh_2669,0,0,0,1,0,0.0,0.0,1
veh_2670,0,0,0,1,0,0.0,0.0,1
veh_2671,0,0,0,1,0,0.0,0.0,1
veh_2672,0,0,0,1,0,0.0,0.0,0
veh_2673,0,0,0,1,0,0.0,0.0,1
veh_2674,0,0,0,1,0,0.0,0.0,1
veh_2675,0,0,0,1,0,0.0,0.0,1
veh_2676,0,0,0,1,0,0.0,0.0,0
veh_2677,0,0,0,1,0,0.0,0.0,1
veh_2678,0,0,0,1,0,0.0,0.0,1
veh_2679,0,0,0,1,0,0.0,0.0,1
veh_2680,0,0,0,1,0,0.0,0.0,1
veh_2681,0,0,0,1,0,0.0,0.0,1
veh_2682,0,0,0,1,0,0.0,0.0,1
veh_2683,0,0,0,1,0,0.0,0.0,1
veh_2684,0,0,0,1,0,0.0,0.0,1
veh_2685,0,0,0,1,0,0.0,0.0,0
veh_2686,0,0,0,1,0,0.0,0.0,1
veh_2687,0,0,0,1,0,0.0,0.0,1
veh_2688,0,0,0,1,0,0.0,0.0,1
veh_2689,0,0,0,1,0,0.0,0.0,0
veh_2690,0,0,0,1,0,0.0,0.0,1
veh_2691,0,0,0,1,0,0.0,0.0,0
veh_2692,0,0,0,1,0,0.0,0.0,0
veh_2693,0,0,0,1,0,0.0,0.0,1
veh_2694,0,0,0,1,0,0.0,0.0,1
veh_2695,0,0,0,1,0,0.0,0.0,1
veh_2696,0,0,0,1,0,0.0,0.0,1
veh_2697,0,0,0,1,0,0.0,0.0,0
veh_2698,0,0,0,1,0,0.0,0.0,1
veh_2699,0,0,0,1,0,0.0,0.0,1
veh_2700,0,0,0,1,0,0.0,0.0,1
veh_2701,0,0,0,1,0,0.0,0.0,1
veh_2702,0,0,0,1,0,0.0,0.0,1
veh_2703,0,0,0,1,0,0.0,0.0,1
veh_2704,0,0,0,1,0,0.0,0.0,1
veh_2705,0,0,0,1,0,0.0,0.0,1
veh_2706,0,0,0,1,0,0.0,0.0,1
veh_2707,0,0,0,1,0,0.0,0.0,1
veh_2708,0,0,0,1,0,0.0,0.0,1
veh_2709,0,0,0,1,0,0.0,0.0,1
veh_2710,0,0,0,1,0,0.0,0.0,1
veh_2711,0,0,0,1,0,0.0,0.0,1
veh_2712,0,0,0,1,0,0.0,0.0,1
veh_2713,0,0,0,1,0,0.0,0.0,0
veh_2714,0,0,0,1,0,0.0,0.0,1
veh_2715,0,0,0,1,0,0.0,0.0,1
veh_2716,0,0,0,1,0,0.0,0.0,1
veh_2717,0,0,0,1,0,0.0,0.0,1
veh_2718,0,0,0,1,0,0.0,0.0,1
veh_2719,0,0,0,1,0,0.0,0.0,0
veh_2720,0,0,0,1,0,0.0,0.0,1
veh_2721,0,0,0,1,0,0.0,0.0,1
veh_2722,0,0,0,1,0,0.0,0.0,1
veh_2723,0,0,0,1,0,0.0,0.0,1
veh_2724,0,0,0,1,0,0.0,0.0,1
veh_2725,0,0,0,1,0,0.0,0.0,1
veh_2726,0,0,0,1,0,0.0,0.0,1
veh_2727,0,0,0,1,0,0.0,0.0,0
veh_2728,0,0,0,1,0,0.0,0.0,1
veh_2729,0,0,0,1,0,0.0,0.0,1
veh_2730,0,0,0,1,0,0.0,0.0,0
veh_2731,0,0,0,1,0,0.0,0.0,1
veh_2732,0,0,0,1,0,0.0,0.0,1
veh_2733,0,0,0,1,0,0.0,0.0,1
veh_2734,0,0,0,1,0,0.0,0.0,0
veh_2735,0,0,0,1,0,0.0,0.0,1
veh_2736,0,0,0,1,0,0.0,0.0,1
veh_2737,0,0,0,1,0,0.0,0.0,0
veh_2738,0,0,0,1,0,0.0,0.0,1
veh_2739,0,0,0,1,0,0.0,0.0,1
veh_2740,0,0,0,1,0,0.0,0.0,1
veh_2741,0,0,0,1,0,0.0,0.0,1
veh_2742,0,0,0,1,0,0.0,0.0,1
veh_2743,0,0,0,1,0,0.0,0.0,0
veh_2744,0,0,0,1,0,0.0,0.0,1
veh_2745,0,0,0,1,0,0.0,0.0,1
veh_2746,0,0,0,1,0,0.0,0.0,0
veh_2747,0,0,0,1,0,0.0,0.0,1
veh_2748,0,0,0,1,0,0.0,0.0,1
veh_2749,0,0,0,1,0,0.0,0.0,1
veh_2750,0,0,0,1,0,0.0,0.0,1
veh_2751,0,0,0,1,0,0.0,0.0,0
veh_2752,0,0,0,1,0,0.0,0.0,1
veh_2753,0,0,0,1,0,0.0,0.0,0
veh_2754,0,0,0,1,0,0.0,0.0,1
veh_2755,0,0,0,1,0,0.0,0.0,0
veh_2756,0,0,0,1,0,0.0,0.0,1
veh_2757,0,0,0,1,0,0.0,0.0,1
veh_2758,0,0,0,1,0,0.0,0.0,1
veh_2759,0,0,0,1,0,0.0,0.0,1
veh_2760,0,0,0,1,0,0.0,0.0,1
veh_2761,0,0,0,1,0,0.0,0.0,1
veh_2762,0,0,0,1,0,0.0,0.0,1
veh_2763,0,0,0,1,0,0.0,0.0,1
veh_2764,0,0,0,1,0,0.0,0.0,1
veh_2765,0,0,0,1,0,0.0,0.0,1
veh_2766,0,0,0,1,0,0.0,0.0,0
veh_2767,0,0,0,1,0,0.0,0.0,1
veh_2768,0,0,0,1,0,0.0,0.0,1
veh_2769,0,0,0,1,0,0.0,0.0,0
veh_2770,0,0,0,1,0,0.0,0.0,1
veh_2771,0,0,0,1,0,0.0,0.0,1
veh_2772,0,0,0,1,0,0.0,0.0,1
veh_2773,0,0,0,1,0,0.0,0.0,1
veh_2774,0,0,0,1,0,0.0,0.0,0
veh_2775,0,0,0,1,0,0.0,0.0,1
veh_2776,0,0,0,1,0,0.0,0.0,1
veh_2777,0,0,0,1,0,0.0,0.0,1
veh_2778,0,0,0,1,0,0.0,0.0,1
veh_2779,0,0,0,1,0,0.0,0.0,1
veh_2780,0,0,0,1,0,0.0,0.0,1
veh_2781,0,0,0,1,0,0.0,0.0,1
veh_2782,0,0,0,1,0,0.0,0.0,1
veh_2783,0,0,0,1,0,0.0,0.0,1
veh_2784,0,0,0,1,0,0.0,0.0,1
veh_2785,0,0,0,1,0,0.0,0.0,1
veh_2786,0,0,0,1,0,0.0,0.0,1
veh_2787,0,0,0,1,0,0.0,0.0,1
veh_2788,0,0,0,1,0,0.0,0.0,1
veh_2789,0,0,0,1,0,0.0,0.0,1
veh_2790,0,0,0,1,0,0.0,0.0,1
veh_2791,0,0,0,1,0,0.0,0.0,1
veh_2792,0,0,0,1,0,0.0,0.0,1
veh_2793,0,0,0,1,0,0.0,0.0,0
veh_2794,0,0,0,1,0,0.0,0.0,1
veh_2795,0,0,0,1,0,0.0,0.0,1
veh_2796,0,0,0,1,0,0.0,0.0,1
veh_2797,0,0,0,1,0,0.0,0.0,1
veh_2798,0,0,0,1,0,0.0,0.0,1
veh_2799,0,0,0,1,0,0.0,0.0,1
veh_2800,0,0,0,1,0,0.0,0.0,1
veh_2801,0,0,0,1,0,0.0,0.0,1
veh_2802,0,0,0,1,0,0.0,0.0,1
veh_2803,0,0,0,1,0,0.0,0.0,1
veh_2804,0,0,0,1,0,0.0,0.0,1
veh_2805,0,0,0,1,0,0.0,0.0,1
veh_2806,0,0,0,1,0,0.0,0.0,0
veh_2807,0,0,0,1,0,0.0,0.0,0
veh_2808,0,0,0,1,0,0.0,0.0,1
veh_2809,0,0,0,1,0,0.0,0.0,1
veh_2810,0,0,0,1,0,0.0,0.0,1
veh_2811,0,0,0,1,0,0.0,0.0,1
veh_2812,0,0,0,1,0,0.0,0.0,1
veh_2813,0,0,0,1,0,0.0,0.0,1
veh_2814,0,0,0,1,0,0.0,0.0,1
veh_2815,0,0,0,1,0,0.0,0.0,1
veh_2816,0,0,0,1,0,0.0,0.0,1
veh_2817,0,0,0,1,0,0.0,0.0,0
veh_2818,0,0,0,1,0,0.0,0.0,1
veh_2819,0,0,0,1,0,0.0,0.0,1
veh_2820,0,0,0,1,0,0.0,0.0,0
veh_2821,0,0,0,1,0,0.0,0.0,1
veh_2822,0,0,0,1,0,0.0,0.0,1
veh_2823,0,0,0,1,0,0.0,0.0,1
veh_2824,0,0,0,1,0,0.0,0.0,1
veh_2825,0,0,0,1,0,0.0,0.0,1
veh_2826,0,0,0,1,0,0.0,0.0,1
veh_2827,0,0,0,1,0,0.0,0.0,1
veh_2828,0,0,0,1,0,0.0,0.0,1
veh_2829,0,0,0,1,0,0.0,0.0,0
veh_2830,0,0,0,1,0,0.0,0.0,1
veh_2831,0,0,0,1,0,0.0,0.0,1
veh_2832,0,0,0,1,0,0.0,0.0,0
veh_2833,0,0,0,1,0,0.0,0.0,1
veh_2834,0,0,0,1,0,0.0,0.0,1
veh_2835,0,0,0,1,0,0.0,0.0,0
veh_2836,0,0,0,1,0,0.0,0.0,0
veh_2837,0,0,0,1,0,0.0,0.0,1
veh_2838,0,0,0,1,0,0.0,0.0,1
veh_2839,0,0,0,1,0,0.0,0.0,0
veh_2840,0,0,0,1,0,0.0,0.0,1
veh_2841,0,0,0,1,0,0.0,0.0,1
veh_2842,0,0,0,1,0,0.0,0.0,1
veh_2843,0,0,0,1,0,0.0,0.0,1
veh_2844,0,0,0,1,0,0.0,0.0,0
veh_2845,0,0,0,1,0,0.0,0.0,1
veh_2846,0,0,0,1,0,0.0,0.0,1
veh_2847,0,0,0,1,0,0.0,0.0,1
veh_2848,0,0,0,1,0,0.0,0.0,1
veh_2849,0,0,0,1,0,0.0,0.0,1
veh_2850,0,0,0,1,0,0.0,0.0,1
veh_2851,0,0,0,1,0,0.0,0.0,1
veh_2852,0,0,0,1,0,0.0,0.0,0
veh_2853,0,0,0,1,0,0.0,0.0,1
veh_2854,0,0,0,1,0,0.0,0.0,1
veh_2855,0,0,0,1,0,0.0,0.0,1
veh_2856,0,0,0,1,0,0.0,0.0,1
veh_2857,0,0,0,1,0,0.0,0.0,1
veh_2858,0,0,0,1,0,0.0,0.0,1
veh_2859,0,0,0,1,0,0.0,0.0,1
veh_2860,0,0,0,1,0,0.0,0.0,1
veh_2861,0,0,0,1,0,0.0,0.0,1
veh_2862,0,0,0,1,0,0.0,0.0,1
veh_2863,0,0,0,1,0,0.0,0.0,0
veh_2864,0,0,0,1,0,0.0,0.0,0
veh_2865,0,0,0,1,0,0.0,0.0,1
veh_2866,0,0,0,1,0,0.0,0.0,1
veh_2867,0,0,0,1,0,0.0,0.0,1
veh_2868,0,0,0,1,0,0.0,0.0,1
veh_2869,0,0,0,1,0,0.0,0.0,1
veh_2870,0,0,0,1,0,0.0,0.0,1
veh_2871,0,0,0,1,0,0.0,0.0,1
veh_2872,0,0,0,1,0,0.0,0.0,0
veh_2873,0,0,0,1,0,0.0,0.0,1
veh_2874,0,0,0,1,0,0.0,0.0,0
veh_2875,0,0,0,1,0,0.0,0.0,1
veh_2876,0,0,0,1,0,0.0,0.0,1
veh_2877,0,0,0,1,0,0.0,0.0,1
veh_2878,0,0,0,1,0,0.0,0.0,1
veh_2879,0,0,0,1,0,0.0,0.0,1
veh_2880,0,0,0,1,0,0.0,0.0,1
veh_2881,0,0,0,1,0,0.0,0.0,0
veh_2882,0,0,0,1,0,0.0,0.0,1
veh_2883,0,0,0,1,0,0.0,0.0,1
veh_2884,0,0,0,1,0,0.0,0.0,1
veh_2885,0,0,0,1,0,0.0,0.0,1
veh_2886,0,0,0,1,0,0.0,0.0,1
veh_2887,0,0,0,1,0,0.0,0.0,1
veh_2888,0,0,0,1,0,0.0,0.0,0
veh_2889,0,0,0,1,0,0.0,0.0,1
veh_2890,0,0,0,1,0,0.0,0.0,1
veh_2891,0,0,0,1,0,0.0,0.0,1
veh_2892,0,0,0,1,0,0.0,0.0,0
veh_2893,0,0,0,1,0,0.0,0.0,1
veh_2894,0,0,0,1,0,0.0,0.0,0
veh_2895,0,0,0,1,0,0.0,0.0,1
veh_2896,0,0,0,1,0,0.0,0.0,0
veh_2897,0,0,0,1,0,0.0,0.0,1
veh_2898,0,0,0,1,0,0.0,0.0,1
veh_2899,0,0,0,1,0,0.0,0.0,1
veh_2900,0,0,0,1,0,0.0,0.0,1
veh_2901,0,0,0,1,0,0.0,0.0,1
veh_2902,0,0,0,1,0,0.0,0.0,0
veh_2903,0,0,0,1,0,0.0,0.0,0
veh_2904,0,0,0,1,0,0.0,0.0,1
veh_2905,0,0,0,1,0,0.0,0.0,0
veh_2906,0,0,0,1,0,0.0,0.0,1
veh_2907,0,0,0,1,0,0.0,0.0,1
veh_2908,0,0,0,1,0,0.0,0.0,1
veh_2909,0,0,0,1,0,0.0,0.0,1
veh_2910,0,0,0,1,0,0.0,0.0,0
veh_2911,0,0,0,1,0,0.0,0.0,0
veh_2912,0,0,0,1,0,0.0,0.0,1
veh_2913,0,0,0,1,0,0.0,0.0,0
veh_2914,0,0,0,1,0,0.0,0.0,1
veh_2915,0,0,0,1,0,0.0,0.0,1
veh_2916,0,0,0,1,0,0.0,0.0,0
veh_2917,0,0,0,1,0,0.0,0.0,1
veh_2918,0,0,0,1,0,0.0,0.0,1
veh_2919,0,0,0,1,0,0.0,0.0,0
veh_2920,0,0,0,1,0,0.0,0.0,1
veh_2921,0,0,0,1,0,0.0,0.0,1
veh_2922,0,0,0,1,0,0.0,0.0,1
veh_2923,0,0,0,1,0,0.0,0.0,1
veh_2924,0,0,0,1,0,0.0,0.0,1
veh_2925,0,0,0,1,0,0.0,0.0,0
veh_2926,0,0,0,1,0,0.0,0.0,0
veh_2927,0,0,0,1,0,0.0,0.0,1
veh_2928,0,0,0,1,0,0.0,0.0,1
veh_2929,0,0,0,1,0,0.0,0.0,1
veh_2930,0,0,0,1,0,0.0,0.0,1
veh_2931,0,0,0,1,0,0.0,0.0,1
veh_2932,0,0,0,1,0,0.0,0.0,1
veh_2933,0,0,0,1,0,0.0,0.0,1
veh_2934,0,0,0,1,0,0.0,0.0,1
veh_2935,0,0,0,1,0,0.0,0.0,0
veh_2936,0,0,0,1,0,0.0,0.0,1
veh_2937,0,0,0,1,0,0.0,0.0,1
veh_2938,0,0,0,1,0,0.0,0.0,1
veh_2939,0,0,0,1,0,0.0,0.0,0
veh_2940,0,0,0,1,0,0.0,0.0,1
veh_2941,0,0,0,1,0,0.0,0.0,1
veh_2942,0,0,0,1,0,0.0,0.0,1
veh_2943,0,0,0,1,0,0.0,0.0,1
veh_2944,0,0,0,1,0,0.0,0.0,1
veh_2945,0,0,0,1,0,0.0,0.0,1
veh_2946,0,0,0,1,0,0.0,0.0,1
veh_2947,0,0,0,1,0,0.0,0.0,1
veh_2948,0,0,0,1,0,0.0,0.0,1
veh_2949,0,0,0,1,0,0.0,0.0,1
veh_2950,0,0,0,1,0,0.0,0.0,0
veh_2951,0,0,0,1,0,0.0,0.0,0
veh_2952,0,0,0,1,0,0.0,0.0,1
veh_2953,0,0,0,1,0,0.0,0.0,0
veh_2954,0,0,0,1,0,0.0,0.0,1
veh_2955,0,0,0,1,0,0.0,0.0,1
veh_2956,0,0,0,1,0,0.0,0.0,1
veh_2957,0,0,0,1,0,0.0,0.0,1
veh_2958,0,0,0,1,0,0.0,0.0,1
veh_2959,0,0,0,1,0,0.0,0.0,0
veh_2960,0,0,0,1,0,0.0,0.0,1
veh_2961,0,0,0,1,0,0.0,0.0,1
veh_2962,0,0,0,1,0,0.0,0.0,1
veh_2963,0,0,0,1,0,0.0,0.0,1
veh_2964,0,0,0,1,0,0.0,0.0,1
veh_2965,0,0,0,1,0,0.0,0.0,1
veh_2966,0,0,0,1,0,0.0,0.0,0
veh_2967,0,0,0,1,0,0.0,0.0,0
veh_2968,0,0,0,1,0,0.0,0.0,1
veh_2969,0,0,0,1,0,0.0,0.0,1
veh_2970,0,0,0,1,0,0.0,0.0,0
veh_2971,0,0,0,1,0,0.0,0.0,1
veh_2972,0,0,0,1,0,0.0,0.0,1
veh_2973,0,0,0,1,0,0.0,0.0,1
veh_2974,0,0,0,1,0,0.0,0.0,1
veh_2975,0,0,0,1,0,0.0,0.0,0
veh_2976,0,0,0,1,0,0.0,0.0,0
veh_2977,0,0,0,1,0,0.0,0.0,1
veh_2978,0,0,0,1,0,0.0,0.0,1
veh_2979,0,0,0,1,0,0.0,0.0,1
veh_2980,0,0,0,1,0,0.0,0.0,0
veh_2981,0,0,0,1,0,0.0,0.0,1
veh_2982,0,0,0,1,0,0.0,0.0,0
veh_2983,0,0,0,1,0,0.0,0.0,1
veh_2984,0,0,0,1,0,0.0,0.0,1
veh_2985,0,0,0,1,0,0.0,0.0,1
veh_2986,0,0,0,1,0,0.0,0.0,1
veh_2987,0,0,0,1,0,0.0,0.0,1
veh_2988,0,0,0,1,0,0.0,0.0,1
veh_2989,0,0,0,1,0,0.0,0.0,0
veh_2990,0,0,0,1,0,0.0,0.0,1
veh_2991,0,0,0,1,0,0.0,0.0,1
veh_2992,0,0,0,1,0,0.0,0.0,1
veh_2993,0,0,0,1,0,0.0,0.0,1
veh_2994,0,0,0,1,0,0.0,0.0,1
veh_2995,0,0,0,1,0,0.0,0.0,1
veh_2996,0,0,0,1,0,0.0,0.0,1
veh_2997,0,0,0,1,0,0.0,0.0,1
veh_2998,0,0,0,1,0,0.0,0.0,0
veh_2999,0,0,0,1,0,0.0,0.0,1
veh_3000,0,0,0,1,0,0.0,0.0,1
veh_3001,0,0,0,1,0,0.0,0.0,1
veh_3002,0,0,0,1,0,0.0,0.0,1
veh_3003,0,0,0,1,0,0.0,0.0,1
veh_3004,0,0,0,1,0,0.0,0.0,1
veh_3005,0,0,0,1,0,0.0,0.0,1
veh_3006,0,0,0,1,0,0.0,0.0,1
veh_3007,0,0,0,1,0,0.0,0.0,0
veh_3008,0,0,0,1,0,0.0,0.0,1
veh_3009,0,0,0,1,0,0.0,0.0,1
veh_3010,0,0,0,1,0,0.0,0.0,1
veh_3011,0,0,0,1,0,0.0,0.0,1
veh_3012,0,0,0,1,0,0.0,0.0,1
veh_3013,0,0,0,1,0,0.0,0.0,1
veh_3014,0,0,0,1,0,0.0,0.0,0
veh_3015,0,0,0,1,0,0.0,0.0,1
veh_3016,0,0,0,1,0,0.0,0.0,1
veh_3017,0,0,0,1,0,0.0,0.0,1
veh_3018,0,0,0,1,0,0.0,0.0,1
veh_3019,0,0,0,1,0,0.0,0.0,1
veh_3020,0,0,0,1,0,0.0,0.0,1
veh_3021,0,0,0,1,0,0.0,0.0,1
veh_3022,0,0,0,1,0,0.0,0.0,1
veh_3023,0,0,0,1,0,0.0,0.0,1
veh_3024,0,0,0,1,0,0.0,0.0,1
veh_3025,0,0,0,1,0,0.0,0.0,0
veh_3026,0,0,0,1,0,0.0,0.0,1
veh_3027,0,0,0,1,0,0.0,0.0,1
veh_3028,0,0,0,1,0,0.0,0.0,1
veh_3029,0,0,0,1,0,0.0,0.0,1
veh_3030,0,0,0,1,0,0.0,0.0,0
veh_3031,0,0,0,1,0,0.0,0.0,0
veh_3032,0,0,0,1,0,0.0,0.0,1
veh_3033,0,0,0,1,0,0.0,0.0,1
veh_3034,0,0,0,1,0,0.0,0.0,0
veh_3035,0,0,0,1,0,0.0,0.0,1
veh_3036,0,0,0,1,0,0.0,0.0,1
veh_3037,0,0,0,1,0,0.0,0.0,0
veh_3038,0,0,0,1,0,0.0,0.0,1
veh_3039,0,0,0,1,0,0.0,0.0,1
veh_3040,0,0,0,1,0,0.0,0.0,1
veh_3041,0,0,0,1,0,0.0,0.0,1
veh_3042,0,0,0,1,0,0.0,0.0,1
veh_3043,0,0,0,1,0,0.0,0.0,1
veh_3044,0,0,0,1,0,0.0,0.0,1
veh_3045,0,0,0,1,0,0.0,0.0,1
veh_3046,0,0,0,1,0,0.0,0.0,0
veh_3047,0,0,0,1,0,0.0,0.0,1
veh_3048,0,0,0,1,0,0.0,0.0,1
veh_3049,0,0,0,1,0,0.0,0.0,1
veh_3050,0,0,0,1,0,0.0,0.0,1
veh_3051,0,0,0,1,0,0.0,0.0,1
veh_3052,0,0,0,1,0,0.0,0.0,1
veh_3053,0,0,0,1,0,0.0,0.0,1
veh_3054,0,0,0,1,0,0.0,0.0,1
veh_3055,0,0,0,1,0,0.0,0.0,1
veh_3056,0,0,0,1,0,0.0,0.0,1
veh_3057,0,0,0,1,0,0.0,0.0,1
veh_3058,0,0,0,1,0,0.0,0.0,1
veh_3059,0,0,0,1,0,0.0,0.0,1
veh_3060,0,0,0,1,0,0.0,0.0,1
veh_3061,0,0,0,1,0,0.0,0.0,0
veh_3062,0,0,0,1,0,0.0,0.0,1
veh_3063,0,0,0,1,0,0.0,0.0,1
veh_3064,0,0,0,1,0,0.0,0.0,1
veh_3065,0,0,0,1,0,0.0,0.0,1
veh_3066,0,0,0,1,0,0.0,0.0,1
veh_3067,0,0,0,1,0,0.0,0.0,1
veh_3068,0,0,0,1,0,0.0,0.0,1
veh_3069,0,0,0,1,0,0.0,0.0,0
veh_3070,0,0,0,1,0,0.0,0.0,1
veh_3071,0,0,0,1,0,0.0,0.0,0
veh_3072,0,0,0,1,0,0.0,0.0,1
veh_3073,0,0,0,1,0,0.0,0.0,1
veh_3074,0,0,0,1,0,0.0,0.0,1
veh_3075,0,0,0,1,0,0.0,0.0,1
veh_3076,0,0,0,1,0,0.0,0.0,1
veh_3077,0,0,0,1,0,0.0,0.0,1
veh_3078,0,0,0,1,0,0.0,0.0,1
veh_3079,0,0,0,1,0,0.0,0.0,1
veh_3080,0,0,0,1,0,0.0,0.0,0
veh_3081,0,0,0,1,0,0.0,0.0,1
veh_3082,0,0,0,1,0,0.0,0.0,1
veh_3083,0,0,0,1,0,0.0,0.0,1
veh_3084,0,0,0,1,0,0.0,0.0,1
veh_3085,0,0,0,1,0,0.0,0.0,1
veh_3086,0,0,0,1,0,0.0,0.0,1
veh_3087,0,0,0,1,0,0.0,0.0,1
veh_3088,0,0,0,1,0,0.0,0.0,0
veh_3089,0,0,0,1,0,0.0,0.0,1
veh_3090,0,0,0,1,0,0.0,0.0,1
veh_3091,0,0,0,1,0,0.0,0.0,1
veh_3092,0,0,0,1,0,0.0,0.0,1
veh_3093,0,0,0,1,0,0.0,0.0,1
veh_3094,0,0,0,1,0,0.0,0.0,0
veh_3095,0,0,0,1,0,0.0,0.0,1
veh_3096,0,0,0,1,0,0.0,0.0,1
veh_3097,0,0,0,1,0,0.0,0.0,0
veh_3098,0,0,0,1,0,0.0,0.0,0
veh_3099,0,0,0,1,0,0.0,0.0,1
veh_3100,0,0,0,1,0,0.0,0.0,1
veh_3101,0,0,0,1,0,0.0,0.0,1
veh_3102,0,0,0,1,0,0.0,0.0,1
veh_3103,0,0,0,1,0,0.0,0.0,0
veh_3104,0,0,0,1,0,0.0,0.0,1
veh_3105,0,0,0,1,0,0.0,0.0,1
veh_3106,0,0,0,1,0,0.0,0.0,1
veh_3107,0,0,0,1,0,0.0,0.0,1
veh_3108,0,0,0,1,0,0.0,0.0,1
veh_3109,0,0,0,1,0,0.0,0.0,0
veh_3110,0,0,0,1,0,0.0,0.0,1
veh_3111,0,0,0,1,0,0.0,0.0,1
veh_3112,0,0,0,1,0,0.0,0.0,1
veh_3113,0,0,0,1,0,0.0,0.0,1
veh_3114,0,0,0,1,0,0.0,0.0,0
veh_3115,0,0,0,1,0,0.0,0.0,1
veh_3116,0,0,0,1,0,0.0,0.0,1
veh_3117,0,0,0,1,0,0.0,0.0,1
veh_3118,0,0,0,1,0,0.0,0.0,1
veh_3119,0,0,0,1,0,0.0,0.0,1
veh_3120,0,0,0,1,0,0.0,0.0,1
veh_3121,0,0,0,1,0,0.0,0.0,1
veh_3122,0,0,0,1,0,0.0,0.0,0
veh_3123,0,0,0,1,0,0.0,0.0,1
veh_3124,0,0,0,1,0,0.0,0.0,1
veh_3125,0,0,0,1,0,0.0,0.0,1
veh_3126,0,0,0,1,0,0.0,0.0,1
veh_3127,0,0,0,1,0,0.0,0.0,1
veh_3128,0,0,0,1,0,0.0,0.0,1
veh_3129,0,0,0,1,0,0.0,0.0,1
veh_3130,0,0,0,1,0,0.0,0.0,1
veh_3131,0,0,0,1,0,0.0,0.0,1
veh_3132,0,0,0,1,0,0.0,0.0,0
veh_3133,0,0,0,1,0,0.0,0.0,1
veh_3134,0,0,0,1,0,0.0,0.0,1
veh_3135,0,0,0,1,0,0.0,0.0,1
veh_3136,0,0,0,1,0,0.0,0.0,1
veh_3137,0,0,0,1,0,0.0,0.0,1
veh_3138,0,0,0,1,0,0.0,0.0,1
veh_3139,0,0,0,1,0,0.0,0.0,1
veh_3140,0,0,0,1,0,0.0,0.0,0
veh_3141,0,0,0,1,0,0.0,0.0,1
veh_3142,0,0,0,1,0,0.0,0.0,1
veh_3143,0,0,0,1,0,0.0,0.0,1
veh_3144,0,0,0,1,0,0.0,0.0,0
veh_3145,0,0,0,1,0,0.0,0.0,0
veh_3146,0,0,0,1,0,0.0,0.0,0
veh_3147,0,0,0,1,0,0.0,0.0,1
veh_3148,0,0,0,1,0,0.0,0.0,1
veh_3149,0,0,0,1,0,0.0,0.0,1
veh_3150,0,0,0,1,0,0.0,0.0,0
veh_3151,0,0,0,1,0,0.0,0.0,1
veh_3152,0,0,0,1,0,0.0,0.0,1
veh_3153,0,0,0,1,0,0.0,0.0,0
veh_3154,0,0,0,1,0,0.0,0.0,1
veh_3155,0,0,0,1,0,0.0,0.0,1
veh_3156,0,0,0,1,0,0.0,0.0,1
veh_3157,0,0,0,1,0,0.0,0.0,0
veh_3158,0,0,0,1,0,0.0,0.0,1
veh_3159,0,0,0,1,0,0.0,0.0,1
veh_3160,0,0,0,1,0,0.0,0.0,1
veh_3161,0,0,0,1,0,0.0,0.0,1
veh_3162,0,0,0,1,0,0.0,0.0,1
veh_3163,0,0,0,1,0,0.0,0.0,1
veh_3164,0,0,0,1,0,0.0,0.0,0
veh_3165,0,0,0,1,0,0.0,0.0,0
veh_3166,0,0,0,1,0,0.0,0.0,1
veh_3167,0,0,0,1,0,0.0,0.0,1
veh_3168,0,0,0,1,0,0.0,0.0,1
veh_3169,0,0,0,1,0,0.0,0.0,1
veh_3170,0,0,0,1,0,0.0,0.0,1
veh_3171,0,0,0,1,0,0.0,0.0,0
veh_3172,0,0,0,1,0,0.0,0.0,1
veh_3173,0,0,0,1,0,0.0,0.0,1
veh_3174,0,0,0,1,0,0.0,0.0,1
veh_3175,0,0,0,1,0,0.0,0.0,0
veh_3176,0,0,0,1,0,0.0,0.0,1
veh_3177,0,0,0,1,0,0.0,0.0,1
veh_3178,0,0,0,1,0,0.0,0.0,1
veh_3179,0,0,0,1,0,0.0,0.0,1
veh_3180,0,0,0,1,0,0.0,0.0,0
veh_3181,0,0,0,1,0,0.0,0.0,1
veh_3182,0,0,0,1,0,0.0,0.0,1
veh_3183,0,0,0,1,0,0.0,0.0,1
veh_3184,0,0,0,1,0,0.0,0.0,1
veh_3185,0,0,0,1,0,0.0,0.0,1
veh_3186,0,0,0,1,0,0.0,0.0,0
veh_3187,0,0,0,1,0,0.0,0.0,1
veh_3188,0,0,0,1,0,0.0,0.0,1
veh_3189,0,0,0,1,0,0.0,0.0,1
veh_3190,0,0,0,1,0,0.0,0.0,1
veh_3191,0,0,0,1,0,0.0,0.0,1
veh_3192,0,0,0,1,0,0.0,0.0,0
veh_3193,0,0,0,1,0,0.0,0.0,0
veh_3194,0,0,0,1,0,0.0,0.0,1
veh_3195,0,0,0,1,0,0.0,0.0,1
veh_3196,0,0,0,1,0,0.0,0.0,0
veh_3197,0,0,0,1,0,0.0,0.0,1
veh_3198,0,0,0,1,0,0.0,0.0,1
veh_3199,0,0,0,1,0,0.0,0.0,0
veh_3200,0,0,0,1,0,0.0,0.0,0
veh_3201,0,0,0,1,0,0.0,0.0,1
veh_3202,0,0,0,1,0,0.0,0.0,0
veh_3203,0,0,0,1,0,0.0,0.0,1
veh_3204,0,0,0,1,0,0.0,0.0,1
veh_3205,0,0,0,1,0,0.0,0.0,1
veh_3206,0,0,0,1,0,0.0,0.0,1
veh_3207,0,0,0,1,0,0.0,0.0,1
veh_3208,0,0,0,1,0,0.0,0.0,1
veh_3209,0,0,0,1,0,0.0,0.0,1
veh_3210,0,0,0,1,0,0.0,0.0,1
veh_3211,0,0,0,1,0,0.0,0.0,1
veh_3212,0,0,0,1,0,0.0,0.0,0
veh_3213,0,0,0,1,0,0.0,0.0,0
veh_3214,0,0,0,1,0,0.0,0.0,0
veh_3215,0,0,0,1,0,0.0,0.0,1
veh_3216,0,0,0,1,0,0.0,0.0,1
veh_3217,0,0,0,1,0,0.0,0.0,1
veh_3218,0,0,0,1,0,0.0,0.0,0
veh_3219,0,0,0,1,0,0.0,0.0,1
veh_3220,0,0,0,1,0,0.0,0.0,1
veh_3221,0,0,0,1,0,0.0,0.0,1
veh_3222,0,0,0,1,0,0.0,0.0,1
veh_3223,0,0,0,1,0,0.0,0.0,1
veh_3224,0,0,0,1,0,0.0,0.0,1
veh_3225,0,0,0,1,0,0.0,0.0,1
veh_3226,0,0,0,1,0,0.0,0.0,0
veh_3227,0,0,0,1,0,0.0,0.0,1
veh_3228,0,0,0,1,0,0.0,0.0,1
veh_3229,0,0,0,1,0,0.0,0.0,1
veh_3230,0,0,0,1,0,0.0,0.0,1
veh_3231,0,0,0,1,0,0.0,0.0,1
veh_3232,0,0,0,1,0,0.0,0.0,1
veh_3233,0,0,0,1,0,0.0,0.0,1
veh_3234,0,0,0,1,0,0.0,0.0,1
veh_3235,0,0,0,1,0,0.0,0.0,1
veh_3236,0,0,0,1,0,0.0,0.0,1
veh_3237,0,0,0,1,0,0.0,0.0,1
veh_3238,0,0,0,1,0,0.0,0.0,1
veh_3239,0,0,0,1,0,0.0,0.0,0
veh_3240,0,0,0,1,0,0.0,0.0,1
veh_3241,0,0,0,1,0,0.0,0.0,1
veh_3242,0,0,0,1,0,0.0,0.0,1
veh_3243,0,0,0,1,0,0.0,0.0,1
veh_3244,0,0,0,1,0,0.0,0.0,1
veh_3245,0,0,0,1,0,0.0,0.0,0
veh_3246,0,0,0,1,0,0.0,0.0,1
veh_3247,0,0,0,1,0,0.0,0.0,1
veh_3248,0,0,0,1,0,0.0,0.0,1
veh_3249,0,0,0,1,0,0.0,0.0,0
veh_3250,0,0,0,1,0,0.0,0.0,1
veh_3251,0,0,0,1,0,0.0,0.0,1
veh_3252,0,0,0,1,0,0.0,0.0,0
veh_3253,0,0,0,1,0,0.0,0.0,0
veh_3254,0,0,0,1,0,0.0,0.0,1
veh_3255,0,0,0,1,0,0.0,0.0,1
veh_3256,0,0,0,1,0,0.0,0.0,1
veh_3257,0,0,0,1,0,0.0,0.0,1
veh_3258,0,0,0,1,0,0.0,0.0,1
veh_3259,0,0,0,1,0,0.0,0.0,0
veh_3260,0,0,0,1,0,0.0,0.0,0
veh_3261,0,0,0,1,0,0.0,0.0,1
veh_3262,0,0,0,1,0,0.0,0.0,1
veh_3263,0,0,0,1,0,0.0,0.0,1
veh_3264,0,0,0,1,0,0.0,0.0,1
veh_3265,0,0,0,1,0,0.0,0.0,1
veh_3266,0,0,0,1,0,0.0,0.0,1
veh_3267,0,0,0,1,0,0.0,0.0,1
veh_3268,0,0,0,1,0,0.0,0.0,1
veh_3269,0,0,0,1,0,0.0,0.0,1
veh_3270,0,0,0,1,0,0.0,0.0,1
veh_3271,0,0,0,1,0,0.0,0.0,1
veh_3272,0,0,0,1,0,0.0,0.0,1
veh_3273,0,0,0,1,0,0.0,0.0,1
veh_3274,0,0,0,1,0,0.0,0.0,1
veh_3275,0,0,0,1,0,0.0,0.0,1
veh_3276,0,0,0,1,0,0.0,0.0,1
veh_3277,0,0,0,1,0,0.0,0.0,1
veh_3278,0,0,0,1,0,0.0,0.0,1
veh_3279,0,0,0,1,0,0.0,0.0,1
veh_3280,0,0,0,1,0,0.0,0.0,1
veh_3281,0,0,0,1,0,0.0,0.0,1
veh_3282,0,0,0,1,0,0.0,0.0,1
veh_3283,0,0,0,1,0,0.0,0.0,1
veh_3284,0,0,0,1,0,0.0,0.0,1
veh_3285,0,0,0,1,0,0.0,0.0,1
veh_3286,0,0,0,1,0,0.0,0.0,0
veh_3287,0,0,0,1,0,0.0,0.0,1
veh_3288,0,0,0,1,0,0.0,0.0,0
veh_3289,0,0,0,1,0,0.0,0.0,1
veh_3290,0,0,0,1,0,0.0,0.0,1
veh_3291,0,0,0,1,0,0.0,0.0,1
veh_3292,0,0,0,1,0,0.0,0.0,1
veh_3293,0,0,0,1,0,0.0,0.0,0
veh_3294,0,0,0,1,0,0.0,0.0,1
veh_3295,0,0,0,1,0,0.0,0.0,1
veh_3296,0,0,0,1,0,0.0,0.0,0
veh_3297,0,0,0,1,0,0.0,0.0,0
veh_3298,0,0,0,1,0,0.0,0.0,0
veh_3299,0,0,0,1,0,0.0,0.0,1
veh_3300,0,0,0,1,0,0.0,0.0,1
veh_3301,0,0,0,1,0,0.0,0.0,1
veh_3302,0,0,0,1,0,0.0,0.0,0
veh_3303,0,0,0,1,0,0.0,0.0,1
veh_3304,0,0,0,1,0,0.0,0.0,1
veh_3305,0,0,0,1,0,0.0,0.0,1
veh_3306,0,0,0,1,0,0.0,0.0,0
veh_3307,0,0,0,1,0,0.0,0.0,1
veh_3308,0,0,0,1,0,0.0,0.0,1
veh_3309,0,0,0,1,0,0.0,0.0,1
veh_3310,0,0,0,1,0,0.0,0.0,1
veh_3311,0,0,0,1,0,0.0,0.0,0
veh_3312,0,0,0,1,0,0.0,0.0,0
veh_3313,0,0,0,1,0,0.0,0.0,1
veh_3314,0,0,0,1,0,0.0,0.0,1
veh_3315,0,0,0,1,0,0.0,0.0,0
veh_3316,0,0,0,1,0,0.0,0.0,1
veh_3317,0,0,0,1,0,0.0,0.0,1
veh_3318,0,0,0,1,0,0.0,0.0,1
veh_3319,0,0,0,1,0,0.0,0.0,1
veh_3320,0,0,0,1,0,0.0,0.0,1
veh_3321,0,0,0,1,0,0.0,0.0,1
veh_3322,0,0,0,1,0,0.0,0.0,1
veh_3323,0,0,0,1,0,0.0,0.0,0
veh_3324,0,0,0,1,0,0.0,0.0,1
veh_3325,0,0,0,1,0,0.0,0.0,1
veh_3326,0,0,0,1,0,0.0,0.0,1
veh_3327,0,0,0,1,0,0.0,0.0,0
veh_3328,0,0,0,1,0,0.0,0.0,1
veh_3329,0,0,0,1,0,0.0,0.0,1
veh_3330,0,0,0,1,0,0.0,0.0,1
veh_3331,0,0,0,1,0,0.0,0.0,1
veh_3332,0,0,0,1,0,0.0,0.0,0
veh_3333,0,0,0,1,0,0.0,0.0,0
veh_3334,0,0,0,1,0,0.0,0.0,1
veh_3335,0,0,0,1,0,0.0,0.0,1
veh_3336,0,0,0,1,0,0.0,0.0,1
veh_3337,0,0,0,1,0,0.0,0.0,1
veh_3338,0,0,0,1,0,0.0,0.0,1
veh_3339,0,0,0,1,0,0.0,0.0,1
veh_3340,0,0,0,1,0,0.0,0.0,1
veh_3341,0,0,0,1,0,0.0,0.0,1
veh_3342,0,0,0,1,0,0.0,0.0,0
veh_3343,0,0,0,1,0,0.0,0.0,1
veh_3344,0,0,0,1,0,0.0,0.0,1
veh_3345,0,0,0,1,0,0.0,0.0,1
veh_3346,0,0,0,1,0,0.0,0.0,1
veh_3347,0,0,0,1,0,0.0,0.0,1
veh_3348,0,0,0,1,0,0.0,0.0,1
veh_3349,0,0,0,1,0,0.0,0.0,1
veh_3350,0,0,0,1,0,0.0,0.0,1
veh_3351,0,0,0,1,0,0.0,0.0,1
veh_3352,0,0,0,1,0,0.0,0.0,1
veh_3353,0,0,0,1,0,0.0,0.0,1
veh_3354,0,0,0,1,0,0.0,0.0,1
veh_3355,0,0,0,1,0,0.0,0.0,1
veh_3356,0,0,0,1,0,0.0,0.0,1
veh_3357,0,0,0,1,0,0.0,0.0,0
veh_3358,0,0,0,1,0,0.0,0.0,1
veh_3359,0,0,0,1,0,0.0,0.0,1
veh_3360,0,0,0,1,0,0.0,0.0,1
veh_3361,0,0,0,1,0,0.0,0.0,0
veh_3362,0,0,0,1,0,0.0,0.0,0
veh_3363,0,0,0,1,0,0.0,0.0,1
veh_3364,0,0,0,1,0,0.0,0.0,0
veh_3365,0,0,0,1,0,0.0,0.0,1
veh_3366,0,0,0,1,0,0.0,0.0,1
veh_3367,0,0,0,1,0,0.0,0.0,0
veh_3368,0,0,0,1,0,0.0,0.0,1
veh_3369,0,0,0,1,0,0.0,0.0,0
veh_3370,0,0,0,1,0,0.0,0.0,1
veh_3371,0,0,0,1,0,0.0,0.0,1
veh_3372,0,0,0,1,0,0.0,0.0,1
veh_3373,0,0,0,1,0,0.0,0.0,1
veh_3374,0,0,0,1,0,0.0,0.0,0
veh_3375,0,0,0,1,0,0.0,0.0,1
veh_3376,0,0,0,1,0,0.0,0.0,0
veh_3377,0,0,0,1,0,0.0,0.0,1
veh_3378,0,0,0,1,0,0.0,0.0,1
veh_3379,0,0,0,1,0,0.0,0.0,1
veh_3380,0,0,0,1,0,0.0,0.0,1
veh_3381,0,0,0,1,0,0.0,0.0,0
veh_3382,0,0,0,1,0,0.0,0.0,1
veh_3383,0,0,0,1,0,0.0,0.0,1
veh_3384,0,0,0,1,0,0.0,0.0,1
veh_3385,0,0,0,1,0,0.0,0.0,1
veh_3386,0,0,0,1,0,0.0,0.0,1
veh_3387,0,0,0,1,0,0.0,0.0,1
veh_3388,0,0,0,1,0,0.0,0.0,1
veh_3389,0,0,0,1,0,0.0,0.0,1
veh_3390,0,0,0,1,0,0.0,0.0,1
veh_3391,0,0,0,1,0,0.0,0.0,1
veh_3392,0,0,0,1,0,0.0,0.0,1
veh_3393,0,0,0,1,0,0.0,0.0,1
veh_3394,0,0,0,1,0,0.0,0.0,0
veh_3395,0,0,0,1,0,0.0,0.0,1
veh_3396,0,0,0,1,0,0.0,0.0,1
veh_3397,0,0,0,1,0,0.0,0.0,1
veh_3398,0,0,0,1,0,0.0,0.0,1
veh_3399,0,0,0,1,0,0.0,0.0,1
veh_3400,0,0,0,1,0,0.0,0.0,1
veh_3401,0,0,0,1,0,0.0,0.0,1
veh_3402,0,0,0,1,0,0.0,0.0,1
veh_3403,0,0,0,1,0,0.0,0.0,1
veh_3404,0,0,0,1,0,0.0,0.0,0
veh_3405,0,0,0,1,0,0.0,0.0,1
veh_3406,0,0,0,1,0,0.0,0.0,1
veh_3407,0,0,0,1,0,0.0,0.0,1
veh_3408,0,0,0,1,0,0.0,0.0,1
veh_3409,0,0,0,1,0,0.0,0.0,0
veh_3410,0,0,0,1,0,0.0,0.0,0
veh_3411,0,0,0,1,0,0.0,0.0,1
veh_3412,0,0,0,1,0,0.0,0.0,1
veh_3413,0,0,0,1,0,0.0,0.0,1
veh_3414,0,0,0,1,0,0.0,0.0,1
veh_3415,0,0,0,1,0,0.0,0.0,1
veh_3416,0,0,0,1,0,0.0,0.0,1
veh_3417,0,0,0,1,0,0.0,0.0,1
veh_3418,0,0,0,1,0,0.0,0.0,1
veh_3419,0,0,0,1,0,0.0,0.0,1
veh_3420,0,0,0,1,0,0.0,0.0,1
veh_3421,0,0,0,1,0,0.0,0.0,1
veh_3422,0,0,0,1,0,0.0,0.0,1
veh_3423,0,0,0,1,0,0.0,0.0,1
veh_3424,0,0,0,1,0,0.0,0.0,1
veh_3425,0,0,0,1,0,0.0,0.0,1
veh_3426,0,0,0,1,0,0.0,0.0,1
veh_3427,0,0,0,1,0,0.0,0.0,1
veh_3428,0,0,0,1,0,0.0,0.0,1
veh_3429,0,0,0,1,0,0.0,0.0,1
veh_3430,0,0,0,1,0,0.0,0.0,0
veh_3431,0,0,0,1,0,0.0,0.0,1
veh_3432,0,0,0,1,0,0.0,0.0,0
veh_3433,0,0,0,1,0,0.0,0.0,1
veh_3434,0,0,0,1,0,0.0,0.0,1
veh_3435,0,0,0,1,0,0.0,0.0,1
veh_3436,0,0,0,1,0,0.0,0.0,1
veh_3437,0,0,0,1,0,0.0,0.0,1
veh_3438,0,0,0,1,0,0.0,0.0,1
veh_3439,0,0,0,1,0,0.0,0.0,1
veh_3440,0,0,0,1,0,0.0,0.0,1
veh_3441,0,0,0,1,0,0.0,0.0,0
veh_3442,0,0,0,1,0,0.0,0.0,1
veh_3443,0,0,0,1,0,0.0,0.0,1
veh_3444,0,0,0,1,0,0.0,0.0,1
veh_3445,0,0,0,1,0,0.0,0.0,0
veh_3446,0,0,0,1,0,0.0,0.0,1
veh_3447,0,0,0,1,0,0.0,0.0,1
veh_3448,0,0,0,1,0,0.0,0.0,1
veh_3449,0,0,0,1,0,0.0,0.0,0
veh_3450,0,0,0,1,0,0.0,0.0,1
veh_3451,0,0,0,1,0,0.0,0.0,1
veh_3452,0,0,0,1,0,0.0,0.0,1
veh_3453,0,0,0,1,0,0.0,0.0,0
veh_3454,0,0,0,1,0,0.0,0.0,1
veh_3455,0,0,0,1,0,0.0,0.0,1
veh_3456,0,0,0,1,0,0.0,0.0,1
veh_3457,0,0,0,1,0,0.0,0.0,0
veh_3458,0,0,0,1,0,0.0,0.0,0
veh_3459,0,0,0,1,0,0.0,0.0,0
veh_3460,0,0,0,1,0,0.0,0.0,1
veh_3461,0,0,0,1,0,0.0,0.0,1
veh_3462,0,0,0,1,0,0.0,0.0,0
veh_3463,0,0,0,1,0,0.0,0.0,0
veh_3464,0,0,0,1,0,0.0,0.0,1
veh_3465,0,0,0,1,0,0.0,0.0,1
veh_3466,0,0,0,1,0,0.0,0.0,0
veh_3467,0,0,0,1,0,0.0,0.0,1
veh_3468,0,0,0,1,0,0.0,0.0,1
veh_3469,0,0,0,1,0,0.0,0.0,0
veh_3470,0,0,0,1,0,0.0,0.0,1
veh_3471,0,0,0,1,0,0.0,0.0,1
veh_3472,0,0,0,1,0,0.0,0.0,1
veh_3473,0,0,0,1,0,0.0,0.0,1
veh_3474,0,0,0,1,0,0.0,0.0,0
veh_3475,0,0,0,1,0,0.0,0.0,0
veh_3476,0,0,0,1,0,0.0,0.0,1
veh_3477,0,0,0,1,0,0.0,0.0,1
veh_3478,0,0,0,1,0,0.0,0.0,1
veh_3479,0,0,0,1,0,0.0,0.0,1
veh_3480,0,0,0,1,0,0.0,0.0,1
veh_3481,0,0,0,1,0,0.0,0.0,0
veh_3482,0,0,0,1,0,0.0,0.0,0
veh_3483,0,0,0,1,0,0.0,0.0,0
veh_3484,0,0,0,1,0,0.0,0.0,1
veh_3485,0,0,0,1,0,0.0,0.0,1
veh_3486,0,0,0,1,0,0.0,0.0,1
veh_3487,0,0,0,1,0,0.0,0.0,1
veh_3488,0,0,0,1,0,0.0,0.0,1
veh_3489,0,0,0,1,0,0.0,0.0,1
veh_3490,0,0,0,1,0,0.0,0.0,1
veh_3491,0,0,0,1,0,0.0,0.0,1
veh_3492,0,0,0,1,0,0.0,0.0,1
veh_3493,0,0,0,1,0,0.0,0.0,1
veh_3494,0,0,0,1,0,0.0,0.0,1
veh_3495,0,0,0,1,0,0.0,0.0,1
veh_3496,0,0,0,1,0,0.0,0.0,0
veh_3497,0,0,0,1,0,0.0,0.0,0
veh_3498,0,0,0,1,0,0.0,0.0,1
veh_3499,0,0,0,1,0,0.0,0.0,1
veh_3500,0,0,0,1,0,0.0,0.0,1
veh_3501,0,0,0,1,0,0.0,0.0,0
veh_3502,0,0,0,1,0,0.0,0.0,1
veh_3503,0,0,0,1,0,0.0,0.0,1
veh_3504,0,0,0,1,0,0.0,0.0,1
veh_3505,0,0,0,1,0,0.0,0.0,1
veh_3506,0,0,0,1,0,0.0,0.0,1
veh_3507,0,0,0,1,0,0.0,0.0,1
veh_3508,0,0,0,1,0,0.0,0.0,1
veh_3509,0,0,0,1,0,0.0,0.0,0
veh_3510,0,0,0,1,0,0.0,0.0,1
veh_3511,0,0,0,1,0,0.0,0.0,1
veh_3512,0,0,0,1,0,0.0,0.0,1
veh_3513,0,0,0,1,0,0.0,0.0,1
veh_3514,0,0,0,1,0,0.0,0.0,1
veh_3515,0,0,0,1,0,0.0,0.0,1
veh_3516,0,0,0,1,0,0.0,0.0,0
veh_3517,0,0,0,1,0,0.0,0.0,1
veh_3518,0,0,0,1,0,0.0,0.0,1
veh_3519,0,0,0,1,0,0.0,0.0,0
veh_3520,0,0,0,1,0,0.0,0.0,1
veh_3521,0,0,0,1,0,0.0,0.0,1
veh_3522,0,0,0,1,0,0.0,0.0,1
veh_3523,0,0,0,1,0,0.0,0.0,0
veh_3524,0,0,0,1,0,0.0,0.0,1
veh_3525,0,0,0,1,0,0.0,0.0,0
veh_3526,0,0,0,1,0,0.0,0.0,1
veh_3527,0,0,0,1,0,0.0,0.0,0
veh_3528,0,0,0,1,0,0.0,0.0,0
veh_3529,0,0,0,1,0,0.0,0.0,1
veh_3530,0,0,0,1,0,0.0,0.0,1
veh_3531,0,0,0,1,0,0.0,0.0,1
veh_3532,0,0,0,1,0,0.0,0.0,1
veh_3533,0,0,0,1,0,0.0,0.0,1
veh_3534,0,0,0,1,0,0.0,0.0,0
veh_3535,0,0,0,1,0,0.0,0.0,0
veh_3536,0,0,0,1,0,0.0,0.0,1
veh_3537,0,0,0,1,0,0.0,0.0,1
veh_3538,0,0,0,1,0,0.0,0.0,1
veh_3539,0,0,0,1,0,0.0,0.0,1
veh_3540,0,0,0,1,0,0.0,0.0,1
veh_3541,0,0,0,1,0,0.0,0.0,1
veh_3542,0,0,0,1,0,0.0,0.0,1
veh_3543,0,0,0,1,0,0.0,0.0,1
veh_3544,0,0,0,1,0,0.0,0.0,1
veh_3545,0,0,0,1,0,0.0,0.0,1
veh_3546,0,0,0,1,0,0.0,0.0,1
veh_3547,0,0,0,1,0,0.0,0.0,1
veh_3548,0,0,0,1,0,0.0,0.0,0
veh_3549,0,0,0,1,0,0.0,0.0,0
veh_3550,0,0,0,1,0,0.0,0.0,1
veh_3551,0,0,0,1,0,0.0,0.0,1
veh_3552,0,0,0,1,0,0.0,0.0,1
veh_3553,0,0,0,1,0,0.0,0.0,1
veh_3554,0,0,0,1,0,0.0,0.0,1
veh_3555,0,0,0,1,0,0.0,0.0,1
veh_3556,0,0,0,1,0,0.0,0.0,1
veh_3557,0,0,0,1,0,0.0,0.0,1
veh_3558,0,0,0,1,0,0.0,0.0,1
veh_3559,0,0,0,1,0,0.0,0.0,1
veh_3560,0,0,0,1,0,0.0,0.0,1
veh_3561,0,0,0,1,0,0.0,0.0,1
veh_3562,0,0,0,1,0,0.0,0.0,1
veh_3563,0,0,0,1,0,0.0,0.0,1
veh_3564,0,0,0,1,0,0.0,0.0,1
veh_3565,0,0,0,1,0,0.0,0.0,1
veh_3566,0,0,0,1,0,0.0,0.0,1
veh_3567,0,0,0,1,0,0.0,0.0,1
veh_3568,0,0,0,1,0,0.0,0.0,1
veh_3569,0,0,0,1,0,0.0,0.0,1
veh_3570,0,0,0,1,0,0.0,0.0,1
veh_3571,0,0,0,1,0,0.0,0.0,1
veh_3572,0,0,0,1,0,0.0,0.0,1
veh_3573,0,0,0,1,0,0.0,0.0,0
veh_3574,0,0,0,1,0,0.0,0.0,1
veh_3575,0,0,0,1,0,0.0,0.0,1
veh_3576,0,0,0,1,0,0.0,0.0,1
veh_3577,0,0,0,1,0,0.0,0.0,0
veh_3578,0,0,0,1,0,0.0,0.0,0
veh_3579,0,0,0,1,0,0.0,0.0,1
veh_3580,0,0,0,1,0,0.0,0.0,1
veh_3581,0,0,0,1,0,0.0,0.0,0
veh_3582,0,0,0,1,0,0.0,0.0,1
veh_3583,0,0,0,1,0,0.0,0.0,1
veh_3584,0,0,0,1,0,0.0,0.0,0
veh_3585,0,0,0,1,0,0.0,0.0,1
veh_3586,0,0,0,1,0,0.0,0.0,1
veh_3587,0,0,0,1,0,0.0,0.0,1
veh_3588,0,0,0,1,0,0.0,0.0,1
veh_3589,0,0,0,1,0,0.0,0.0,1
veh_3590,0,0,0,1,0,0.0,0.0,1
veh_3591,0,0,0,1,0,0.0,0.0,0
veh_3592,0,0,0,1,0,0.0,0.0,0
veh_3593,0,0,0,1,0,0.0,0.0,0
veh_3594,0,0,0,1,0,0.0,0.0,1
veh_3595,0,0,0,1,0,0.0,0.0,1
veh_3596,0,0,0,1,0,0.0,0.0,1
veh_3597,0,0,0,1,0,0.0,0.0,1
veh_3598,0,0,0,1,0,0.0,0.0,0
veh_3599,0,0,0,1,0,0.0,0.0,0
veh_3600,0,0,0,1,0,0.0,0.0,0
veh_3601,0,0,0,1,0,0.0,0.0,1
veh_3602,0,0,0,1,0,0.0,0.0,1
veh_3603,0,0,0,1,0,0.0,0.0,0
veh_3604,0,0,0,1,0,0.0,0.0,1
veh_3605,0,0,0,1,0,0.0,0.0,1
veh_3606,0,0,0,1,0,0.0,0.0,1
veh_3607,0,0,0,1,0,0.0,0.0,1
veh_3608,0,0,0,1,0,0.0,0.0,1
veh_3609,0,0,0,1,0,0.0,0.0,1
veh_3610,0,0,0,1,0,0.0,0.0,1
veh_3611,0,0,0,1,0,0.0,0.0,1
veh_3612,0,0,0,1,0,0.0,0.0,1
veh_3613,0,0,0,1,0,0.0,0.0,1
veh_3614,0,0,0,1,0,0.0,0.0,1
veh_3615,0,0,0,1,0,0.0,0.0,1
veh_3616,0,0,0,1,0,0.0,0.0,0
veh_3617,0,0,0,1,0,0.0,0.0,1
veh_3618,0,0,0,1,0,0.0,0.0,0
veh_3619,0,0,0,1,0,0.0,0.0,1
veh_3620,0,0,0,1,0,0.0,0.0,1
veh_3621,0,0,0,1,0,0.0,0.0,1
veh_3622,0,0,0,1,0,0.0,0.0,1
veh_3623,0,0,0,1,0,0.0,0.0,1
veh_3624,0,0,0,1,0,0.0,0.0,1
veh_3625,0,0,0,1,0,0.0,0.0,0
veh_3626,0,0,0,1,0,0.0,0.0,1
veh_3627,0,0,0,1,0,0.0,0.0,1
veh_3628,0,0,0,1,0,0.0,0.0,1
veh_3629,0,0,0,1,0,0.0,0.0,1
veh_3630,0,0,0,1,0,0.0,0.0,1
veh_3631,0,0,0,1,0,0.0,0.0,1
veh_3632,0,0,0,1,0,0.0,0.0,1
veh_3633,0,0,0,1,0,0.0,0.0,1
veh_3634,0,0,0,1,0,0.0,0.0,1
veh_3635,0,0,0,1,0,0.0,0.0,1
veh_3636,0,0,0,1,0,0.0,0.0,1
veh_3637,0,0,0,1,0,0.0,0.0,1
veh_3638,0,0,0,1,0,0.0,0.0,0
veh_3639,0,0,0,1,0,0.0,0.0,1
veh_3640,0,0,0,1,0,0.0,0.0,1
veh_3641,0,0,0,1,0,0.0,0.0,0
veh_3642,0,0,0,1,0,0.0,0.0,0
veh_3643,0,0,0,1,0,0.0,0.0,1
veh_3644,0,0,0,1,0,0.0,0.0,1
veh_3645,0,0,0,1,0,0.0,0.0,1
veh_3646,0,0,0,1,0,0.0,0.0,1
veh_3647,0,0,0,1,0,0.0,0.0,1
veh_3648,0,0,0,1,0,0.0,0.0,1
veh_3649,0,0,0,1,0,0.0,0.0,1
veh_3650,0,0,0,1,0,0.0,0.0,1
veh_3651,0,0,0,1,0,0.0,0.0,0
veh_3652,0,0,0,1,0,0.0,0.0,1
veh_3653,0,0,0,1,0,0.0,0.0,1
veh_3654,0,0,0,1,0,0.0,0.0,1
veh_3655,0,0,0,1,0,0.0,0.0,1
veh_3656,0,0,0,1,0,0.0,0.0,1
veh_3657,0,0,0,1,0,0.0,0.0,1
veh_3658,0,0,0,1,0,0.0,0.0,0
veh_3659,0,0,0,1,0,0.0,0.0,1
veh_3660,0,0,0,1,0,0.0,0.0,1
veh_3661,0,0,0,1,0,0.0,0.0,0
veh_3662,0,0,0,1,0,0.0,0.0,1
veh_3663,0,0,0,1,0,0.0,0.0,1
veh_3664,0,0,0,1,0,0.0,0.0,1
veh_3665,0,0,0,1,0,0.0,0.0,1
veh_3666,0,0,0,1,0,0.0,0.0,0
veh_3667,0,0,0,1,0,0.0,0.0,0
veh_3668,0,0,0,1,0,0.0,0.0,0
veh_3669,0,0,0,1,0,0.0,0.0,1
veh_3670,0,0,0,1,0,0.0,0.0,1
veh_3671,0,0,0,1,0,0.0,0.0,1
veh_3672,0,0,0,1,0,0.0,0.0,1
veh_3673,0,0,0,1,0,0.0,0.0,1
veh_3674,0,0,0,1,0,0.0,0.0,1
veh_3675,0,0,0,1,0,0.0,0.0,1
veh_3676,0,0,0,1,0,0.0,0.0,1
veh_3677,0,0,0,1,0,0.0,0.0,1
veh_3678,0,0,0,1,0,0.0,0.0,1
veh_3679,0,0,0,1,0,0.0,0.0,1
veh_3680,0,0,0,1,0,0.0,0.0,1
veh_3681,0,0,0,1,0,0.0,0.0,1
veh_3682,0,0,0,1,0,0.0,0.0,1
veh_3683,0,0,0,1,0,0.0,0.0,0
veh_3684,0,0,0,1,0,0.0,0.0,1
veh_3685,0,0,0,1,0,0.0,0.0,1
veh_3686,0,0,0,1,0,0.0,0.0,1
veh_3687,0,0,0,1,0,0.0,0.0,0
veh_3688,0,0,0,1,0,0.0,0.0,1
veh_3689,0,0,0,1,0,0.0,0.0,1
veh_3690,0,0,0,1,0,0.0,0.0,1
veh_3691,0,0,0,1,0,0.0,0.0,1
veh_3692,0,0,0,1,0,0.0,0.0,1
veh_3693,0,0,0,1,0,0.0,0.0,0
veh_3694,0,0,0,1,0,0.0,0.0,1
veh_3695,0,0,0,1,0,0.0,0.0,1
veh_3696,0,0,0,1,0,0.0,0.0,1
veh_3697,0,0,0,1,0,0.0,0.0,1
veh_3698,0,0,0,1,0,0.0,0.0,0
veh_3699,0,0,0,1,0,0.0,0.0,1
veh_3700,0,0,0,1,0,0.0,0.0,1
veh_3701,0,0,0,1,0,0.0,0.0,1
veh_3702,0,0,0,1,0,0.0,0.0,1
veh_3703,0,0,0,1,0,0.0,0.0,1
veh_3704,0,0,0,1,0,0.0,0.0,0
veh_3705,0,0,0,1,0,0.0,0.0,1
veh_3706,0,0,0,1,0,0.0,0.0,1
veh_3707,0,0,0,1,0,0.0,0.0,1
veh_3708,0,0,0,1,0,0.0,0.0,1
veh_3709,0,0,0,1,0,0.0,0.0,1
veh_3710,0,0,0,1,0,0.0,0.0,1
veh_3711,0,0,0,1,0,0.0,0.0,1
veh_3712,0,0,0,1,0,0.0,0.0,1
veh_3713,0,0,0,1,0,0.0,0.0,1
veh_3714,0,0,0,1,0,0.0,0.0,1
veh_3715,0,0,0,1,0,0.0,0.0,0
veh_3716,0,0,0,1,0,0.0,0.0,1
veh_3717,0,0,0,1,0,0.0,0.0,0
veh_3718,0,0,0,1,0,0.0,0.0,0
veh_3719,0,0,0,1,0,0.0,0.0,1
veh_3720,0,0,0,1,0,0.0,0.0,1
veh_3721,0,0,0,1,0,0.0,0.0,1
veh_3722,0,0,0,1,0,0.0,0.0,1
veh_3723,0,0,0,1,0,0.0,0.0,1
veh_3724,0,0,0,1,0,0.0,0.0,0
veh_3725,0,0,0,1,0,0.0,0.0,1
veh_3726,0,0,0,1,0,0.0,0.0,1
veh_3727,0,0,0,1,0,0.0,0.0,1
veh_3728,0,0,0,1,0,0.0,0.0,0
veh_3729,0,0,0,1,0,0.0,0.0,1
veh_3730,0,0,0,1,0,0.0,0.0,1
veh_3731,0,0,0,1,0,0.0,0.0,1
veh_3732,0,0,0,1,0,0.0,0.0,1
veh_3733,0,0,0,1,0,0.0,0.0,1
veh_3734,0,0,0,1,0,0.0,0.0,1
veh_3735,0,0,0,1,0,0.0,0.0,1
veh_3736,0,0,0,1,0,0.0,0.0,1
veh_3737,0,0,0,1,0,0.0,0.0,1
veh_3738,0,0,0,1,0,0.0,0.0,1
veh_3739,0,0,0,1,0,0.0,0.0,1
veh_3740,0,0,0,1,0,0.0,0.0,1
veh_3741,0,0,0,1,0,0.0,0.0,1
veh_3742,0,0,0,1,0,0.0,0.0,1
veh_3743,0,0,0,1,0,0.0,0.0,0
veh_3744,0,0,0,1,0,0.0,0.0,1
veh_3745,0,0,0,1,0,0.0,0.0,1
veh_3746,0,0,0,1,0,0.0,0.0,1
veh_3747,0,0,0,1,0,0.0,0.0,0
veh_3748,0,0,0,1,0,0.0,0.0,1
veh_3749,0,0,0,1,0,0.0,0.0,1
veh_3750,0,0,0,1,0,0.0,0.0,1
veh_3751,0,0,0,1,0,0.0,0.0,0
veh_3752,0,0,0,1,0,0.0,0.0,0
veh_3753,0,0,0,1,0,0.0,0.0,1
veh_3754,0,0,0,1,0,0.0,0.0,1
veh_3755,0,0,0,1,0,0.0,0.0,1
veh_3756,0,0,0,1,0,0.0,0.0,1
veh_3757,0,0,0,1,0,0.0,0.0,1
veh_3758,0,0,0,1,0,0.0,0.0,1
veh_3759,0,0,0,1,0,0.0,0.0,1
veh_3760,0,0,0,1,0,0.0,0.0,0
veh_3761,0,0,0,1,0,0.0,0.0,1
veh_3762,0,0,0,1,0,0.0,0.0,1
veh_3763,0,0,0,1,0,0.0,0.0,0
veh_3764,0,0,0,1,0,0.0,0.0,1
veh_3765,0,0,0,1,0,0.0,0.0,1
veh_3766,0,0,0,1,0,0.0,0.0,1
veh_3767,0,0,0,1,0,0.0,0.0,1
veh_3768,0,0,0,1,0,0.0,0.0,1
veh_3769,0,0,0,1,0,0.0,0.0,1
veh_3770,0,0,0,1,0,0.0,0.0,1
veh_3771,0,0,0,1,0,0.0,0.0,1
veh_3772,0,0,0,1,0,0.0,0.0,1
veh_3773,0,0,0,1,0,0.0,0.0,0
veh_3774,0,0,0,1,0,0.0,0.0,1
veh_3775,0,0,0,1,0,0.0,0.0,1
veh_3776,0,0,0,1,0,0.0,0.0,1
veh_3777,0,0,0,1,0,0.0,0.0,1
veh_3778,0,0,0,1,0,0.0,0.0,0
veh_3779,0,0,0,1,0,0.0,0.0,0
veh_3780,0,0,0,1,0,0.0,0.0,1
veh_3781,0,0,0,1,0,0.0,0.0,1
veh_3782,0,0,0,1,0,0.0,0.0,0
veh_3783,0,0,0,1,0,0.0,0.0,1
veh_3784,0,0,0,1,0,0.0,0.0,1
veh_3785,0,0,0,1,0,0.0,0.0,0
veh_3786,0,0,0,1,0,0.0,0.0,1
veh_3787,0,0,0,1,0,0.0,0.0,1
veh_3788,0,0,0,1,0,0.0,0.0,1
veh_3789,0,0,0,1,0,0.0,0.0,1
veh_3790,0,0,0,1,0,0.0,0.0,1
veh_3791,0,0,0,1,0,0.0,0.0,1
veh_3792,0,0,0,1,0,0.0,0.0,1
veh_3793,0,0,0,1,0,0.0,0.0,1
veh_3794,0,0,0,1,0,0.0,0.0,1
veh_3795,0,0,0,1,0,0.0,0.0,1
veh_3796,0,0,0,1,0,0.0,0.0,1
veh_3797,0,0,0,1,0,0.0,0.0,1
veh_3798,0,0,0,1,0,0.0,0.0,1
veh_3799,0,0,0,1,0,0.0,0.0,0
veh_3800,0,0,0,1,0,0.0,0.0,1
veh_3801,0,0,0,1,0,0.0,0.0,1
veh_3802,0,0,0,1,0,0.0,0.0,0
veh_3803,0,0,0,1,0,0.0,0.0,0
veh_3804,0,0,0,1,0,0.0,0.0,1
veh_3805,0,0,0,1,0,0.0,0.0,1
veh_3806,0,0,0,1,0,0.0,0.0,1
veh_3807,0,0,0,1,0,0.0,0.0,1
veh_3808,0,0,0,1,0,0.0,0.0,1
veh_3809,0,0,0,1,0,0.0,0.0,1
veh_3810,0,0,0,1,0,0.0,0.0,1
veh_3811,0,0,0,1,0,0.0,0.0,0
veh_3812,0,0,0,1,0,0.0,0.0,1
veh_3813,0,0,0,1,0,0.0,0.0,1
veh_3814,0,0,0,1,0,0.0,0.0,0
veh_3815,0,0,0,1,0,0.0,0.0,0
veh_3816,0,0,0,1,0,0.0,0.0,1
veh_3817,0,0,0,1,0,0.0,0.0,1
veh_3818,0,0,0,1,0,0.0,0.0,1
veh_3819,0,0,0,1,0,0.0,0.0,1
veh_3820,0,0,0,1,0,0.0,0.0,1
veh_3821,0,0,0,1,0,0.0,0.0,1
veh_3822,0,0,0,1,0,0.0,0.0,1
veh_3823,0,0,0,1,0,0.0,0.0,1
veh_3824,0,0,0,1,0,0.0,0.0,1
veh_3825,0,0,0,1,0,0.0,0.0,1
veh_3826,0,0,0,1,0,0.0,0.0,1
veh_3827,0,0,0,1,0,0.0,0.0,1
veh_3828,0,0,0,1,0,0.0,0.0,1
veh_3829,0,0,0,1,0,0.0,0.0,0
veh_3830,0,0,0,1,0,0.0,0.0,0
veh_3831,0,0,0,1,0,0.0,0.0,1
veh_3832,0,0,0,1,0,0.0,0.0,1
veh_3833,0,0,0,1,0,0.0,0.0,1
veh_3834,0,0,0,1,0,0.0,0.0,1
veh_3835,0,0,0,1,0,0.0,0.0,1
veh_3836,0,0,0,1,0,0.0,0.0,1
veh_3837,0,0,0,1,0,0.0,0.0,0
veh_3838,0,0,0,1,0,0.0,0.0,1
veh_3839,0,0,0,1,0,0.0,0.0,1
veh_3840,0,0,0,1,0,0.0,0.0,1
veh_3841,0,0,0,1,0,0.0,0.0,1
veh_3842,0,0,0,1,0,0.0,0.0,1
veh_3843,0,0,0,1,0,0.0,0.0,1
veh_3844,0,0,0,1,0,0.0,0.0,1
veh_3845,0,0,0,1,0,0.0,0.0,1
veh_3846,0,0,0,1,0,0.0,0.0,1
veh_3847,0,0,0,1,0,0.0,0.0,0
veh_3848,0,0,0,1,0,0.0,0.0,1
veh_3849,0,0,0,1,0,0.0,0.0,1
veh_3850,0,0,0,1,0,0.0,0.0,1
veh_3851,0,0,0,1,0,0.0,0.0,1
veh_3852,0,0,0,1,0,0.0,0.0,1
veh_3853,0,0,0,1,0,0.0,0.0,1
veh_3854,0,0,0,1,0,0.0,0.0,1
veh_3855,0,0,0,1,0,0.0,0.0,1
veh_3856,0,0,0,1,0,0.0,0.0,1
veh_3857,0,0,0,1,0,0.0,0.0,1
veh_3858,0,0,0,1,0,0.0,0.0,1
veh_3859,0,0,0,1,0,0.0,0.0,1
veh_3860,0,0,0,1,0,0.0,0.0,1
veh_3861,0,0,0,1,0,0.0,0.0,1
veh_3862,0,0,0,1,0,0.0,0.0,1
veh_3863,0,0,0,1,0,0.0,0.0,1
veh_3864,0,0,0,1,0,0.0,0.0,0
veh_3865,0,0,0,1,0,0.0,0.0,1
veh_3866,0,0,0,1,0,0.0,0.0,1
veh_3867,0,0,0,1,0,0.0,0.0,1
veh_3868,0,0,0,1,0,0.0,0.0,0
veh_3869,0,0,0,1,0,0.0,0.0,0
veh_3870,0,0,0,1,0,0.0,0.0,0
veh_3871,0,0,0,1,0,0.0,0.0,0
veh_3872,0,0,0,1,0,0.0,0.0,1
veh_3873,0,0,0,1,0,0.0,0.0,1
veh_3874,0,0,0,1,0,0.0,0.0,1
veh_3875,0,0,0,1,0,0.0,0.0,1
veh_3876,0,0,0,1,0,0.0,0.0,1
veh_3877,0,0,0,1,0,0.0,0.0,1
veh_3878,0,0,0,1,0,0.0,0.0,1
veh_3879,0,0,0,1,0,0.0,0.0,1
veh_3880,0,0,0,1,0,0.0,0.0,0
veh_3881,0,0,0,1,0,0.0,0.0,1
veh_3882,0,0,0,1,0,0.0,0.0,0
veh_3883,0,0,0,1,0,0.0,0.0,1
veh_3884,0,0,0,1,0,0.0,0.0,1
veh_3885,0,0,0,1,0,0.0,0.0,1
veh_3886,0,0,0,1,0,0.0,0.0,0
veh_3887,0,0,0,1,0,0.0,0.0,1
veh_3888,0,0,0,1,0,0.0,0.0,0
veh_3889,0,0,0,1,0,0.0,0.0,0
veh_3890,0,0,0,1,0,0.0,0.0,1
veh_3891,0,0,0,1,0,0.0,0.0,1
veh_3892,0,0,0,1,0,0.0,0.0,1
veh_3893,0,0,0,1,0,0.0,0.0,1
veh_3894,0,0,0,1,0,0.0,0.0,1
veh_3895,0,0,0,1,0,0.0,0.0,1
veh_3896,0,0,0,1,0,0.0,0.0,1
veh_3897,0,0,0,1,0,0.0,0.0,1
veh_3898,0,0,0,1,0,0.0,0.0,1
veh_3899,0,0,0,1,0,0.0,0.0,1
veh_3900,0,0,0,1,0,0.0,0.0,0
veh_3901,0,0,0,1,0,0.0,0.0,1
veh_3902,0,0,0,1,0,0.0,0.0,0
veh_3903,0,0,0,1,0,0.0,0.0,1
veh_3904,0,0,0,1,0,0.0,0.0,1
veh_3905,0,0,0,1,0,0.0,0.0,0
veh_3906,0,0,0,1,0,0.0,0.0,1
veh_3907,0,0,0,1,0,0.0,0.0,0
veh_3908,0,0,0,1,0,0.0,0.0,1
veh_3909,0,0,0,1,0,0.0,0.0,1
veh_3910,0,0,0,1,0,0.0,0.0,0
veh_3911,0,0,0,1,0,0.0,0.0,1
veh_3912,0,0,0,1,0,0.0,0.0,1
veh_3913,0,0,0,1,0,0.0,0.0,0
veh_3914,0,0,0,1,0,0.0,0.0,1
veh_3915,0,0,0,1,0,0.0,0.0,1
veh_3916,0,0,0,1,0,0.0,0.0,1
veh_3917,0,0,0,1,0,0.0,0.0,1
veh_3918,0,0,0,1,0,0.0,0.0,1
veh_3919,0,0,0,1,0,0.0,0.0,0
veh_3920,0,0,0,1,0,0.0,0.0,1
veh_3921,0,0,0,1,0,0.0,0.0,0
veh_3922,0,0,0,1,0,0.0,0.0,1
veh_3923,0,0,0,1,0,0.0,0.0,1
veh_3924,0,0,0,1,0,0.0,0.0,1
veh_3925,0,0,0,1,0,0.0,0.0,1
veh_3926,0,0,0,1,0,0.0,0.0,1
veh_3927,0,0,0,1,0,0.0,0.0,1
veh_3928,0,0,0,1,0,0.0,0.0,0
veh_3929,0,0,0,1,0,0.0,0.0,1
veh_3930,0,0,0,1,0,0.0,0.0,1
veh_3931,0,0,0,1,0,0.0,0.0,0
veh_3932,0,0,0,1,0,0.0,0.0,0
veh_3933,0,0,0,1,0,0.0,0.0,1
veh_3934,0,0,0,1,0,0.0,0.0,1
veh_3935,0,0,0,1,0,0.0,0.0,1
veh_3936,0,0,0,1,0,0.0,0.0,0
veh_3937,0,0,0,1,0,0.0,0.0,1
veh_3938,0,0,0,1,0,0.0,0.0,1
veh_3939,0,0,0,1,0,0.0,0.0,0
veh_3940,0,0,0,1,0,0.0,0.0,1
veh_3941,0,0,0,1,0,0.0,0.0,1
veh_3942,0,0,0,1,0,0.0,0.0,1
veh_3943,0,0,0,1,0,0.0,0.0,1
veh_3944,0,0,0,1,0,0.0,0.0,1
veh_3945,0,0,0,1,0,0.0,0.0,1
veh_3946,0,0,0,1,0,0.0,0.0,1
veh_3947,0,0,0,1,0,0.0,0.0,1
veh_3948,0,0,0,1,0,0.0,0.0,1
veh_3949,0,0,0,1,0,0.0,0.0,1
veh_3950,0,0,0,1,0,0.0,0.0,1
veh_3951,0,0,0,1,0,0.0,0.0,1
veh_3952,0,0,0,1,0,0.0,0.0,1
veh_3953,0,0,0,1,0,0.0,0.0,0
veh_3954,0,0,0,1,0,0.0,0.0,0
veh_3955,0,0,0,1,0,0.0,0.0,1
veh_3956,0,0,0,1,0,0.0,0.0,1
veh_3957,0,0,0,1,0,0.0,0.0,1
veh_3958,0,0,0,1,0,0.0,0.0,1
veh_3959,0,0,0,1,0,0.0,0.0,0
veh_3960,0,0,0,1,0,0.0,0.0,1
veh_3961,0,0,0,1,0,0.0,0.0,1
veh_3962,0,0,0,1,0,0.0,0.0,1
veh_3963,0,0,0,1,0,0.0,0.0,1
veh_3964,0,0,0,1,0,0.0,0.0,0
veh_3965,0,0,0,1,0,0.0,0.0,1
veh_3966,0,0,0,1,0,0.0,0.0,1
veh_3967,0,0,0,1,0,0.0,0.0,1
veh_3968,0,0,0,1,0,0.0,0.0,1
veh_3969,0,0,0,1,0,0.0,0.0,1
veh_3970,0,0,0,1,0,0.0,0.0,1
veh_3971,0,0,0,1,0,0.0,0.0,1
veh_3972,0,0,0,1,0,0.0,0.0,1
veh_3973,0,0,0,1,0,0.0,0.0,1
veh_3974,0,0,0,1,0,0.0,0.0,1
veh_3975,0,0,0,1,0,0.0,0.0,1
veh_3976,0,0,0,1,0,0.0,0.0,1
veh_3977,0,0,0,1,0,0.0,0.0,0
veh_3978,0,0,0,1,0,0.0,0.0,1
veh_3979,0,0,0,1,0,0.0,0.0,0
veh_3980,0,0,0,1,0,0.0,0.0,0
veh_3981,0,0,0,1,0,0.0,0.0,1
veh_3982,0,0,0,1,0,0.0,0.0,0
veh_3983,0,0,0,1,0,0.0,0.0,1
veh_3984,0,0,0,1,0,0.0,0.0,0
veh_3985,0,0,0,1,0,0.0,0.0,1
veh_3986,0,0,0,1,0,0.0,0.0,1
veh_3987,0,0,0,1,0,0.0,0.0,1
veh_3988,0,0,0,1,0,0.0,0.0,1
veh_3989,0,0,0,1,0,0.0,0.0,1
veh_3990,0,0,0,1,0,0.0,0.0,1
veh_3991,0,0,0,1,0,0.0,0.0,1
veh_3992,0,0,0,1,0,0.0,0.0,1
veh_3993,0,0,0,1,0,0.0,0.0,1
veh_3994,0,0,0,1,0,0.0,0.0,0
veh_3995,0,0,0,1,0,0.0,0.0,1
veh_3996,0,0,0,1,0,0.0,0.0,1
veh_3997,0,0,0,1,0,0.0,0.0,0
veh_3998,0,0,0,1,0,0.0,0.0,1
veh_3999,0,0,0,1,0,0.0,0.0,1
veh_4000,0,0,0,1,0,0.0,0.0,1
veh_4001,0,0,0,1,0,0.0,0.0,1
veh_4002,0,0,0,1,0,0.0,0.0,1
veh_4003,0,0,0,1,0,0.0,0.0,1
veh_4004,0,0,0,1,0,0.0,0.0,1
veh_4005,0,0,0,1,0,0.0,0.0,1
veh_4006,0,0,0,1,0,0.0,0.0,1
veh_4007,0,0,0,1,0,0.0,0.0,1
veh_4008,0,0,0,1,0,0.0,0.0,1
veh_4009,0,0,0,1,0,0.0,0.0,1
veh_4010,0,0,0,1,0,0.0,0.0,1
veh_4011,0,0,0,1,0,0.0,0.0,1
veh_4012,0,0,0,1,0,0.0,0.0,1
veh_4013,0,0,0,1,0,0.0,0.0,1
veh_4014,0,0,0,1,0,0.0,0.0,1
veh_4015,0,0,0,1,0,0.0,0.0,1
veh_4016,0,0,0,1,0,0.0,0.0,1
veh_4017,0,0,0,1,0,0.0,0.0,1
veh_4018,0,0,0,1,0,0.0,0.0,1
veh_4019,0,0,0,1,0,0.0,0.0,1
veh_4020,0,0,0,1,0,0.0,0.0,0
veh_4021,0,0,0,1,0,0.0,0.0,1
veh_4022,0,0,0,1,0,0.0,0.0,1
veh_4023,0,0,0,1,0,0.0,0.0,1
veh_4024,0,0,0,1,0,0.0,0.0,0
veh_4025,0,0,0,1,0,0.0,0.0,1
veh_4026,0,0,0,1,0,0.0,0.0,1
veh_4027,0,0,0,1,0,0.0,0.0,1
veh_4028,0,0,0,1,0,0.0,0.0,0
veh_4029,0,0,0,1,0,0.0,0.0,1
veh_4030,0,0,0,1,0,0.0,0.0,1
veh_4031,0,0,0,1,0,0.0,0.0,1
veh_4032,0,0,0,1,0,0.0,0.0,1
veh_4033,0,0,0,1,0,0.0,0.0,1
veh_4034,0,0,0,1,0,0.0,0.0,1
veh_4035,0,0,0,1,0,0.0,0.0,1
veh_4036,0,0,0,1,0,0.0,0.0,1
veh_4037,0,0,0,1,0,0.0,0.0,1
veh_4038,0,0,0,1,0,0.0,0.0,1
veh_4039,0,0,0,1,0,0.0,0.0,1
veh_4040,0,0,0,1,0,0.0,0.0,1
veh_4041,0,0,0,1,0,0.0,0.0,1
veh_4042,0,0,0,1,0,0.0,0.0,1
veh_4043,0,0,0,1,0,0.0,0.0,1
veh_4044,0,0,0,1,0,0.0,0.0,0
veh_4045,0,0,0,1,0,0.0,0.0,1
veh_4046,0,0,0,1,0,0.0,0.0,0
veh_4047,0,0,0,1,0,0.0,0.0,1
veh_4048,0,0,0,1,0,0.0,0.0,1
veh_4049,0,0,0,1,0,0.0,0.0,1
veh_4050,0,0,0,1,0,0.0,0.0,0
veh_4051,0,0,0,1,0,0.0,0.0,1
veh_4052,0,0,0,1,0,0.0,0.0,0
veh_4053,0,0,0,1,0,0.0,0.0,1
veh_4054,0,0,0,1,0,0.0,0.0,0
veh_4055,0,0,0,1,0,0.0,0.0,0
veh_4056,0,0,0,1,0,0.0,0.0,1
veh_4057,0,0,0,1,0,0.0,0.0,1
veh_4058,0,0,0,1,0,0.0,0.0,1
veh_4059,0,0,0,1,0,0.0,0.0,1
veh_4060,0,0,0,1,0,0.0,0.0,1
veh_4061,0,0,0,1,0,0.0,0.0,0
veh_4062,0,0,0,1,0,0.0,0.0,1
veh_4063,0,0,0,1,0,0.0,0.0,1
veh_4064,0,0,0,1,0,0.0,0.0,1
veh_4065,0,0,0,1,0,0.0,0.0,1
veh_4066,0,0,0,1,0,0.0,0.0,1
veh_4067,0,0,0,1,0,0.0,0.0,0
veh_4068,0,0,0,1,0,0.0,0.0,1
veh_4069,0,0,0,1,0,0.0,0.0,0
veh_4070,0,0,0,1,0,0.0,0.0,1
veh_4071,0,0,0,1,0,0.0,0.0,1
veh_4072,0,0,0,1,0,0.0,0.0,1
veh_4073,0,0,0,1,0,0.0,0.0,1
veh_4074,0,0,0,1,0,0.0,0.0,0
veh_4075,0,0,0,1,0,0.0,0.0,1
veh_4076,0,0,0,1,0,0.0,0.0,1
veh_4077,0,0,0,1,0,0.0,0.0,1
veh_4078,0,0,0,1,0,0.0,0.0,1
veh_4079,0,0,0,1,0,0.0,0.0,1
veh_4080,0,0,0,1,0,0.0,0.0,1
veh_4081,0,0,0,1,0,0.0,0.0,1
veh_4082,0,0,0,1,0,0.0,0.0,0
veh_4083,0,0,0,1,0,0.0,0.0,1
veh_4084,0,0,0,1,0,0.0,0.0,1
veh_4085,0,0,0,1,0,0.0,0.0,1
veh_4086,0,0,0,1,0,0.0,0.0,1
veh_4087,0,0,0,1,0,0.0,0.0,1
veh_4088,0,0,0,1,0,0.0,0.0,0
veh_4089,0,0,0,1,0,0.0,0.0,1
veh_4090,0,0,0,1,0,0.0,0.0,1
veh_4091,0,0,0,1,0,0.0,0.0,0
veh_4092,0,0,0,1,0,0.0,0.0,1
veh_4093,0,0,0,1,0,0.0,0.0,1
veh_4094,0,0,0,1,0,0.0,0.0,1
veh_4095,0,0,0,1,0,0.0,0.0,1
veh_4096,0,0,0,1,0,0.0,0.0,1
veh_4097,0,0,0,1,0,0.0,0.0,1
veh_4098,0,0,0,1,0,0.0,0.0,0
veh_4099,0,0,0,1,0,0.0,0.0,1
veh_4100,0,0,0,1,0,0.0,0.0,1
veh_4101,0,0,0,1,0,0.0,0.0,1
veh_4102,0,0,0,1,0,0.0,0.0,1
veh_4103,0,0,0,1,0,0.0,0.0,1
veh_4104,0,0,0,1,0,0.0,0.0,1
veh_4105,0,0,0,1,0,0.0,0.0,1
veh_4106,0,0,0,1,0,0.0,0.0,1
veh_4107,0,0,0,1,0,0.0,0.0,1
veh_4108,0,0,0,1,0,0.0,0.0,0
veh_4109,0,0,0,1,0,0.0,0.0,0
veh_4110,0,0,0,1,0,0.0,0.0,0
veh_4111,0,0,0,1,0,0.0,0.0,1
veh_4112,0,0,0,1,0,0.0,0.0,0
veh_4113,0,0,0,1,0,0.0,0.0,0
veh_4114,0,0,0,1,0,0.0,0.0,1
veh_4115,0,0,0,1,0,0.0,0.0,1
veh_4116,0,0,0,1,0,0.0,0.0,0
veh_4117,0,0,0,1,0,0.0,0.0,0
veh_4118,0,0,0,1,0,0.0,0.0,1
veh_4119,0,0,0,1,0,0.0,0.0,0
veh_4120,0,0,0,1,0,0.0,0.0,0
veh_4121,0,0,0,1,0,0.0,0.0,0
veh_4122,0,0,0,1,0,0.0,0.0,1
veh_4123,0,0,0,1,0,0.0,0.0,1
veh_4124,0,0,0,1,0,0.0,0.0,1
veh_4125,0,0,0,1,0,0.0,0.0,0
veh_4126,0,0,0,1,0,0.0,0.0,1
veh_4127,0,0,0,1,0,0.0,0.0,1
veh_4128,0,0,0,1,0,0.0,0.0,0
veh_4129,0,0,0,1,0,0.0,0.0,0
veh_4130,0,0,0,1,0,0.0,0.0,1
veh_4131,0,0,0,1,0,0.0,0.0,1
veh_4132,0,0,0,1,0,0.0,0.0,1
veh_4133,0,0,0,1,0,0.0,0.0,1
veh_4134,0,0,0,1,0,0.0,0.0,1
veh_4135,0,0,0,1,0,0.0,0.0,0
veh_4136,0,0,0,1,0,0.0,0.0,1
veh_4137,0,0,0,1,0,0.0,0.0,0
veh_4138,0,0,0,1,0,0.0,0.0,1
veh_4139,0,0,0,1,0,0.0,0.0,1
veh_4140,0,0,0,1,0,0.0,0.0,1
veh_4141,0,0,0,1,0,0.0,0.0,1
veh_4142,0,0,0,1,0,0.0,0.0,1
veh_4143,0,0,0,1,0,0.0,0.0,1
veh_4144,0,0,0,1,0,0.0,0.0,1
veh_4145,0,0,0,1,0,0.0,0.0,1
veh_4146,0,0,0,1,0,0.0,0.0,1
veh_4147,0,0,0,1,0,0.0,0.0,1
veh_4148,0,0,0,1,0,0.0,0.0,1
veh_4149,0,0,0,1,0,0.0,0.0,1
veh_4150,0,0,0,1,0,0.0,0.0,1
veh_4151,0,0,0,1,0,0.0,0.0,1
veh_4152,0,0,0,1,0,0.0,0.0,0
veh_4153,0,0,0,1,0,0.0,0.0,1
veh_4154,0,0,0,1,0,0.0,0.0,1
veh_4155,0,0,0,1,0,0.0,0.0,1
veh_4156,0,0,0,1,0,0.0,0.0,1
veh_4157,0,0,0,1,0,0.0,0.0,1
veh_4158,0,0,0,1,0,0.0,0.0,0
veh_4159,0,0,0,1,0,0.0,0.0,0
veh_4160,0,0,0,1,0,0.0,0.0,1
veh_4161,0,0,0,1,0,0.0,0.0,1
veh_4162,0,0,0,1,0,0.0,0.0,1
veh_4163,0,0,0,1,0,0.0,0.0,1
veh_4164,0,0,0,1,0,0.0,0.0,1
veh_4165,0,0,0,1,0,0.0,0.0,1
veh_4166,0,0,0,1,0,0.0,0.0,1
veh_4167,0,0,0,1,0,0.0,0.0,0
veh_4168,0,0,0,1,0,0.0,0.0,1
veh_4169,0,0,0,1,0,0.0,0.0,0
veh_4170,0,0,0,1,0,0.0,0.0,0
veh_4171,0,0,0,1,0,0.0,0.0,1
veh_4172,0,0,0,1,0,0.0,0.0,0
veh_4173,0,0,0,1,0,0.0,0.0,1
veh_4174,0,0,0,1,0,0.0,0.0,1
veh_4175,0,0,0,1,0,0.0,0.0,1
veh_4176,0,0,0,1,0,0.0,0.0,1
veh_4177,0,0,0,1,0,0.0,0.0,0
veh_4178,0,0,0,1,0,0.0,0.0,1
veh_4179,0,0,0,1,0,0.0,0.0,1
veh_4180,0,0,0,1,0,0.0,0.0,0
veh_4181,0,0,0,1,0,0.0,0.0,1
veh_4182,0,0,0,1,0,0.0,0.0,1
veh_4183,0,0,0,1,0,0.0,0.0,0
veh_4184,0,0,0,1,0,0.0,0.0,1
veh_4185,0,0,0,1,0,0.0,0.0,0
veh_4186,0,0,0,1,0,0.0,0.0,1
veh_4187,0,0,0,1,0,0.0,0.0,1
veh_4188,0,0,0,1,0,0.0,0.0,1
veh_4189,0,0,0,1,0,0.0,0.0,1
veh_4190,0,0,0,1,0,0.0,0.0,1
veh_4191,0,0,0,1,0,0.0,0.0,1
veh_4192,0,0,0,1,0,0.0,0.0,1
veh_4193,0,0,0,1,0,0.0,0.0,1
veh_4194,0,0,0,1,0,0.0,0.0,1
veh_4195,0,0,0,1,0,0.0,0.0,1
veh_4196,0,0,0,1,0,0.0,0.0,0
veh_4197,0,0,0,1,0,0.0,0.0,0
veh_4198,0,0,0,1,0,0.0,0.0,1
veh_4199,0,0,0,1,0,0.0,0.0,1
veh_4200,0,0,0,1,0,0.0,0.0,1
veh_4201,0,0,0,1,0,0.0,0.0,0
veh_4202,0,0,0,1,0,0.0,0.0,1
veh_4203,0,0,0,1,0,0.0,0.0,1
veh_4204,0,0,0,1,0,0.0,0.0,0
veh_4205,0,0,0,1,0,0.0,0.0,1
veh_4206,0,0,0,1,0,0.0,0.0,0
veh_4207,0,0,0,1,0,0.0,0.0,0
veh_4208,0,0,0,1,0,0.0,0.0,1
veh_4209,0,0,0,1,0,0.0,0.0,0
veh_4210,0,0,0,1,0,0.0,0.0,1
veh_4211,0,0,0,1,0,0.0,0.0,1
veh_4212,0,0,0,1,0,0.0,0.0,1
veh_4213,0,0,0,1,0,0.0,0.0,1
veh_4214,0,0,0,1,0,0.0,0.0,1
veh_4215,0,0,0,1,0,0.0,0.0,1
veh_4216,0,0,0,1,0,0.0,0.0,0
veh_4217,0,0,0,1,0,0.0,0.0,1
veh_4218,0,0,0,1,0,0.0,0.0,0
veh_4219,0,0,0,1,0,0.0,0.0,1
veh_4220,0,0,0,1,0,0.0,0.0,1
veh_4221,0,0,0,1,0,0.0,0.0,1
veh_4222,0,0,0,1,0,0.0,0.0,0
veh_4223,0,0,0,1,0,0.0,0.0,1
veh_4224,0,0,0,1,0,0.0,0.0,1
veh_4225,0,0,0,1,0,0.0,0.0,0
veh_4226,0,0,0,1,0,0.0,0.0,1
veh_4227,0,0,0,1,0,0.0,0.0,1
veh_4228,0,0,0,1,0,0.0,0.0,1
veh_4229,0,0,0,1,0,0.0,0.0,1
veh_4230,0,0,0,1,0,0.0,0.0,1
veh_4231,0,0,0,1,0,0.0,0.0,0
veh_4232,0,0,0,1,0,0.0,0.0,1
veh_4233,0,0,0,1,0,0.0,0.0,1
veh_4234,0,0,0,1,0,0.0,0.0,1
veh_4235,0,0,0,1,0,0.0,0.0,1
veh_4236,0,0,0,1,0,0.0,0.0,1
veh_4237,0,0,0,1,0,0.0,0.0,1
veh_4238,0,0,0,1,0,0.0,0.0,0
veh_4239,0,0,0,1,0,0.0,0.0,1
veh_4240,0,0,0,1,0,0.0,0.0,1
veh_4241,0,0,0,1,0,0.0,0.0,0
veh_4242,0,0,0,1,0,0.0,0.0,1
veh_4243,0,0,0,1,0,0.0,0.0,1
veh_4244,0,0,0,1,0,0.0,0.0,1
veh_4245,0,0,0,1,0,0.0,0.0,1
veh_4246,0,0,0,1,0,0.0,0.0,1
veh_4247,0,0,0,1,0,0.0,0.0,1
veh_4248,0,0,0,1,0,0.0,0.0,1
veh_4249,0,0,0,1,0,0.0,0.0,1
veh_4250,0,0,0,1,0,0.0,0.0,1
veh_4251,0,0,0,1,0,0.0,0.0,1
veh_4252,0,0,0,1,0,0.0,0.0,1
veh_4253,0,0,0,1,0,0.0,0.0,0
veh_4254,0,0,0,1,0,0.0,0.0,1
veh_4255,0,0,0,1,0,0.0,0.0,1
veh_4256,0,0,0,1,0,0.0,0.0,1
veh_4257,0,0,0,1,0,0.0,0.0,1
veh_4258,0,0,0,1,0,0.0,0.0,1
veh_4259,0,0,0,1,0,0.0,0.0,1
veh_4260,0,0,0,1,0,0.0,0.0,1
veh_4261,0,0,0,1,0,0.0,0.0,1
veh_4262,0,0,0,1,0,0.0,0.0,0
veh_4263,0,0,0,1,0,0.0,0.0,1
veh_4264,0,0,0,1,0,0.0,0.0,1
veh_4265,0,0,0,1,0,0.0,0.0,1
veh_4266,0,0,0,1,0,0.0,0.0,1
veh_4267,0,0,0,1,0,0.0,0.0,1
veh_4268,0,0,0,1,0,0.0,0.0,1
veh_4269,0,0,0,1,0,0.0,0.0,1
veh_4270,0,0,0,1,0,0.0,0.0,1
veh_4271,0,0,0,1,0,0.0,0.0,1
veh_4272,0,0,0,1,0,0.0,0.0,1
veh_4273,0,0,0,1,0,0.0,0.0,1
veh_4274,0,0,0,1,0,0.0,0.0,1
veh_4275,0,0,0,1,0,0.0,0.0,1
veh_4276,0,0,0,1,0,0.0,0.0,1
veh_4277,0,0,0,1,0,0.0,0.0,1
veh_4278,0,0,0,1,0,0.0,0.0,1
veh_4279,0,0,0,1,0,0.0,0.0,0
veh_4280,0,0,0,1,0,0.0,0.0,0
veh_4281,0,0,0,1,0,0.0,0.0,1
veh_4282,0,0,0,1,0,0.0,0.0,0
veh_4283,0,0,0,1,0,0.0,0.0,1
veh_4284,0,0,0,1,0,0.0,0.0,0
veh_4285,0,0,0,1,0,0.0,0.0,1
veh_4286,0,0,0,1,0,0.0,0.0,0
veh_4287,0,0,0,1,0,0.0,0.0,1
veh_4288,0,0,0,1,0,0.0,0.0,0
veh_4289,0,0,0,1,0,0.0,0.0,1
veh_4290,0,0,0,1,0,0.0,0.0,0
veh_4291,0,0,0,1,0,0.0,0.0,1
veh_4292,0,0,0,1,0,0.0,0.0,0
veh_4293,0,0,0,1,0,0.0,0.0,1
veh_4294,0,0,0,1,0,0.0,0.0,0
veh_4295,0,0,0,1,0,0.0,0.0,1
veh_4296,0,0,0,1,0,0.0,0.0,1
veh_4297,0,0,0,1,0,0.0,0.0,1
veh_4298,0,0,0,1,0,0.0,0.0,1
veh_4299,0,0,0,1,0,0.0,0.0,1
veh_4300,0,0,0,1,0,0.0,0.0,1
veh_4301,0,0,0,1,0,0.0,0.0,1
veh_4302,0,0,0,1,0,0.0,0.0,0
veh_4303,0,0,0,1,0,0.0,0.0,0
veh_4304,0,0,0,1,0,0.0,0.0,1
veh_4305,0,0,0,1,0,0.0,0.0,1
veh_4306,0,0,0,1,0,0.0,0.0,0
veh_4307,0,0,0,1,0,0.0,0.0,0
veh_4308,0,0,0,1,0,0.0,0.0,1
veh_4309,0,0,0,1,0,0.0,0.0,1
veh_4310,0,0,0,1,0,0.0,0.0,0
veh_4311,0,0,0,1,0,0.0,0.0,1
veh_4312,0,0,0,1,0,0.0,0.0,1
veh_4313,0,0,0,1,0,0.0,0.0,1
veh_4314,0,0,0,1,0,0.0,0.0,1
veh_4315,0,0,0,1,0,0.0,0.0,1
veh_4316,0,0,0,1,0,0.0,0.0,1
veh_4317,0,0,0,1,0,0.0,0.0,1
veh_4318,0,0,0,1,0,0.0,0.0,1
veh_4319,0,0,0,1,0,0.0,0.0,0
veh_4320,0,0,0,1,0,0.0,0.0,1
veh_4321,0,0,0,1,0,0.0,0.0,0
veh_4322,0,0,0,1,0,0.0,0.0,1
veh_4323,0,0,0,1,0,0.0,0.0,0
veh_4324,0,0,0,1,0,0.0,0.0,1
veh_4325,0,0,0,1,0,0.0,0.0,0
veh_4326,0,0,0,1,0,0.0,0.0,1
veh_4327,0,0,0,1,0,0.0,0.0,1
veh_4328,0,0,0,1,0,0.0,0.0,1
veh_4329,0,0,0,1,0,0.0,0.0,1
veh_4330,0,0,0,1,0,0.0,0.0,1
veh_4331,0,0,0,1,0,0.0,0.0,1
veh_4332,0,0,0,1,0,0.0,0.0,1
veh_4333,0,0,0,1,0,0.0,0.0,1
veh_4334,0,0,0,1,0,0.0,0.0,1
veh_4335,0,0,0,1,0,0.0,0.0,1
veh_4336,0,0,0,1,0,0.0,0.0,1
veh_4337,0,0,0,1,0,0.0,0.0,1
veh_4338,0,0,0,1,0,0.0,0.0,1
veh_4339,0,0,0,1,0,0.0,0.0,1
veh_4340,0,0,0,1,0,0.0,0.0,1
veh_4341,0,0,0,1,0,0.0,0.0,0
veh_4342,0,0,0,1,0,0.0,0.0,1
veh_4343,0,0,0,1,0,0.0,0.0,1
veh_4344,0,0,0,1,0,0.0,0.0,1
veh_4345,0,0,0,1,0,0.0,0.0,0
veh_4346,0,0,0,1,0,0.0,0.0,1
veh_4347,0,0,0,1,0,0.0,0.0,0
veh_4348,0,0,0,1,0,0.0,0.0,1
veh_4349,0,0,0,1,0,0.0,0.0,0
veh_4350,0,0,0,1,0,0.0,0.0,1
veh_4351,0,0,0,1,0,0.0,0.0,0
veh_4352,0,0,0,1,0,0.0,0.0,0
veh_4353,0,0,0,1,0,0.0,0.0,0
veh_4354,0,0,0,1,0,0.0,0.0,1
veh_4355,0,0,0,1,0,0.0,0.0,0
veh_4356,0,0,0,1,0,0.0,0.0,0
veh_4357,0,0,0,1,0,0.0,0.0,1
veh_4358,0,0,0,1,0,0.0,0.0,0
veh_4359,0,0,0,1,0,0.0,0.0,1
veh_4360,0,0,0,1,0,0.0,0.0,0
veh_4361,0,0,0,1,0,0.0,0.0,1
veh_4362,0,0,0,1,0,0.0,0.0,1
veh_4363,0,0,0,1,0,0.0,0.0,0
veh_4364,0,0,0,1,0,0.0,0.0,1
veh_4365,0,0,0,1,0,0.0,0.0,1
veh_4366,0,0,0,1,0,0.0,0.0,0
veh_4367,0,0,0,1,0,0.0,0.0,0
veh_4368,0,0,0,1,0,0.0,0.0,0
veh_4369,0,0,0,1,0,0.0,0.0,1
veh_4370,0,0,0,1,0,0.0,0.0,1
veh_4371,0,0,0,1,0,0.0,0.0,1
veh_4372,0,0,0,1,0,0.0,0.0,1
veh_4373,0,0,0,1,0,0.0,0.0,1
veh_4374,0,0,0,1,0,0.0,0.0,1
veh_4375,0,0,0,1,0,0.0,0.0,1
veh_4376,0,0,0,1,0,0.0,0.0,0
veh_4377,0,0,0,1,0,0.0,0.0,1
veh_4378,0,0,0,1,0,0.0,0.0,1
veh_4379,0,0,0,1,0,0.0,0.0,1
veh_4380,0,0,0,1,0,0.0,0.0,1
veh_4381,0,0,0,1,0,0.0,0.0,1
veh_4382,0,0,0,1,0,0.0,0.0,0
veh_4383,0,0,0,1,0,0.0,0.0,0
veh_4384,0,0,0,1,0,0.0,0.0,1
veh_4385,0,0,0,1,0,0.0,0.0,1
veh_4386,0,0,0,1,0,0.0,0.0,1
veh_4387,0,0,0,1,0,0.0,0.0,1
veh_4388,0,0,0,1,0,0.0,0.0,1
veh_4389,0,0,0,1,0,0.0,0.0,0
veh_4390,0,0,0,1,0,0.0,0.0,1
veh_4391,0,0,0,1,0,0.0,0.0,1
veh_4392,0,0,0,1,0,0.0,0.0,0
veh_4393,0,0,0,1,0,0.0,0.0,1
veh_4394,0,0,0,1,0,0.0,0.0,1
veh_4395,0,0,0,1,0,0.0,0.0,0
veh_4396,0,0,0,1,0,0.0,0.0,0
veh_4397,0,0,0,1,0,0.0,0.0,1
veh_4398,0,0,0,1,0,0.0,0.0,1
veh_4399,0,0,0,1,0,0.0,0.0,0
veh_4400,0,0,0,1,0,0.0,0.0,1
veh_4401,0,0,0,1,0,0.0,0.0,1
veh_4402,0,0,0,1,0,0.0,0.0,1
veh_4403,0,0,0,1,0,0.0,0.0,0
veh_4404,0,0,0,1,0,0.0,0.0,1
veh_4405,0,0,0,1,0,0.0,0.0,1
veh_4406,0,0,0,1,0,0.0,0.0,1
veh_4407,0,0,0,1,0,0.0,0.0,1
veh_4408,0,0,0,1,0,0.0,0.0,1
veh_4409,0,0,0,1,0,0.0,0.0,0
veh_4410,0,0,0,1,0,0.0,0.0,1
veh_4411,0,0,0,1,0,0.0,0.0,1
veh_4412,0,0,0,1,0,0.0,0.0,1
veh_4413,0,0,0,1,0,0.0,0.0,1
veh_4414,0,0,0,1,0,0.0,0.0,1
veh_4415,0,0,0,1,0,0.0,0.0,1
veh_4416,0,0,0,1,0,0.0,0.0,1
veh_4417,0,0,0,1,0,0.0,0.0,1
veh_4418,0,0,0,1,0,0.0,0.0,1
veh_4419,0,0,0,1,0,0.0,0.0,0
veh_4420,0,0,0,1,0,0.0,0.0,1
veh_4421,0,0,0,1,0,0.0,0.0,1
veh_4422,0,0,0,1,0,0.0,0.0,1
veh_4423,0,0,0,1,0,0.0,0.0,1
veh_4424,0,0,0,1,0,0.0,0.0,1
veh_4425,0,0,0,1,0,0.0,0.0,1
veh_4426,0,0,0,1,0,0.0,0.0,1
veh_4427,0,0,0,1,0,0.0,0.0,0
veh_4428,0,0,0,1,0,0.0,0.0,0
veh_4429,0,0,0,1,0,0.0,0.0,1
veh_4430,0,0,0,1,0,0.0,0.0,1
veh_4431,0,0,0,1,0,0.0,0.0,1
veh_4432,0,0,0,1,0,0.0,0.0,1
veh_4433,0,0,0,1,0,0.0,0.0,0
veh_4434,0,0,0,1,0,0.0,0.0,1
veh_4435,0,0,0,1,0,0.0,0.0,1
veh_4436,0,0,0,1,0,0.0,0.0,1
veh_4437,0,0,0,1,0,0.0,0.0,1
veh_4438,0,0,0,1,0,0.0,0.0,1
veh_4439,0,0,0,1,0,0.0,0.0,1
veh_4440,0,0,0,1,0,0.0,0.0,1
veh_4441,0,0,0,1,0,0.0,0.0,0
veh_4442,0,0,0,1,0,0.0,0.0,1
veh_4443,0,0,0,1,0,0.0,0.0,1
veh_4444,0,0,0,1,0,0.0,0.0,1
veh_4445,0,0,0,1,0,0.0,0.0,1
veh_4446,0,0,0,1,0,0.0,0.0,1
veh_4447,0,0,0,1,0,0.0,0.0,1
veh_4448,0,0,0,1,0,0.0,0.0,0
veh_4449,0,0,0,1,0,0.0,0.0,1
veh_4450,0,0,0,1,0,0.0,0.0,1
veh_4451,0,0,0,1,0,0.0,0.0,1
veh_4452,0,0,0,1,0,0.0,0.0,1
veh_4453,0,0,0,1,0,0.0,0.0,1
veh_4454,0,0,0,1,0,0.0,0.0,1
veh_4455,0,0,0,1,0,0.0,0.0,1
veh_4456,0,0,0,1,0,0.0,0.0,1
veh_4457,0,0,0,1,0,0.0,0.0,1
veh_4458,0,0,0,1,0,0.0,0.0,1
veh_4459,0,0,0,1,0,0.0,0.0,1
veh_4460,0,0,0,1,0,0.0,0.0,1
veh_4461,0,0,0,1,0,0.0,0.0,1
veh_4462,0,0,0,1,0,0.0,0.0,0
veh_4463,0,0,0,1,0,0.0,0.0,1
veh_4464,0,0,0,1,0,0.0,0.0,1
veh_4465,0,0,0,1,0,0.0,0.0,1
veh_4466,0,0,0,1,0,0.0,0.0,1
veh_4467,0,0,0,1,0,0.0,0.0,0
veh_4468,0,0,0,1,0,0.0,0.0,1
veh_4469,0,0,0,1,0,0.0,0.0,1
veh_4470,0,0,0,1,0,0.0,0.0,1
veh_4471,0,0,0,1,0,0.0,0.0,1
veh_4472,0,0,0,1,0,0.0,0.0,1
veh_4473,0,0,0,1,0,0.0,0.0,1
veh_4474,0,0,0,1,0,0.0,0.0,1
veh_4475,0,0,0,1,0,0.0,0.0,1
veh_4476,0,0,0,1,0,0.0,0.0,1
veh_4477,0,0,0,1,0,0.0,0.0,1
veh_4478,0,0,0,1,0,0.0,0.0,1
veh_4479,0,0,0,1,0,0.0,0.0,1
veh_4480,0,0,0,1,0,0.0,0.0,1
veh_4481,0,0,0,1,0,0.0,0.0,1
veh_4482,0,0,0,1,0,0.0,0.0,1
veh_4483,0,0,0,1,0,0.0,0.0,1
veh_4484,0,0,0,1,0,0.0,0.0,1
veh_4485,0,0,0,1,0,0.0,0.0,1
veh_4486,0,0,0,1,0,0.0,0.0,1
veh_4487,0,0,0,1,0,0.0,0.0,0
veh_4488,0,0,0,1,0,0.0,0.0,1
veh_4489,0,0,0,1,0,0.0,0.0,1
veh_4490,0,0,0,1,0,0.0,0.0,1
veh_4491,0,0,0,1,0,0.0,0.0,1
veh_4492,0,0,0,1,0,0.0,0.0,1
veh_4493,0,0,0,1,0,0.0,0.0,1
veh_4494,0,0,0,1,0,0.0,0.0,1
veh_4495,0,0,0,1,0,0.0,0.0,1
veh_4496,0,0,0,1,0,0.0,0.0,1
veh_4497,0,0,0,1,0,0.0,0.0,1
veh_4498,0,0,0,1,0,0.0,0.0,1
veh_4499,0,0,0,1,0,0.0,0.0,1
veh_4500,0,0,0,1,0,0.0,0.0,0
veh_4501,0,0,0,1,0,0.0,0.0,1
veh_4502,0,0,0,1,0,0.0,0.0,1
veh_4503,0,0,0,1,0,0.0,0.0,1
veh_4504,0,0,0,1,0,0.0,0.0,1
veh_4505,0,0,0,1,0,0.0,0.0,0
veh_4506,0,0,0,1,0,0.0,0.0,1
veh_4507,0,0,0,1,0,0.0,0.0,1
veh_4508,0,0,0,1,0,0.0,0.0,1
veh_4509,0,0,0,1,0,0.0,0.0,1
veh_4510,0,0,0,1,0,0.0,0.0,1
veh_4511,0,0,0,1,0,0.0,0.0,1
veh_4512,0,0,0,1,0,0.0,0.0,1
veh_4513,0,0,0,1,0,0.0,0.0,1
veh_4514,0,0,0,1,0,0.0,0.0,0
veh_4515,0,0,0,1,0,0.0,0.0,1
veh_4516,0,0,0,1,0,0.0,0.0,1
veh_4517,0,0,0,1,0,0.0,0.0,1
veh_4518,0,0,0,1,0,0.0,0.0,1
veh_4519,0,0,0,1,0,0.0,0.0,0
veh_4520,0,0,0,1,0,0.0,0.0,0
veh_4521,0,0,0,1,0,0.0,0.0,1
veh_4522,0,0,0,1,0,0.0,0.0,1
veh_4523,0,0,0,1,0,0.0,0.0,1
veh_4524,0,0,0,1,0,0.0,0.0,0
veh_4525,0,0,0,1,0,0.0,0.0,1
veh_4526,0,0,0,1,0,0.0,0.0,0
veh_4527,0,0,0,1,0,0.0,0.0,1
veh_4528,0,0,0,1,0,0.0,0.0,1
veh_4529,0,0,0,1,0,0.0,0.0,1
veh_4530,0,0,0,1,0,0.0,0.0,1
veh_4531,0,0,0,1,0,0.0,0.0,1
veh_4532,0,0,0,1,0,0.0,0.0,1
veh_4533,0,0,0,1,0,0.0,0.0,1
veh_4534,0,0,0,1,0,0.0,0.0,1
veh_4535,0,0,0,1,0,0.0,0.0,1
veh_4536,0,0,0,1,0,0.0,0.0,1
veh_4537,0,0,0,1,0,0.0,0.0,0
veh_4538,0,0,0,1,0,0.0,0.0,1
veh_4539,0,0,0,1,0,0.0,0.0,0
veh_4540,0,0,0,1,0,0.0,0.0,1
veh_4541,0,0,0,1,0,0.0,0.0,1
veh_4542,0,0,0,1,0,0.0,0.0,1
veh_4543,0,0,0,1,0,0.0,0.0,1
veh_4544,0,0,0,1,0,0.0,0.0,1
veh_4545,0,0,0,1,0,0.0,0.0,0
veh_4546,0,0,0,1,0,0.0,0.0,1
veh_4547,0,0,0,1,0,0.0,0.0,1
veh_4548,0,0,0,1,0,0.0,0.0,1
veh_4549,0,0,0,1,0,0.0,0.0,1
veh_4550,0,0,0,1,0,0.0,0.0,1
veh_4551,0,0,0,1,0,0.0,0.0,1
veh_4552,0,0,0,1,0,0.0,0.0,1
veh_4553,0,0,0,1,0,0.0,0.0,1
veh_4554,0,0,0,1,0,0.0,0.0,1
veh_4555,0,0,0,1,0,0.0,0.0,0
veh_4556,0,0,0,1,0,0.0,0.0,1
veh_4557,0,0,0,1,0,0.0,0.0,1
veh_4558,0,0,0,1,0,0.0,0.0,1
veh_4559,0,0,0,1,0,0.0,0.0,1
veh_4560,0,0,0,1,0,0.0,0.0,1
veh_4561,0,0,0,1,0,0.0,0.0,1
veh_4562,0,0,0,1,0,0.0,0.0,1
veh_4563,0,0,0,1,0,0.0,0.0,1
veh_4564,0,0,0,1,0,0.0,0.0,1
veh_4565,0,0,0,1,0,0.0,0.0,1
veh_4566,0,0,0,1,0,0.0,0.0,1
veh_4567,0,0,0,1,0,0.0,0.0,1
veh_4568,0,0,0,1,0,0.0,0.0,0
veh_4569,0,0,0,1,0,0.0,0.0,1
veh_4570,0,0,0,1,0,0.0,0.0,1
veh_4571,0,0,0,1,0,0.0,0.0,1
veh_4572,0,0,0,1,0,0.0,0.0,0
veh_4573,0,0,0,1,0,0.0,0.0,1
veh_4574,0,0,0,1,0,0.0,0.0,0
veh_4575,0,0,0,1,0,0.0,0.0,0
veh_4576,0,0,0,1,0,0.0,0.0,1
veh_4577,0,0,0,1,0,0.0,0.0,1
veh_4578,0,0,0,1,0,0.0,0.0,1
veh_4579,0,0,0,1,0,0.0,0.0,1
veh_4580,0,0,0,1,0,0.0,0.0,1
veh_4581,0,0,0,1,0,0.0,0.0,1
veh_4582,0,0,0,1,0,0.0,0.0,1
veh_4583,0,0,0,1,0,0.0,0.0,1
veh_4584,0,0,0,1,0,0.0,0.0,1
veh_4585,0,0,0,1,0,0.0,0.0,1
veh_4586,0,0,0,1,0,0.0,0.0,1
veh_4587,0,0,0,1,0,0.0,0.0,0
veh_4588,0,0,0,1,0,0.0,0.0,1
veh_4589,0,0,0,1,0,0.0,0.0,1
veh_4590,0,0,0,1,0,0.0,0.0,1
veh_4591,0,0,0,1,0,0.0,0.0,1
veh_4592,0,0,0,1,0,0.0,0.0,1
veh_4593,0,0,0,1,0,0.0,0.0,1
veh_4594,0,0,0,1,0,0.0,0.0,0
veh_4595,0,0,0,1,0,0.0,0.0,1
veh_4596,0,0,0,1,0,0.0,0.0,1
veh_4597,0,0,0,1,0,0.0,0.0,1
veh_4598,0,0,0,1,0,0.0,0.0,0
veh_4599,0,0,0,1,0,0.0,0.0,1
veh_4600,0,0,0,1,0,0.0,0.0,0
veh_4601,0,0,0,1,0,0.0,0.0,0
veh_4602,0,0,0,1,0,0.0,0.0,1
veh_4603,0,0,0,1,0,0.0,0.0,1
veh_4604,0,0,0,1,0,0.0,0.0,1
veh_4605,0,0,0,1,0,0.0,0.0,1
veh_4606,0,0,0,1,0,0.0,0.0,1
veh_4607,0,0,0,1,0,0.0,0.0,1
veh_4608,0,0,0,1,0,0.0,0.0,1
veh_4609,0,0,0,1,0,0.0,0.0,1
veh_4610,0,0,0,1,0,0.0,0.0,1
veh_4611,0,0,0,1,0,0.0,0.0,1
veh_4612,0,0,0,1,0,0.0,0.0,0
veh_4613,0,0,0,1,0,0.0,0.0,1
veh_4614,0,0,0,1,0,0.0,0.0,1
veh_4615,0,0,0,1,0,0.0,0.0,1
veh_4616,0,0,0,1,0,0.0,0.0,1
veh_4617,0,0,0,1,0,0.0,0.0,1
veh_4618,0,0,0,1,0,0.0,0.0,1
veh_4619,0,0,0,1,0,0.0,0.0,1
veh_4620,0,0,0,1,0,0.0,0.0,1
veh_4621,0,0,0,1,0,0.0,0.0,1
veh_4622,0,0,0,1,0,0.0,0.0,1
veh_4623,0,0,0,1,0,0.0,0.0,1
veh_4624,0,0,0,1,0,0.0,0.0,0
veh_4625,0,0,0,1,0,0.0,0.0,1
veh_4626,0,0,0,1,0,0.0,0.0,0
veh_4627,0,0,0,1,0,0.0,0.0,0
veh_4628,0,0,0,1,0,0.0,0.0,1
veh_4629,0,0,0,1,0,0.0,0.0,1
veh_4630,0,0,0,1,0,0.0,0.0,0
veh_4631,0,0,0,1,0,0.0,0.0,1
veh_4632,0,0,0,1,0,0.0,0.0,0
veh_4633,0,0,0,1,0,0.0,0.0,0
veh_4634,0,0,0,1,0,0.0,0.0,1
veh_4635,0,0,0,1,0,0.0,0.0,1
veh_4636,0,0,0,1,0,0.0,0.0,0
veh_4637,0,0,0,1,0,0.0,0.0,1
veh_4638,0,0,0,1,0,0.0,0.0,0
veh_4639,0,0,0,1,0,0.0,0.0,1
veh_4640,0,0,0,1,0,0.0,0.0,1
veh_4641,0,0,0,1,0,0.0,0.0,0
veh_4642,0,0,0,1,0,0.0,0.0,1
veh_4643,0,0,0,1,0,0.0,0.0,0
veh_4644,0,0,0,1,0,0.0,0.0,1
veh_4645,0,0,0,1,0,0.0,0.0,1
veh_4646,0,0,0,1,0,0.0,0.0,1
veh_4647,0,0,0,1,0,0.0,0.0,1
veh_4648,0,0,0,1,0,0.0,0.0,0
veh_4649,0,0,0,1,0,0.0,0.0,1
veh_4650,0,0,0,1,0,0.0,0.0,1
veh_4651,0,0,0,1,0,0.0,0.0,1
veh_4652,0,0,0,1,0,0.0,0.0,0
veh_4653,0,0,0,1,0,0.0,0.0,1
veh_4654,0,0,0,1,0,0.0,0.0,1
veh_4655,0,0,0,1,0,0.0,0.0,1
veh_4656,0,0,0,1,0,0.0,0.0,1
veh_4657,0,0,0,1,0,0.0,0.0,1
veh_4658,0,0,0,1,0,0.0,0.0,1
veh_4659,0,0,0,1,0,0.0,0.0,1
veh_4660,0,0,0,1,0,0.0,0.0,1
veh_4661,0,0,0,1,0,0.0,0.0,1
veh_4662,0,0,0,1,0,0.0,0.0,1
veh_4663,0,0,0,1,0,0.0,0.0,1
veh_4664,0,0,0,1,0,0.0,0.0,1
veh_4665,0,0,0,1,0,0.0,0.0,1
veh_4666,0,0,0,1,0,0.0,0.0,0
veh_4667,0,0,0,1,0,0.0,0.0,1
veh_4668,0,0,0,1,0,0.0,0.0,1
veh_4669,0,0,0,1,0,0.0,0.0,1
veh_4670,0,0,0,1,0,0.0,0.0,1
veh_4671,0,0,0,1,0,0.0,0.0,1
veh_4672,0,0,0,1,0,0.0,0.0,1
veh_4673,0,0,0,1,0,0.0,0.0,1
veh_4674,0,0,0,1,0,0.0,0.0,0
veh_4675,0,0,0,1,0,0.0,0.0,1
veh_4676,0,0,0,1,0,0.0,0.0,1
veh_4677,0,0,0,1,0,0.0,0.0,1
veh_4678,0,0,0,1,0,0.0,0.0,1
veh_4679,0,0,0,1,0,0.0,0.0,1
veh_4680,0,0,0,1,0,0.0,0.0,1
veh_4681,0,0,0,1,0,0.0,0.0,0
veh_4682,0,0,0,1,0,0.0,0.0,0
veh_4683,0,0,0,1,0,0.0,0.0,1
veh_4684,0,0,0,1,0,0.0,0.0,1
veh_4685,0,0,0,1,0,0.0,0.0,1
veh_4686,0,0,0,1,0,0.0,0.0,1
veh_4687,0,0,0,1,0,0.0,0.0,1
veh_4688,0,0,0,1,0,0.0,0.0,1
veh_4689,0,0,0,1,0,0.0,0.0,1
veh_4690,0,0,0,1,0,0.0,0.0,1
veh_4691,0,0,0,1,0,0.0,0.0,1
veh_4692,0,0,0,1,0,0.0,0.0,1
veh_4693,0,0,0,1,0,0.0,0.0,0
veh_4694,0,0,0,1,0,0.0,0.0,1
veh_4695,0,0,0,1,0,0.0,0.0,1
veh_4696,0,0,0,1,0,0.0,0.0,1
veh_4697,0,0,0,1,0,0.0,0.0,0
veh_4698,0,0,0,1,0,0.0,0.0,1
veh_4699,0,0,0,1,0,0.0,0.0,1
veh_4700,0,0,0,1,0,0.0,0.0,1
veh_4701,0,0,0,1,0,0.0,0.0,1
veh_4702,0,0,0,1,0,0.0,0.0,0
veh_4703,0,0,0,1,0,0.0,0.0,1
veh_4704,0,0,0,1,0,0.0,0.0,0
veh_4705,0,0,0,1,0,0.0,0.0,1
veh_4706,0,0,0,1,0,0.0,0.0,1
veh_4707,0,0,0,1,0,0.0,0.0,1
veh_4708,0,0,0,1,0,0.0,0.0,1
veh_4709,0,0,0,1,0,0.0,0.0,0
veh_4710,0,0,0,1,0,0.0,0.0,0
veh_4711,0,0,0,1,0,0.0,0.0,1
veh_4712,0,0,0,1,0,0.0,0.0,1
veh_4713,0,0,0,1,0,0.0,0.0,1
veh_4714,0,0,0,1,0,0.0,0.0,1
veh_4715,0,0,0,1,0,0.0,0.0,1
veh_4716,0,0,0,1,0,0.0,0.0,1
veh_4717,0,0,0,1,0,0.0,0.0,1
veh_4718,0,0,0,1,0,0.0,0.0,1
veh_4719,0,0,0,1,0,0.0,0.0,1
veh_4720,0,0,0,1,0,0.0,0.0,1
veh_4721,0,0,0,1,0,0.0,0.0,1
veh_4722,0,0,0,1,0,0.0,0.0,1
veh_4723,0,0,0,1,0,0.0,0.0,0
veh_4724,0,0,0,1,0,0.0,0.0,1
veh_4725,0,0,0,1,0,0.0,0.0,1
veh_4726,0,0,0,1,0,0.0,0.0,1
veh_4727,0,0,0,1,0,0.0,0.0,1
veh_4728,0,0,0,1,0,0.0,0.0,1
veh_4729,0,0,0,1,0,0.0,0.0,1
veh_4730,0,0,0,1,0,0.0,0.0,1
veh_4731,0,0,0,1,0,0.0,0.0,0
veh_4732,0,0,0,1,0,0.0,0.0,1
veh_4733,0,0,0,1,0,0.0,0.0,1
veh_4734,0,0,0,1,0,0.0,0.0,0
veh_4735,0,0,0,1,0,0.0,0.0,1
veh_4736,0,0,0,1,0,0.0,0.0,1
veh_4737,0,0,0,1,0,0.0,0.0,1
veh_4738,0,0,0,1,0,0.0,0.0,1
veh_4739,0,0,0,1,0,0.0,0.0,1
veh_4740,0,0,0,1,0,0.0,0.0,1
veh_4741,0,0,0,1,0,0.0,0.0,1
veh_4742,0,0,0,1,0,0.0,0.0,1
veh_4743,0,0,0,1,0,0.0,0.0,1
veh_4744,0,0,0,1,0,0.0,0.0,0
veh_4745,0,0,0,1,0,0.0,0.0,1
veh_4746,0,0,0,1,0,0.0,0.0,1
veh_4747,0,0,0,1,0,0.0,0.0,1
veh_4748,0,0,0,1,0,0.0,0.0,1
veh_4749,0,0,0,1,0,0.0,0.0,1
veh_4750,0,0,0,1,0,0.0,0.0,1
veh_4751,0,0,0,1,0,0.0,0.0,1
veh_4752,0,0,0,1,0,0.0,0.0,1
veh_4753,0,0,0,1,0,0.0,0.0,1
veh_4754,0,0,0,1,0,0.0,0.0,1
veh_4755,0,0,0,1,0,0.0,0.0,1
veh_4756,0,0,0,1,0,0.0,0.0,1
veh_4757,0,0,0,1,0,0.0,0.0,0
veh_4758,0,0,0,1,0,0.0,0.0,1
veh_4759,0,0,0,1,0,0.0,0.0,1
veh_4760,0,0,0,1,0,0.0,0.0,1
veh_4761,0,0,0,1,0,0.0,0.0,1
veh_4762,0,0,0,1,0,0.0,0.0,1
veh_4763,0,0,0,1,0,0.0,0.0,0
veh_4764,0,0,0,1,0,0.0,0.0,0
veh_4765,0,0,0,1,0,0.0,0.0,0
veh_4766,0,0,0,1,0,0.0,0.0,1
veh_4767,0,0,0,1,0,0.0,0.0,1
veh_4768,0,0,0,1,0,0.0,0.0,1
veh_4769,0,0,0,1,0,0.0,0.0,1
veh_4770,0,0,0,1,0,0.0,0.0,1
veh_4771,0,0,0,1,0,0.0,0.0,1
veh_4772,0,0,0,1,0,0.0,0.0,1
veh_4773,0,0,0,1,0,0.0,0.0,1
veh_4774,0,0,0,1,0,0.0,0.0,1
veh_4775,0,0,0,1,0,0.0,0.0,0
veh_4776,0,0,0,1,0,0.0,0.0,1
veh_4777,0,0,0,1,0,0.0,0.0,1
veh_4778,0,0,0,1,0,0.0,0.0,1
veh_4779,0,0,0,1,0,0.0,0.0,1
veh_4780,0,0,0,1,0,0.0,0.0,1
veh_4781,0,0,0,1,0,0.0,0.0,0
veh_4782,0,0,0,1,0,0.0,0.0,0
veh_4783,0,0,0,1,0,0.0,0.0,0
veh_4784,0,0,0,1,0,0.0,0.0,1
veh_4785,0,0,0,1,0,0.0,0.0,1
veh_4786,0,0,0,1,0,0.0,0.0,1
veh_4787,0,0,0,1,0,0.0,0.0,0
veh_4788,0,0,0,1,0,0.0,0.0,1
veh_4789,0,0,0,1,0,0.0,0.0,1
veh_4790,0,0,0,1,0,0.0,0.0,1
veh_4791,0,0,0,1,0,0.0,0.0,0
veh_4792,0,0,0,1,0,0.0,0.0,0
veh_4793,0,0,0,1,0,0.0,0.0,0
veh_4794,0,0,0,1,0,0.0,0.0,1
veh_4795,0,0,0,1,0,0.0,0.0,1
veh_4796,0,0,0,1,0,0.0,0.0,1
veh_4797,0,0,0,1,0,0.0,0.0,0
veh_4798,0,0,0,1,0,0.0,0.0,1
veh_4799,0,0,0,1,0,0.0,0.0,0
veh_4800,0,0,0,1,0,0.0,0.0,1
veh_4801,0,0,0,1,0,0.0,0.0,1
veh_4802,0,0,0,1,0,0.0,0.0,1
veh_4803,0,0,0,1,0,0.0,0.0,1
veh_4804,0,0,0,1,0,0.0,0.0,1
veh_4805,0,0,0,1,0,0.0,0.0,1
veh_4806,0,0,0,1,0,0.0,0.0,1
veh_4807,0,0,0,1,0,0.0,0.0,1
veh_4808,0,0,0,1,0,0.0,0.0,1
veh_4809,0,0,0,1,0,0.0,0.0,1
veh_4810,0,0,0,1,0,0.0,0.0,1
veh_4811,0,0,0,1,0,0.0,0.0,1
veh_4812,0,0,0,1,0,0.0,0.0,1
veh_4813,0,0,0,1,0,0.0,0.0,1
veh_4814,0,0,0,1,0,0.0,0.0,0
veh_4815,0,0,0,1,0,0.0,0.0,1
veh_4816,0,0,0,1,0,0.0,0.0,1
veh_4817,0,0,0,1,0,0.0,0.0,1
veh_4818,0,0,0,1,0,0.0,0.0,1
veh_4819,0,0,0,1,0,0.0,0.0,1
veh_4820,0,0,0,1,0,0.0,0.0,1
veh_4821,0,0,0,1,0,0.0,0.0,0
veh_4822,0,0,0,1,0,0.0,0.0,1
veh_4823,0,0,0,1,0,0.0,0.0,1
veh_4824,0,0,0,1,0,0.0,0.0,1
veh_4825,0,0,0,1,0,0.0,0.0,0
veh_4826,0,0,0,1,0,0.0,0.0,1
veh_4827,0,0,0,1,0,0.0,0.0,1
veh_4828,0,0,0,1,0,0.0,0.0,1
veh_4829,0,0,0,1,0,0.0,0.0,1
veh_4830,0,0,0,1,0,0.0,0.0,1
veh_4831,0,0,0,1,0,0.0,0.0,1
veh_4832,0,0,0,1,0,0.0,0.0,1
veh_4833,0,0,0,1,0,0.0,0.0,0
veh_4834,0,0,0,1,0,0.0,0.0,1
veh_4835,0,0,0,1,0,0.0,0.0,1
veh_4836,0,0,0,1,0,0.0,0.0,1
veh_4837,0,0,0,1,0,0.0,0.0,1
veh_4838,0,0,0,1,0,0.0,0.0,1
veh_4839,0,0,0,1,0,0.0,0.0,1
veh_4840,0,0,0,1,0,0.0,0.0,1
veh_4841,0,0,0,1,0,0.0,0.0,1
veh_4842,0,0,0,1,0,0.0,0.0,1
veh_4843,0,0,0,1,0,0.0,0.0,1
veh_4844,0,0,0,1,0,0.0,0.0,1
veh_4845,0,0,0,1,0,0.0,0.0,1
veh_4846,0,0,0,1,0,0.0,0.0,1
veh_4847,0,0,0,1,0,0.0,0.0,1
veh_4848,0,0,0,1,0,0.0,0.0,1
veh_4849,0,0,0,1,0,0.0,0.0,1
veh_4850,0,0,0,1,0,0.0,0.0,0
veh_4851,0,0,0,1,0,0.0,0.0,1
veh_4852,0,0,0,1,0,0.0,0.0,1
veh_4853,0,0,0,1,0,0.0,0.0,1
veh_4854,0,0,0,1,0,0.0,0.0,1
veh_4855,0,0,0,1,0,0.0,0.0,1
veh_4856,0,0,0,1,0,0.0,0.0,1
veh_4857,0,0,0,1,0,0.0,0.0,1
veh_4858,0,0,0,1,0,0.0,0.0,1
veh_4859,0,0,0,1,0,0.0,0.0,1
veh_4860,0,0,0,1,0,0.0,0.0,1
veh_4861,0,0,0,1,0,0.0,0.0,0
veh_4862,0,0,0,1,0,0.0,0.0,1
veh_4863,0,0,0,1,0,0.0,0.0,1
veh_4864,0,0,0,1,0,0.0,0.0,1
veh_4865,0,0,0,1,0,0.0,0.0,1
veh_4866,0,0,0,1,0,0.0,0.0,0
veh_4867,0,0,0,1,0,0.0,0.0,1
veh_4868,0,0,0,1,0,0.0,0.0,1
veh_4869,0,0,0,1,0,0.0,0.0,1
veh_4870,0,0,0,1,0,0.0,0.0,1
veh_4871,0,0,0,1,0,0.0,0.0,1
veh_4872,0,0,0,1,0,0.0,0.0,1
veh_4873,0,0,0,1,0,0.0,0.0,1
veh_4874,0,0,0,1,0,0.0,0.0,1
veh_4875,0,0,0,1,0,0.0,0.0,1
veh_4876,0,0,0,1,0,0.0,0.0,1
veh_4877,0,0,0,1,0,0.0,0.0,1
veh_4878,0,0,0,1,0,0.0,0.0,0
veh_4879,0,0,0,1,0,0.0,0.0,1
veh_4880,0,0,0,1,0,0.0,0.0,1
veh_4881,0,0,0,1,0,0.0,0.0,1
veh_4882,0,0,0,1,0,0.0,0.0,1
veh_4883,0,0,0,1,0,0.0,0.0,0
veh_4884,0,0,0,1,0,0.0,0.0,1
veh_4885,0,0,0,1,0,0.0,0.0,0
veh_4886,0,0,0,1,0,0.0,0.0,1
veh_4887,0,0,0,1,0,0.0,0.0,1
veh_4888,0,0,0,1,0,0.0,0.0,1
veh_4889,0,0,0,1,0,0.0,0.0,1
veh_4890,0,0,0,1,0,0.0,0.0,1
veh_4891,0,0,0,1,0,0.0,0.0,1
veh_4892,0,0,0,1,0,0.0,0.0,0
veh_4893,0,0,0,1,0,0.0,0.0,1
veh_4894,0,0,0,1,0,0.0,0.0,1
veh_4895,0,0,0,1,0,0.0,0.0,0
veh_4896,0,0,0,1,0,0.0,0.0,1
veh_4897,0,0,0,1,0,0.0,0.0,1
veh_4898,0,0,0,1,0,0.0,0.0,1
veh_4899,0,0,0,1,0,0.0,0.0,1
veh_4900,0,0,0,1,0,0.0,0.0,1
veh_4901,0,0,0,1,0,0.0,0.0,1
veh_4902,0,0,0,1,0,0.0,0.0,1
veh_4903,0,0,0,1,0,0.0,0.0,1
veh_4904,0,0,0,1,0,0.0,0.0,0
veh_4905,0,0,0,1,0,0.0,0.0,1
veh_4906,0,0,0,1,0,0.0,0.0,1
veh_4907,0,0,0,1,0,0.0,0.0,1
veh_4908,0,0,0,1,0,0.0,0.0,1
veh_4909,0,0,0,1,0,0.0,0.0,1
veh_4910,0,0,0,1,0,0.0,0.0,1
veh_4911,0,0,0,1,0,0.0,0.0,1
veh_4912,0,0,0,1,0,0.0,0.0,1
veh_4913,0,0,0,1,0,0.0,0.0,1
veh_4914,0,0,0,1,0,0.0,0.0,1
veh_4915,0,0,0,1,0,0.0,0.0,1
veh_4916,0,0,0,1,0,0.0,0.0,1
veh_4917,0,0,0,1,0,0.0,0.0,1
veh_4918,0,0,0,1,0,0.0,0.0,0
veh_4919,0,0,0,1,0,0.0,0.0,0
veh_4920,0,0,0,1,0,0.0,0.0,0
veh_4921,0,0,0,1,0,0.0,0.0,1
veh_4922,0,0,0,1,0,0.0,0.0,0
veh_4923,0,0,0,1,0,0.0,0.0,1
veh_4924,0,0,0,1,0,0.0,0.0,0
veh_4925,0,0,0,1,0,0.0,0.0,1
veh_4926,0,0,0,1,0,0.0,0.0,1
veh_4927,0,0,0,1,0,0.0,0.0,1
veh_4928,0,0,0,1,0,0.0,0.0,1
veh_4929,0,0,0,1,0,0.0,0.0,1
veh_4930,0,0,0,1,0,0.0,0.0,1
veh_4931,0,0,0,1,0,0.0,0.0,1
veh_4932,0,0,0,1,0,0.0,0.0,0
veh_4933,0,0,0,1,0,0.0,0.0,0
veh_4934,0,0,0,1,0,0.0,0.0,1
veh_4935,0,0,0,1,0,0.0,0.0,0
veh_4936,0,0,0,1,0,0.0,0.0,1
veh_4937,0,0,0,1,0,0.0,0.0,1
veh_4938,0,0,0,1,0,0.0,0.0,1
veh_4939,0,0,0,1,0,0.0,0.0,1
veh_4940,0,0,0,1,0,0.0,0.0,1
veh_4941,0,0,0,1,0,0.0,0.0,0
veh_4942,0,0,0,1,0,0.0,0.0,1
veh_4943,0,0,0,1,0,0.0,0.0,0
veh_4944,0,0,0,1,0,0.0,0.0,1
veh_4945,0,0,0,1,0,0.0,0.0,1
veh_4946,0,0,0,1,0,0.0,0.0,1
veh_4947,0,0,0,1,0,0.0,0.0,1
veh_4948,0,0,0,1,0,0.0,0.0,1
veh_4949,0,0,0,1,0,0.0,0.0,0
veh_4950,0,0,0,1,0,0.0,0.0,1
veh_4951,0,0,0,1,0,0.0,0.0,1
veh_4952,0,0,0,1,0,0.0,0.0,1
veh_4953,0,0,0,1,0,0.0,0.0,1
veh_4954,0,0,0,1,0,0.0,0.0,1
veh_4955,0,0,0,1,0,0.0,0.0,1
veh_4956,0,0,0,1,0,0.0,0.0,1
veh_4957,0,0,0,1,0,0.0,0.0,1
veh_4958,0,0,0,1,0,0.0,0.0,1
veh_4959,0,0,0,1,0,0.0,0.0,0
veh_4960,0,0,0,1,0,0.0,0.0,1
veh_4961,0,0,0,1,0,0.0,0.0,1
veh_4962,0,0,0,1,0,0.0,0.0,1
veh_4963,0,0,0,1,0,0.0,0.0,0
veh_4964,0,0,0,1,0,0.0,0.0,1
veh_4965,0,0,0,1,0,0.0,0.0,0
veh_4966,0,0,0,1,0,0.0,0.0,1
veh_4967,0,0,0,1,0,0.0,0.0,1
veh_4968,0,0,0,1,0,0.0,0.0,1
veh_4969,0,0,0,1,0,0.0,0.0,1
veh_4970,0,0,0,1,0,0.0,0.0,1
veh_4971,0,0,0,1,0,0.0,0.0,1
veh_4972,0,0,0,1,0,0.0,0.0,1
veh_4973,0,0,0,1,0,0.0,0.0,0
veh_4974,0,0,0,1,0,0.0,0.0,0
veh_4975,0,0,0,1,0,0.0,0.0,1
veh_4976,0,0,0,1,0,0.0,0.0,1
veh_4977,0,0,0,1,0,0.0,0.0,1
veh_4978,0,0,0,1,0,0.0,0.0,1
veh_4979,0,0,0,1,0,0.0,0.0,1
veh_4980,0,0,0,1,0,0.0,0.0,1
veh_4981,0,0,0,1,0,0.0,0.0,1
veh_4982,0,0,0,1,0,0.0,0.0,0
veh_4983,0,0,0,1,0,0.0,0.0,1
veh_4984,0,0,0,1,0,0.0,0.0,1
veh_4985,0,0,0,1,0,0.0,0.0,1
veh_4986,0,0,0,1,0,0.0,0.0,0
veh_4987,0,0,0,1,0,0.0,0.0,0
veh_4988,0,0,0,1,0,0.0,0.0,1
veh_4989,0,0,0,1,0,0.0,0.0,1
veh_4990,0,0,0,1,0,0.0,0.0,1
veh_4991,0,0,0,1,0,0.0,0.0,1
veh_4992,0,0,0,1,0,0.0,0.0,1
veh_4993,0,0,0,1,0,0.0,0.0,1
veh_4994,0,0,0,1,0,0.0,0.0,1
veh_4995,0,0,0,1,0,0.0,0.0,1
veh_4996,0,0,0,1,0,0.0,0.0,1
veh_4997,0,0,0,1,0,0.0,0.0,1
veh_4998,0,0,0,1,0,0.0,0.0,1
veh_4999,0,0,0,1,0,0.0,0.0,1
veh_5000,0,0,0,1,0,0.0,0.0,1
veh_5001,0,0,0,1,0,0.0,0.0,1
veh_5002,0,0,0,1,0,0.0,0.0,1
veh_5003,0,0,0,1,0,0.0,0.0,1
veh_5004,0,0,0,1,0,0.0,0.0,0
veh_5005,0,0,0,1,0,0.0,0.0,1
veh_5006,0,0,0,1,0,0.0,0.0,0
veh_5007,0,0,0,1,0,0.0,0.0,1
veh_5008,0,0,0,1,0,0.0,0.0,1
veh_5009,0,0,0,1,0,0.0,0.0,0
veh_5010,0,0,0,1,0,0.0,0.0,1
veh_5011,0,0,0,1,0,0.0,0.0,1
veh_5012,0,0,0,1,0,0.0,0.0,1
veh_5013,0,0,0,1,0,0.0,0.0,1
veh_5014,0,0,0,1,0,0.0,0.0,0
veh_5015,0,0,0,1,0,0.0,0.0,1
veh_5016,0,0,0,1,0,0.0,0.0,1
veh_5017,0,0,0,1,0,0.0,0.0,1
veh_5018,0,0,0,1,0,0.0,0.0,1
veh_5019,0,0,0,1,0,0.0,0.0,1
veh_5020,0,0,0,1,0,0.0,0.0,1
veh_5021,0,0,0,1,0,0.0,0.0,1
veh_5022,0,0,0,1,0,0.0,0.0,1
veh_5023,0,0,0,1,0,0.0,0.0,0
veh_5024,0,0,0,1,0,0.0,0.0,1
veh_5025,0,0,0,1,0,0.0,0.0,0
veh_5026,0,0,0,1,0,0.0,0.0,1
veh_5027,0,0,0,1,0,0.0,0.0,1
veh_5028,0,0,0,1,0,0.0,0.0,1
veh_5029,0,0,0,1,0,0.0,0.0,0
veh_5030,0,0,0,1,0,0.0,0.0,0
veh_5031,0,0,0,1,0,0.0,0.0,1
veh_5032,0,0,0,1,0,0.0,0.0,1
veh_5033,0,0,0,1,0,0.0,0.0,1
veh_5034,0,0,0,1,0,0.0,0.0,1
veh_5035,0,0,0,1,0,0.0,0.0,0
veh_5036,0,0,0,1,0,0.0,0.0,1
veh_5037,0,0,0,1,0,0.0,0.0,1
veh_5038,0,0,0,1,0,0.0,0.0,0
veh_5039,0,0,0,1,0,0.0,0.0,1
veh_5040,0,0,0,1,0,0.0,0.0,1
veh_5041,0,0,0,1,0,0.0,0.0,1
veh_5042,0,0,0,1,0,0.0,0.0,1
veh_5043,0,0,0,1,0,0.0,0.0,0
veh_5044,0,0,0,1,0,0.0,0.0,1
veh_5045,0,0,0,1,0,0.0,0.0,1
veh_5046,0,0,0,1,0,0.0,0.0,1
veh_5047,0,0,0,1,0,0.0,0.0,1
veh_5048,0,0,0,1,0,0.0,0.0,1
veh_5049,0,0,0,1,0,0.0,0.0,1
veh_5050,0,0,0,1,0,0.0,0.0,1
veh_5051,0,0,0,1,0,0.0,0.0,1
veh_5052,0,0,0,1,0,0.0,0.0,1
veh_5053,0,0,0,1,0,0.0,0.0,1
veh_5054,0,0,0,1,0,0.0,0.0,1
veh_5055,0,0,0,1,0,0.0,0.0,1
veh_5056,0,0,0,1,0,0.0,0.0,1
veh_5057,0,0,0,1,0,0.0,0.0,1
veh_5058,0,0,0,1,0,0.0,0.0,1
veh_5059,0,0,0,1,0,0.0,0.0,1
veh_5060,0,0,0,1,0,0.0,0.0,1
veh_5061,0,0,0,1,0,0.0,0.0,1
veh_5062,0,0,0,1,0,0.0,0.0,1
veh_5063,0,0,0,1,0,0.0,0.0,1
veh_5064,0,0,0,1,0,0.0,0.0,0
veh_5065,0,0,0,1,0,0.0,0.0,1
veh_5066,0,0,0,1,0,0.0,0.0,1
veh_5067,0,0,0,1,0,0.0,0.0,1
veh_5068,0,0,0,1,0,0.0,0.0,1
veh_5069,0,0,0,1,0,0.0,0.0,0
veh_5070,0,0,0,1,0,0.0,0.0,1
veh_5071,0,0,0,1,0,0.0,0.0,1
veh_5072,0,0,0,1,0,0.0,0.0,1
veh_5073,0,0,0,1,0,0.0,0.0,1
veh_5074,0,0,0,1,0,0.0,0.0,1
veh_5075,0,0,0,1,0,0.0,0.0,0
veh_5076,0,0,0,1,0,0.0,0.0,1
veh_5077,0,0,0,1,0,0.0,0.0,1
veh_5078,0,0,0,1,0,0.0,0.0,1
veh_5079,0,0,0,1,0,0.0,0.0,1
veh_5080,0,0,0,1,0,0.0,0.0,1
veh_5081,0,0,0,1,0,0.0,0.0,1
veh_5082,0,0,0,1,0,0.0,0.0,0
veh_5083,0,0,0,1,0,0.0,0.0,1
veh_5084,0,0,0,1,0,0.0,0.0,1
veh_5085,0,0,0,1,0,0.0,0.0,1
veh_5086,0,0,0,1,0,0.0,0.0,1
veh_5087,0,0,0,1,0,0.0,0.0,1
veh_5088,0,0,0,1,0,0.0,0.0,1
veh_5089,0,0,0,1,0,0.0,0.0,1
veh_5090,0,0,0,1,0,0.0,0.0,1
veh_5091,0,0,0,1,0,0.0,0.0,1
veh_5092,0,0,0,1,0,0.0,0.0,0
veh_5093,0,0,0,1,0,0.0,0.0,1
veh_5094,0,0,0,1,0,0.0,0.0,1
veh_5095,0,0,0,1,0,0.0,0.0,1
veh_5096,0,0,0,1,0,0.0,0.0,1
veh_5097,0,0,0,1,0,0.0,0.0,1
veh_5098,0,0,0,1,0,0.0,0.0,1
veh_5099,0,0,0,1,0,0.0,0.0,0
veh_5100,0,0,0,1,0,0.0,0.0,0
veh_5101,0,0,0,1,0,0.0,0.0,0
veh_5102,0,0,0,1,0,0.0,0.0,0
veh_5103,0,0,0,1,0,0.0,0.0,0
veh_5104,0,0,0,1,0,0.0,0.0,0
veh_5105,0,0,0,1,0,0.0,0.0,1
veh_5106,0,0,0,1,0,0.0,0.0,1
veh_5107,0,0,0,1,0,0.0,0.0,1
veh_5108,0,0,0,1,0,0.0,0.0,0
veh_5109,0,0,0,1,0,0.0,0.0,0
veh_5110,0,0,0,1,0,0.0,0.0,0
veh_5111,0,0,0,1,0,0.0,0.0,0
veh_5112,0,0,0,1,0,0.0,0.0,1
veh_5113,0,0,0,1,0,0.0,0.0,1
veh_5114,0,0,0,1,0,0.0,0.0,1
veh_5115,0,0,0,1,0,0.0,0.0,0
veh_5116,0,0,0,1,0,0.0,0.0,1
veh_5117,0,0,0,1,0,0.0,0.0,1
veh_5118,0,0,0,1,0,0.0,0.0,1
veh_5119,0,0,0,1,0,0.0,0.0,0
veh_5120,0,0,0,1,0,0.0,0.0,1
veh_5121,0,0,0,1,0,0.0,0.0,1
veh_5122,0,0,0,1,0,0.0,0.0,1
veh_5123,0,0,0,1,0,0.0,0.0,1
veh_5124,0,0,0,1,0,0.0,0.0,1
veh_5125,0,0,0,1,0,0.0,0.0,1
veh_5126,0,0,0,1,0,0.0,0.0,1
veh_5127,0,0,0,1,0,0.0,0.0,1
veh_5128,0,0,0,1,0,0.0,0.0,0
veh_5129,0,0,0,1,0,0.0,0.0,1
veh_5130,0,0,0,1,0,0.0,0.0,1
veh_5131,0,0,0,1,0,0.0,0.0,1
veh_5132,0,0,0,1,0,0.0,0.0,1
veh_5133,0,0,0,1,0,0.0,0.0,1
veh_5134,0,0,0,1,0,0.0,0.0,0
veh_5135,0,0,0,1,0,0.0,0.0,1
veh_5136,0,0,0,1,0,0.0,0.0,1
veh_5137,0,0,0,1,0,0.0,0.0,1
veh_5138,0,0,0,1,0,0.0,0.0,1
veh_5139,0,0,0,1,0,0.0,0.0,1
veh_5140,0,0,0,1,0,0.0,0.0,0
veh_5141,0,0,0,1,0,0.0,0.0,1
veh_5142,0,0,0,1,0,0.0,0.0,1
veh_5143,0,0,0,1,0,0.0,0.0,1
veh_5144,0,0,0,1,0,0.0,0.0,0
veh_5145,0,0,0,1,0,0.0,0.0,1
veh_5146,0,0,0,1,0,0.0,0.0,1
veh_5147,0,0,0,1,0,0.0,0.0,0
veh_5148,0,0,0,1,0,0.0,0.0,1
veh_5149,0,0,0,1,0,0.0,0.0,1
veh_5150,0,0,0,1,0,0.0,0.0,1
veh_5151,0,0,0,1,0,0.0,0.0,0
veh_5152,0,0,0,1,0,0.0,0.0,1
veh_5153,0,0,0,1,0,0.0,0.0,1
veh_5154,0,0,0,1,0,0.0,0.0,1
veh_5155,0,0,0,1,0,0.0,0.0,1
veh_5156,0,0,0,1,0,0.0,0.0,1
veh_5157,0,0,0,1,0,0.0,0.0,1
veh_5158,0,0,0,1,0,0.0,0.0,1
veh_5159,0,0,0,1,0,0.0,0.0,1
veh_5160,0,0,0,1,0,0.0,0.0,1
veh_5161,0,0,0,1,0,0.0,0.0,1
veh_5162,0,0,0,1,0,0.0,0.0,1
veh_5163,0,0,0,1,0,0.0,0.0,1
veh_5164,0,0,0,1,0,0.0,0.0,1
veh_5165,0,0,0,1,0,0.0,0.0,0
veh_5166,0,0,0,1,0,0.0,0.0,1
veh_5167,0,0,0,1,0,0.0,0.0,1
veh_5168,0,0,0,1,0,0.0,0.0,0
veh_5169,0,0,0,1,0,0.0,0.0,0
veh_5170,0,0,0,1,0,0.0,0.0,1
veh_5171,0,0,0,1,0,0.0,0.0,1
veh_5172,0,0,0,1,0,0.0,0.0,1
veh_5173,0,0,0,1,0,0.0,0.0,1
veh_5174,0,0,0,1,0,0.0,0.0,1
veh_5175,0,0,0,1,0,0.0,0.0,1
veh_5176,0,0,0,1,0,0.0,0.0,1
veh_5177,0,0,0,1,0,0.0,0.0,1
veh_5178,0,0,0,1,0,0.0,0.0,1
veh_5179,0,0,0,1,0,0.0,0.0,1
veh_5180,0,0,0,1,0,0.0,0.0,1
veh_5181,0,0,0,1,0,0.0,0.0,0
veh_5182,0,0,0,1,0,0.0,0.0,1
veh_5183,0,0,0,1,0,0.0,0.0,1
veh_5184,0,0,0,1,0,0.0,0.0,1
veh_5185,0,0,0,1,0,0.0,0.0,0
veh_5186,0,0,0,1,0,0.0,0.0,1
veh_5187,0,0,0,1,0,0.0,0.0,1
veh_5188,0,0,0,1,0,0.0,0.0,1
veh_5189,0,0,0,1,0,0.0,0.0,0
veh_5190,0,0,0,1,0,0.0,0.0,1
veh_5191,0,0,0,1,0,0.0,0.0,1
veh_5192,0,0,0,1,0,0.0,0.0,1
veh_5193,0,0,0,1,0,0.0,0.0,1
veh_5194,0,0,0,1,0,0.0,0.0,0
veh_5195,0,0,0,1,0,0.0,0.0,1
veh_5196,0,0,0,1,0,0.0,0.0,1
veh_5197,0,0,0,1,0,0.0,0.0,0
veh_5198,0,0,0,1,0,0.0,0.0,0
veh_5199,0,0,0,1,0,0.0,0.0,0
veh_5200,0,0,0,1,0,0.0,0.0,1
veh_5201,0,0,0,1,0,0.0,0.0,1
veh_5202,0,0,0,1,0,0.0,0.0,1
veh_5203,0,0,0,1,0,0.0,0.0,1
veh_5204,0,0,0,1,0,0.0,0.0,0
veh_5205,0,0,0,1,0,0.0,0.0,1
veh_5206,0,0,0,1,0,0.0,0.0,1
veh_5207,0,0,0,1,0,0.0,0.0,0
veh_5208,0,0,0,1,0,0.0,0.0,1
veh_5209,0,0,0,1,0,0.0,0.0,1
veh_5210,0,0,0,1,0,0.0,0.0,1
veh_5211,0,0,0,1,0,0.0,0.0,1
veh_5212,0,0,0,1,0,0.0,0.0,1
veh_5213,0,0,0,1,0,0.0,0.0,1
veh_5214,0,0,0,1,0,0.0,0.0,1
veh_5215,0,0,0,1,0,0.0,0.0,1
veh_5216,0,0,0,1,0,0.0,0.0,0
veh_5217,0,0,0,1,0,0.0,0.0,1
veh_5218,0,0,0,1,0,0.0,0.0,1
veh_5219,0,0,0,1,0,0.0,0.0,1
veh_5220,0,0,0,1,0,0.0,0.0,1
veh_5221,0,0,0,1,0,0.0,0.0,0
veh_5222,0,0,0,1,0,0.0,0.0,0
veh_5223,0,0,0,1,0,0.0,0.0,1
veh_5224,0,0,0,1,0,0.0,0.0,0
veh_5225,0,0,0,1,0,0.0,0.0,1
veh_5226,0,0,0,1,0,0.0,0.0,1
veh_5227,0,0,0,1,0,0.0,0.0,1
veh_5228,0,0,0,1,0,0.0,0.0,1
veh_5229,0,0,0,1,0,0.0,0.0,1
veh_5230,0,0,0,1,0,0.0,0.0,1
veh_5231,0,0,0,1,0,0.0,0.0,0
veh_5232,0,0,0,1,0,0.0,0.0,0
veh_5233,0,0,0,1,0,0.0,0.0,0
veh_5234,0,0,0,1,0,0.0,0.0,1
veh_5235,0,0,0,1,0,0.0,0.0,1
veh_5236,0,0,0,1,0,0.0,0.0,0
veh_5237,0,0,0,1,0,0.0,0.0,0
veh_5238,0,0,0,1,0,0.0,0.0,1
veh_5239,0,0,0,1,0,0.0,0.0,1
veh_5240,0,0,0,1,0,0.0,0.0,1
veh_5241,0,0,0,1,0,0.0,0.0,0
veh_5242,0,0,0,1,0,0.0,0.0,1
veh_5243,0,0,0,1,0,0.0,0.0,1
veh_5244,0,0,0,1,0,0.0,0.0,0
veh_5245,0,0,0,1,0,0.0,0.0,1
veh_5246,0,0,0,1,0,0.0,0.0,1
veh_5247,0,0,0,1,0,0.0,0.0,1
veh_5248,0,0,0,1,0,0.0,0.0,1
veh_5249,0,0,0,1,0,0.0,0.0,1
veh_5250,0,0,0,1,0,0.0,0.0,0
veh_5251,0,0,0,1,0,0.0,0.0,1
veh_5252,0,0,0,1,0,0.0,0.0,1
veh_5253,0,0,0,1,0,0.0,0.0,1
veh_5254,0,0,0,1,0,0.0,0.0,1
veh_5255,0,0,0,1,0,0.0,0.0,0
veh_5256,0,0,0,1,0,0.0,0.0,1
veh_5257,0,0,0,1,0,0.0,0.0,1
veh_5258,0,0,0,1,0,0.0,0.0,1
veh_5259,0,0,0,1,0,0.0,0.0,1
veh_5260,0,0,0,1,0,0.0,0.0,0
veh_5261,0,0,0,1,0,0.0,0.0,1
veh_5262,0,0,0,1,0,0.0,0.0,1
veh_5263,0,0,0,1,0,0.0,0.0,1
veh_5264,0,0,0,1,0,0.0,0.0,0
veh_5265,0,0,0,1,0,0.0,0.0,1
veh_5266,0,0,0,1,0,0.0,0.0,1
veh_5267,0,0,0,1,0,0.0,0.0,0
veh_5268,0,0,0,1,0,0.0,0.0,1
veh_5269,0,0,0,1,0,0.0,0.0,1
veh_5270,0,0,0,1,0,0.0,0.0,1
veh_5271,0,0,0,1,0,0.0,0.0,1
veh_5272,0,0,0,1,0,0.0,0.0,1
veh_5273,0,0,0,1,0,0.0,0.0,1
veh_5274,0,0,0,1,0,0.0,0.0,1
veh_5275,0,0,0,1,0,0.0,0.0,1
veh_5276,0,0,0,1,0,0.0,0.0,1
veh_5277,0,0,0,1,0,0.0,0.0,1
veh_5278,0,0,0,1,0,0.0,0.0,1
veh_5279,0,0,0,1,0,0.0,0.0,1
veh_5280,0,0,0,1,0,0.0,0.0,1
veh_5281,0,0,0,1,0,0.0,0.0,1
veh_5282,0,0,0,1,0,0.0,0.0,1
veh_5283,0,0,0,1,0,0.0,0.0,1
veh_5284,0,0,0,1,0,0.0,0.0,1
veh_5285,0,0,0,1,0,0.0,0.0,1
veh_5286,0,0,0,1,0,0.0,0.0,1
veh_5287,0,0,0,1,0,0.0,0.0,1
veh_5288,0,0,0,1,0,0.0,0.0,1
veh_5289,0,0,0,1,0,0.0,0.0,0
veh_5290,0,0,0,1,0,0.0,0.0,0
veh_5291,0,0,0,1,0,0.0,0.0,1
veh_5292,0,0,0,1,0,0.0,0.0,1
veh_5293,0,0,0,1,0,0.0,0.0,0
veh_5294,0,0,0,1,0,0.0,0.0,1
veh_5295,0,0,0,1,0,0.0,0.0,1
veh_5296,0,0,0,1,0,0.0,0.0,1
veh_5297,0,0,0,1,0,0.0,0.0,0
veh_5298,0,0,0,1,0,0.0,0.0,1
veh_5299,0,0,0,1,0,0.0,0.0,1
veh_5300,0,0,0,1,0,0.0,0.0,1
veh_5301,0,0,0,1,0,0.0,0.0,1
veh_5302,0,0,0,1,0,0.0,0.0,1
veh_5303,0,0,0,1,0,0.0,0.0,1
veh_5304,0,0,0,1,0,0.0,0.0,1
veh_5305,0,0,0,1,0,0.0,0.0,1
veh_5306,0,0,0,1,0,0.0,0.0,1
veh_5307,0,0,0,1,0,0.0,0.0,1
veh_5308,0,0,0,1,0,0.0,0.0,1
veh_5309,0,0,0,1,0,0.0,0.0,0
veh_5310,0,0,0,1,0,0.0,0.0,0
veh_5311,0,0,0,1,0,0.0,0.0,1
veh_5312,0,0,0,1,0,0.0,0.0,1
veh_5313,0,0,0,1,0,0.0,0.0,1
veh_5314,0,0,0,1,0,0.0,0.0,1
veh_5315,0,0,0,1,0,0.0,0.0,1
veh_5316,0,0,0,1,0,0.0,0.0,1
veh_5317,0,0,0,1,0,0.0,0.0,1
veh_5318,0,0,0,1,0,0.0,0.0,1
veh_5319,0,0,0,1,0,0.0,0.0,1
veh_5320,0,0,0,1,0,0.0,0.0,1
veh_5321,0,0,0,1,0,0.0,0.0,1
veh_5322,0,0,0,1,0,0.0,0.0,1
veh_5323,0,0,0,1,0,0.0,0.0,1
veh_5324,0,0,0,1,0,0.0,0.0,1
veh_5325,0,0,0,1,0,0.0,0.0,1
veh_5326,0,0,0,1,0,0.0,0.0,1
veh_5327,0,0,0,1,0,0.0,0.0,0
veh_5328,0,0,0,1,0,0.0,0.0,1
veh_5329,0,0,0,1,0,0.0,0.0,1
veh_5330,0,0,0,1,0,0.0,0.0,1
veh_5331,0,0,0,1,0,0.0,0.0,0
veh_5332,0,0,0,1,0,0.0,0.0,1
veh_5333,0,0,0,1,0,0.0,0.0,1
veh_5334,0,0,0,1,0,0.0,0.0,1
veh_5335,0,0,0,1,0,0.0,0.0,1
veh_5336,0,0,0,1,0,0.0,0.0,1
veh_5337,0,0,0,1,0,0.0,0.0,1
veh_5338,0,0,0,1,0,0.0,0.0,1
veh_5339,0,0,0,1,0,0.0,0.0,1
veh_5340,0,0,0,1,0,0.0,0.0,1
veh_5341,0,0,0,1,0,0.0,0.0,1
veh_5342,0,0,0,1,0,0.0,0.0,1
veh_5343,0,0,0,1,0,0.0,0.0,1
veh_5344,0,0,0,1,0,0.0,0.0,1
veh_5345,0,0,0,1,0,0.0,0.0,1
veh_5346,0,0,0,1,0,0.0,0.0,1
veh_5347,0,0,0,1,0,0.0,0.0,1
veh_5348,0,0,0,1,0,0.0,0.0,0
veh_5349,0,0,0,1,0,0.0,0.0,1
veh_5350,0,0,0,1,0,0.0,0.0,1
veh_5351,0,0,0,1,0,0.0,0.0,1
veh_5352,0,0,0,1,0,0.0,0.0,0
veh_5353,0,0,0,1,0,0.0,0.0,1
veh_5354,0,0,0,1,0,0.0,0.0,1
veh_5355,0,0,0,1,0,0.0,0.0,1
veh_5356,0,0,0,1,0,0.0,0.0,1
veh_5357,0,0,0,1,0,0.0,0.0,1
veh_5358,0,0,0,1,0,0.0,0.0,1
veh_5359,0,0,0,1,0,0.0,0.0,1
veh_5360,0,0,0,1,0,0.0,0.0,0
veh_5361,0,0,0,1,0,0.0,0.0,1
veh_5362,0,0,0,1,0,0.0,0.0,1
veh_5363,0,0,0,1,0,0.0,0.0,1
veh_5364,0,0,0,1,0,0.0,0.0,0
veh_5365,0,0,0,1,0,0.0,0.0,1
veh_5366,0,0,0,1,0,0.0,0.0,0
veh_5367,0,0,0,1,0,0.0,0.0,0
veh_5368,0,0,0,1,0,0.0,0.0,1
veh_5369,0,0,0,1,0,0.0,0.0,0
veh_5370,0,0,0,1,0,0.0,0.0,1
veh_5371,0,0,0,1,0,0.0,0.0,1
veh_5372,0,0,0,1,0,0.0,0.0,1
veh_5373,0,0,0,1,0,0.0,0.0,1
veh_5374,0,0,0,1,0,0.0,0.0,1
veh_5375,0,0,0,1,0,0.0,0.0,1
veh_5376,0,0,0,1,0,0.0,0.0,1
veh_5377,0,0,0,1,0,0.0,0.0,1
veh_5378,0,0,0,1,0,0.0,0.0,1
veh_5379,0,0,0,1,0,0.0,0.0,1
veh_5380,0,0,0,1,0,0.0,0.0,1
veh_5381,0,0,0,1,0,0.0,0.0,1
veh_5382,0,0,0,1,0,0.0,0.0,0
veh_5383,0,0,0,1,0,0.0,0.0,1
veh_5384,0,0,0,1,0,0.0,0.0,1
veh_5385,0,0,0,1,0,0.0,0.0,0
veh_5386,0,0,0,1,0,0.0,0.0,1
veh_5387,0,0,0,1,0,0.0,0.0,0
veh_5388,0,0,0,1,0,0.0,0.0,1
veh_5389,0,0,0,1,0,0.0,0.0,1
veh_5390,0,0,0,1,0,0.0,0.0,0
veh_5391,0,0,0,1,0,0.0,0.0,1
veh_5392,0,0,0,1,0,0.0,0.0,1
veh_5393,0,0,0,1,0,0.0,0.0,1
veh_5394,0,0,0,1,0,0.0,0.0,1
veh_5395,0,0,0,1,0,0.0,0.0,1
veh_5396,0,0,0,1,0,0.0,0.0,1
veh_5397,0,0,0,1,0,0.0,0.0,1
veh_5398,0,0,0,1,0,0.0,0.0,1
veh_5399,0,0,0,1,0,0.0,0.0,1
veh_5400,0,0,0,1,0,0.0,0.0,1
veh_5401,0,0,0,1,0,0.0,0.0,1
veh_5402,0,0,0,1,0,0.0,0.0,1
veh_5403,0,0,0,1,0,0.0,0.0,1
veh_5404,0,0,0,1,0,0.0,0.0,1
veh_5405,0,0,0,1,0,0.0,0.0,1
veh_5406,0,0,0,1,0,0.0,0.0,1
veh_5407,0,0,0,1,0,0.0,0.0,1
veh_5408,0,0,0,1,0,0.0,0.0,0
veh_5409,0,0,0,1,0,0.0,0.0,1
veh_5410,0,0,0,1,0,0.0,0.0,1
veh_5411,0,0,0,1,0,0.0,0.0,1
veh_5412,0,0,0,1,0,0.0,0.0,1
veh_5413,0,0,0,1,0,0.0,0.0,1
veh_5414,0,0,0,1,0,0.0,0.0,1
veh_5415,0,0,0,1,0,0.0,0.0,1
veh_5416,0,0,0,1,0,0.0,0.0,0
veh_5417,0,0,0,1,0,0.0,0.0,1
veh_5418,0,0,0,1,0,0.0,0.0,1
veh_5419,0,0,0,1,0,0.0,0.0,1
veh_5420,0,0,0,1,0,0.0,0.0,1
veh_5421,0,0,0,1,0,0.0,0.0,1
veh_5422,0,0,0,1,0,0.0,0.0,0
veh_5423,0,0,0,1,0,0.0,0.0,1
veh_5424,0,0,0,1,0,0.0,0.0,1
veh_5425,0,0,0,1,0,0.0,0.0,1
veh_5426,0,0,0,1,0,0.0,0.0,1
veh_5427,0,0,0,1,0,0.0,0.0,1
veh_5428,0,0,0,1,0,0.0,0.0,0
veh_5429,0,0,0,1,0,0.0,0.0,1
veh_5430,0,0,0,1,0,0.0,0.0,1
veh_5431,0,0,0,1,0,0.0,0.0,0
veh_5432,0,0,0,1,0,0.0,0.0,1
veh_5433,0,0,0,1,0,0.0,0.0,1
veh_5434,0,0,0,1,0,0.0,0.0,1
veh_5435,0,0,0,1,0,0.0,0.0,0
veh_5436,0,0,0,1,0,0.0,0.0,1
veh_5437,0,0,0,1,0,0.0,0.0,1
veh_5438,0,0,0,1,0,0.0,0.0,1
veh_5439,0,0,0,1,0,0.0,0.0,1
veh_5440,0,0,0,1,0,0.0,0.0,1
veh_5441,0,0,0,1,0,0.0,0.0,1
veh_5442,0,0,0,1,0,0.0,0.0,0
veh_5443,0,0,0,1,0,0.0,0.0,1
veh_5444,0,0,0,1,0,0.0,0.0,1
veh_5445,0,0,0,1,0,0.0,0.0,0
veh_5446,0,0,0,1,0,0.0,0.0,1
veh_5447,0,0,0,1,0,0.0,0.0,1
veh_5448,0,0,0,1,0,0.0,0.0,1
veh_5449,0,0,0,1,0,0.0,0.0,1
veh_5450,0,0,0,1,0,0.0,0.0,0
veh_5451,0,0,0,1,0,0.0,0.0,1
veh_5452,0,0,0,1,0,0.0,0.0,1
veh_5453,0,0,0,1,0,0.0,0.0,1
veh_5454,0,0,0,1,0,0.0,0.0,1
veh_5455,0,0,0,1,0,0.0,0.0,1
veh_5456,0,0,0,1,0,0.0,0.0,1
veh_5457,0,0,0,1,0,0.0,0.0,1
veh_5458,0,0,0,1,0,0.0,0.0,1
veh_5459,0,0,0,1,0,0.0,0.0,1
veh_5460,0,0,0,1,0,0.0,0.0,0
veh_5461,0,0,0,1,0,0.0,0.0,1
veh_5462,0,0,0,1,0,0.0,0.0,1
veh_5463,0,0,0,1,0,0.0,0.0,1
veh_5464,0,0,0,1,0,0.0,0.0,1
veh_5465,0,0,0,1,0,0.0,0.0,1
veh_5466,0,0,0,1,0,0.0,0.0,1
veh_5467,0,0,0,1,0,0.0,0.0,0
veh_5468,0,0,0,1,0,0.0,0.0,1
veh_5469,0,0,0,1,0,0.0,0.0,1
veh_5470,0,0,0,1,0,0.0,0.0,1
veh_5471,0,0,0,1,0,0.0,0.0,0
veh_5472,0,0,0,1,0,0.0,0.0,1
veh_5473,0,0,0,1,0,0.0,0.0,1
veh_5474,0,0,0,1,0,0.0,0.0,0
veh_5475,0,0,0,1,0,0.0,0.0,1
veh_5476,0,0,0,1,0,0.0,0.0,1
veh_5477,0,0,0,1,0,0.0,0.0,1
veh_5478,0,0,0,1,0,0.0,0.0,0
veh_5479,0,0,0,1,0,0.0,0.0,1
veh_5480,0,0,0,1,0,0.0,0.0,1
veh_5481,0,0,0,1,0,0.0,0.0,1
veh_5482,0,0,0,1,0,0.0,0.0,1
veh_5483,0,0,0,1,0,0.0,0.0,1
veh_5484,0,0,0,1,0,0.0,0.0,1
veh_5485,0,0,0,1,0,0.0,0.0,1
veh_5486,0,0,0,1,0,0.0,0.0,1
veh_5487,0,0,0,1,0,0.0,0.0,0
veh_5488,0,0,0,1,0,0.0,0.0,0
veh_5489,0,0,0,1,0,0.0,0.0,1
veh_5490,0,0,0,1,0,0.0,0.0,1
veh_5491,0,0,0,1,0,0.0,0.0,1
veh_5492,0,0,0,1,0,0.0,0.0,1
veh_5493,0,0,0,1,0,0.0,0.0,1
veh_5494,0,0,0,1,0,0.0,0.0,1
veh_5495,0,0,0,1,0,0.0,0.0,0
veh_5496,0,0,0,1,0,0.0,0.0,1
veh_5497,0,0,0,1,0,0.0,0.0,1
veh_5498,0,0,0,1,0,0.0,0.0,1
veh_5499,0,0,0,1,0,0.0,0.0,1
veh_5500,0,0,0,1,0,0.0,0.0,1
veh_5501,0,0,0,1,0,0.0,0.0,1
veh_5502,0,0,0,1,0,0.0,0.0,1
veh_5503,0,0,0,1,0,0.0,0.0,1
veh_5504,0,0,0,1,0,0.0,0.0,1
veh_5505,0,0,0,1,0,0.0,0.0,1
veh_5506,0,0,0,1,0,0.0,0.0,1
veh_5507,0,0,0,1,0,0.0,0.0,1
veh_5508,0,0,0,1,0,0.0,0.0,1
veh_5509,0,0,0,1,0,0.0,0.0,1
veh_5510,0,0,0,1,0,0.0,0.0,1
veh_5511,0,0,0,1,0,0.0,0.0,1
veh_5512,0,0,0,1,0,0.0,0.0,1
veh_5513,0,0,0,1,0,0.0,0.0,1
veh_5514,0,0,0,1,0,0.0,0.0,1
veh_5515,0,0,0,1,0,0.0,0.0,1
veh_5516,0,0,0,1,0,0.0,0.0,1
veh_5517,0,0,0,1,0,0.0,0.0,1
veh_5518,0,0,0,1,0,0.0,0.0,1
veh_5519,0,0,0,1,0,0.0,0.0,1
veh_5520,0,0,0,1,0,0.0,0.0,1
veh_5521,0,0,0,1,0,0.0,0.0,1
veh_5522,0,0,0,1,0,0.0,0.0,1
veh_5523,0,0,0,1,0,0.0,0.0,0
veh_5524,0,0,0,1,0,0.0,0.0,1
veh_5525,0,0,0,1,0,0.0,0.0,1
veh_5526,0,0,0,1,0,0.0,0.0,1
veh_5527,0,0,0,1,0,0.0,0.0,1
veh_5528,0,0,0,1,0,0.0,0.0,1
veh_5529,0,0,0,1,0,0.0,0.0,1
veh_5530,0,0,0,1,0,0.0,0.0,1
veh_5531,0,0,0,1,0,0.0,0.0,1
veh_5532,0,0,0,1,0,0.0,0.0,1
veh_5533,0,0,0,1,0,0.0,0.0,1
veh_5534,0,0,0,1,0,0.0,0.0,0
veh_5535,0,0,0,1,0,0.0,0.0,1
veh_5536,0,0,0,1,0,0.0,0.0,1
veh_5537,0,0,0,1,0,0.0,0.0,1
veh_5538,0,0,0,1,0,0.0,0.0,1
veh_5539,0,0,0,1,0,0.0,0.0,0
veh_5540,0,0,0,1,0,0.0,0.0,0
veh_5541,0,0,0,1,0,0.0,0.0,0
veh_5542,0,0,0,1,0,0.0,0.0,1
veh_5543,0,0,0,1,0,0.0,0.0,0
veh_5544,0,0,0,1,0,0.0,0.0,1
veh_5545,0,0,0,1,0,0.0,0.0,1
veh_5546,0,0,0,1,0,0.0,0.0,1
veh_5547,0,0,0,1,0,0.0,0.0,1
veh_5548,0,0,0,1,0,0.0,0.0,1
veh_5549,0,0,0,1,0,0.0,0.0,1
veh_5550,0,0,0,1,0,0.0,0.0,1
veh_5551,0,0,0,1,0,0.0,0.0,1
veh_5552,0,0,0,1,0,0.0,0.0,1
veh_5553,0,0,0,1,0,0.0,0.0,1
veh_5554,0,0,0,1,0,0.0,0.0,1
veh_5555,0,0,0,1,0,0.0,0.0,0
veh_5556,0,0,0,1,0,0.0,0.0,1
veh_5557,0,0,0,1,0,0.0,0.0,1
veh_5558,0,0,0,1,0,0.0,0.0,1
veh_5559,0,0,0,1,0,0.0,0.0,1
veh_5560,0,0,0,1,0,0.0,0.0,1
veh_5561,0,0,0,1,0,0.0,0.0,1
veh_5562,0,0,0,1,0,0.0,0.0,1
veh_5563,0,0,0,1,0,0.0,0.0,1
veh_5564,0,0,0,1,0,0.0,0.0,0
veh_5565,0,0,0,1,0,0.0,0.0,1
veh_5566,0,0,0,1,0,0.0,0.0,1
veh_5567,0,0,0,1,0,0.0,0.0,1
veh_5568,0,0,0,1,0,0.0,0.0,1
veh_5569,0,0,0,1,0,0.0,0.0,1
veh_5570,0,0,0,1,0,0.0,0.0,1
veh_5571,0,0,0,1,0,0.0,0.0,1
veh_5572,0,0,0,1,0,0.0,0.0,1
veh_5573,0,0,0,1,0,0.0,0.0,1
veh_5574,0,0,0,1,0,0.0,0.0,1
veh_5575,0,0,0,1,0,0.0,0.0,1
veh_5576,0,0,0,1,0,0.0,0.0,1
veh_5577,0,0,0,1,0,0.0,0.0,0
veh_5578,0,0,0,1,0,0.0,0.0,1
veh_5579,0,0,0,1,0,0.0,0.0,1
veh_5580,0,0,0,1,0,0.0,0.0,1
veh_5581,0,0,0,1,0,0.0,0.0,1
veh_5582,0,0,0,1,0,0.0,0.0,1
veh_5583,0,0,0,1,0,0.0,0.0,1
veh_5584,0,0,0,1,0,0.0,0.0,1
veh_5585,0,0,0,1,0,0.0,0.0,1
veh_5586,0,0,0,1,0,0.0,0.0,1
veh_5587,0,0,0,1,0,0.0,0.0,0
veh_5588,0,0,0,1,0,0.0,0.0,0
veh_5589,0,0,0,1,0,0.0,0.0,1
veh_5590,0,0,0,1,0,0.0,0.0,1
veh_5591,0,0,0,1,0,0.0,0.0,0
veh_5592,0,0,0,1,0,0.0,0.0,0
veh_5593,0,0,0,1,0,0.0,0.0,1
veh_5594,0,0,0,1,0,0.0,0.0,1
veh_5595,0,0,0,1,0,0.0,0.0,0
veh_5596,0,0,0,1,0,0.0,0.0,1
veh_5597,0,0,0,1,0,0.0,0.0,1
veh_5598,0,0,0,1,0,0.0,0.0,1
veh_5599,0,0,0,1,0,0.0,0.0,0
veh_5600,0,0,0,1,0,0.0,0.0,1
veh_5601,0,0,0,1,0,0.0,0.0,1
veh_5602,0,0,0,1,0,0.0,0.0,1
veh_5603,0,0,0,1,0,0.0,0.0,1
veh_5604,0,0,0,1,0,0.0,0.0,0
veh_5605,0,0,0,1,0,0.0,0.0,1
veh_5606,0,0,0,1,0,0.0,0.0,0
veh_5607,0,0,0,1,0,0.0,0.0,0
veh_5608,0,0,0,1,0,0.0,0.0,1
veh_5609,0,0,0,1,0,0.0,0.0,0
veh_5610,0,0,0,1,0,0.0,0.0,1
veh_5611,0,0,0,1,0,0.0,0.0,1
veh_5612,0,0,0,1,0,0.0,0.0,1
veh_5613,0,0,0,1,0,0.0,0.0,1
veh_5614,0,0,0,1,0,0.0,0.0,1
veh_5615,0,0,0,1,0,0.0,0.0,1
veh_5616,0,0,0,1,0,0.0,0.0,0
veh_5617,0,0,0,1,0,0.0,0.0,1
veh_5618,0,0,0,1,0,0.0,0.0,1
veh_5619,0,0,0,1,0,0.0,0.0,1
veh_5620,0,0,0,1,0,0.0,0.0,1
veh_5621,0,0,0,1,0,0.0,0.0,1
veh_5622,0,0,0,1,0,0.0,0.0,1
veh_5623,0,0,0,1,0,0.0,0.0,1
veh_5624,0,0,0,1,0,0.0,0.0,1
veh_5625,0,0,0,1,0,0.0,0.0,1
veh_5626,0,0,0,1,0,0.0,0.0,1
veh_5627,0,0,0,1,0,0.0,0.0,1
veh_5628,0,0,0,1,0,0.0,0.0,0
veh_5629,0,0,0,1,0,0.0,0.0,1
veh_5630,0,0,0,1,0,0.0,0.0,1
veh_5631,0,0,0,1,0,0.0,0.0,1
veh_5632,0,0,0,1,0,0.0,0.0,1
veh_5633,0,0,0,1,0,0.0,0.0,1
veh_5634,0,0,0,1,0,0.0,0.0,1
veh_5635,0,0,0,1,0,0.0,0.0,1
veh_5636,0,0,0,1,0,0.0,0.0,1
veh_5637,0,0,0,1,0,0.0,0.0,1
veh_5638,0,0,0,1,0,0.0,0.0,1
veh_5639,0,0,0,1,0,0.0,0.0,1
veh_5640,0,0,0,1,0,0.0,0.0,1
veh_5641,0,0,0,1,0,0.0,0.0,0
veh_5642,0,0,0,1,0,0.0,0.0,1
veh_5643,0,0,0,1,0,0.0,0.0,0
veh_5644,0,0,0,1,0,0.0,0.0,1
veh_5645,0,0,0,1,0,0.0,0.0,1
veh_5646,0,0,0,1,0,0.0,0.0,1
veh_5647,0,0,0,1,0,0.0,0.0,1
veh_5648,0,0,0,1,0,0.0,0.0,1
veh_5649,0,0,0,1,0,0.0,0.0,1
veh_5650,0,0,0,1,0,0.0,0.0,1
veh_5651,0,0,0,1,0,0.0,0.0,1
veh_5652,0,0,0,1,0,0.0,0.0,1
veh_5653,0,0,0,1,0,0.0,0.0,1
veh_5654,0,0,0,1,0,0.0,0.0,1
veh_5655,0,0,0,1,0,0.0,0.0,1
veh_5656,0,0,0,1,0,0.0,0.0,1
veh_5657,0,0,0,1,0,0.0,0.0,1
veh_5658,0,0,0,1,0,0.0,0.0,1
veh_5659,0,0,0,1,0,0.0,0.0,0
veh_5660,0,0,0,1,0,0.0,0.0,1
veh_5661,0,0,0,1,0,0.0,0.0,1
veh_5662,0,0,0,1,0,0.0,0.0,1
veh_5663,0,0,0,1,0,0.0,0.0,0
veh_5664,0,0,0,1,0,0.0,0.0,0
veh_5665,0,0,0,1,0,0.0,0.0,1
veh_5666,0,0,0,1,0,0.0,0.0,1
veh_5667,0,0,0,1,0,0.0,0.0,1
veh_5668,0,0,0,1,0,0.0,0.0,0
veh_5669,0,0,0,1,0,0.0,0.0,1
veh_5670,0,0,0,1,0,0.0,0.0,1
veh_5671,0,0,0,1,0,0.0,0.0,1
veh_5672,0,0,0,1,0,0.0,0.0,1
veh_5673,0,0,0,1,0,0.0,0.0,1
veh_5674,0,0,0,1,0,0.0,0.0,1
veh_5675,0,0,0,1,0,0.0,0.0,1
veh_5676,0,0,0,1,0,0.0,0.0,1
veh_5677,0,0,0,1,0,0.0,0.0,1
veh_5678,0,0,0,1,0,0.0,0.0,1
veh_5679,0,0,0,1,0,0.0,0.0,0
veh_5680,0,0,0,1,0,0.0,0.0,0
veh_5681,0,0,0,1,0,0.0,0.0,1
veh_5682,0,0,0,1,0,0.0,0.0,1
veh_5683,0,0,0,1,0,0.0,0.0,1
veh_5684,0,0,0,1,0,0.0,0.0,1
veh_5685,0,0,0,1,0,0.0,0.0,1
veh_5686,0,0,0,1,0,0.0,0.0,1
veh_5687,0,0,0,1,0,0.0,0.0,0
veh_5688,0,0,0,1,0,0.0,0.0,0
veh_5689,0,0,0,1,0,0.0,0.0,1
veh_5690,0,0,0,1,0,0.0,0.0,1
veh_5691,0,0,0,1,0,0.0,0.0,1
veh_5692,0,0,0,1,0,0.0,0.0,1
veh_5693,0,0,0,1,0,0.0,0.0,1
veh_5694,0,0,0,1,0,0.0,0.0,1
veh_5695,0,0,0,1,0,0.0,0.0,1
veh_5696,0,0,0,1,0,0.0,0.0,1
veh_5697,0,0,0,1,0,0.0,0.0,1
veh_5698,0,0,0,1,0,0.0,0.0,1
veh_5699,0,0,0,1,0,0.0,0.0,1
veh_5700,0,0,0,1,0,0.0,0.0,1
veh_5701,0,0,0,1,0,0.0,0.0,1
veh_5702,0,0,0,1,0,0.0,0.0,1
veh_5703,0,0,0,1,0,0.0,0.0,1
veh_5704,0,0,0,1,0,0.0,0.0,1
veh_5705,0,0,0,1,0,0.0,0.0,1
veh_5706,0,0,0,1,0,0.0,0.0,1
veh_5707,0,0,0,1,0,0.0,0.0,0
veh_5708,0,0,0,1,0,0.0,0.0,1
veh_5709,0,0,0,1,0,0.0,0.0,1
veh_5710,0,0,0,1,0,0.0,0.0,0
veh_5711,0,0,0,1,0,0.0,0.0,1
veh_5712,0,0,0,1,0,0.0,0.0,1
veh_5713,0,0,0,1,0,0.0,0.0,1
veh_5714,0,0,0,1,0,0.0,0.0,1
veh_5715,0,0,0,1,0,0.0,0.0,1
veh_5716,0,0,0,1,0,0.0,0.0,1
veh_5717,0,0,0,1,0,0.0,0.0,1
veh_5718,0,0,0,1,0,0.0,0.0,0
veh_5719,0,0,0,1,0,0.0,0.0,1
veh_5720,0,0,0,1,0,0.0,0.0,0
veh_5721,0,0,0,1,0,0.0,0.0,0
veh_5722,0,0,0,1,0,0.0,0.0,1
veh_5723,0,0,0,1,0,0.0,0.0,1
veh_5724,0,0,0,1,0,0.0,0.0,1
veh_5725,0,0,0,1,0,0.0,0.0,1
veh_5726,0,0,0,1,0,0.0,0.0,1
veh_5727,0,0,0,1,0,0.0,0.0,1
veh_5728,0,0,0,1,0,0.0,0.0,0
veh_5729,0,0,0,1,0,0.0,0.0,1
veh_5730,0,0,0,1,0,0.0,0.0,1
veh_5731,0,0,0,1,0,0.0,0.0,1
veh_5732,0,0,0,1,0,0.0,0.0,1
veh_5733,0,0,0,1,0,0.0,0.0,1
veh_5734,0,0,0,1,0,0.0,0.0,1
veh_5735,0,0,0,1,0,0.0,0.0,1
veh_5736,0,0,0,1,0,0.0,0.0,1
veh_5737,0,0,0,1,0,0.0,0.0,0
veh_5738,0,0,0,1,0,0.0,0.0,1
veh_5739,0,0,0,1,0,0.0,0.0,1
veh_5740,0,0,0,1,0,0.0,0.0,0
veh_5741,0,0,0,1,0,0.0,0.0,0
veh_5742,0,0,0,1,0,0.0,0.0,1
veh_5743,0,0,0,1,0,0.0,0.0,1
veh_5744,0,0,0,1,0,0.0,0.0,1
veh_5745,0,0,0,1,0,0.0,0.0,0
veh_5746,0,0,0,1,0,0.0,0.0,1
veh_5747,0,0,0,1,0,0.0,0.0,1
veh_5748,0,0,0,1,0,0.0,0.0,0
veh_5749,0,0,0,1,0,0.0,0.0,0
veh_5750,0,0,0,1,0,0.0,0.0,1
veh_5751,0,0,0,1,0,0.0,0.0,1
veh_5752,0,0,0,1,0,0.0,0.0,1
veh_5753,0,0,0,1,0,0.0,0.0,1
veh_5754,0,0,0,1,0,0.0,0.0,1
veh_5755,0,0,0,1,0,0.0,0.0,0
veh_5756,0,0,0,1,0,0.0,0.0,1
veh_5757,0,0,0,1,0,0.0,0.0,1
veh_5758,0,0,0,1,0,0.0,0.0,1
veh_5759,0,0,0,1,0,0.0,0.0,1
veh_5760,0,0,0,1,0,0.0,0.0,0
veh_5761,0,0,0,1,0,0.0,0.0,1
veh_5762,0,0,0,1,0,0.0,0.0,0
veh_5763,0,0,0,1,0,0.0,0.0,1
veh_5764,0,0,0,1,0,0.0,0.0,0
veh_5765,0,0,0,1,0,0.0,0.0,1
veh_5766,0,0,0,1,0,0.0,0.0,1
veh_5767,0,0,0,1,0,0.0,0.0,1
veh_5768,0,0,0,1,0,0.0,0.0,1
veh_5769,0,0,0,1,0,0.0,0.0,1
veh_5770,0,0,0,1,0,0.0,0.0,1
veh_5771,0,0,0,1,0,0.0,0.0,1
veh_5772,0,0,0,1,0,0.0,0.0,1
veh_5773,0,0,0,1,0,0.0,0.0,1
veh_5774,0,0,0,1,0,0.0,0.0,1
veh_5775,0,0,0,1,0,0.0,0.0,1
veh_5776,0,0,0,1,0,0.0,0.0,1
veh_5777,0,0,0,1,0,0.0,0.0,1
veh_5778,0,0,0,1,0,0.0,0.0,1
veh_5779,0,0,0,1,0,0.0,0.0,1
veh_5780,0,0,0,1,0,0.0,0.0,0
veh_5781,0,0,0,1,0,0.0,0.0,1
veh_5782,0,0,0,1,0,0.0,0.0,1
veh_5783,0,0,0,1,0,0.0,0.0,0
veh_5784,0,0,0,1,0,0.0,0.0,0
veh_5785,0,0,0,1,0,0.0,0.0,1
veh_5786,0,0,0,1,0,0.0,0.0,1
veh_5787,0,0,0,1,0,0.0,0.0,0
veh_5788,0,0,0,1,0,0.0,0.0,1
veh_5789,0,0,0,1,0,0.0,0.0,1
veh_5790,0,0,0,1,0,0.0,0.0,1
veh_5791,0,0,0,1,0,0.0,0.0,1
veh_5792,0,0,0,1,0,0.0,0.0,1
veh_5793,0,0,0,1,0,0.0,0.0,1
veh_5794,0,0,0,1,0,0.0,0.0,0
veh_5795,0,0,0,1,0,0.0,0.0,1
veh_5796,0,0,0,1,0,0.0,0.0,1
veh_5797,0,0,0,1,0,0.0,0.0,1
veh_5798,0,0,0,1,0,0.0,0.0,1
veh_5799,0,0,0,1,0,0.0,0.0,1
veh_5800,0,0,0,1,0,0.0,0.0,1
veh_5801,0,0,0,1,0,0.0,0.0,1
veh_5802,0,0,0,1,0,0.0,0.0,1
veh_5803,0,0,0,1,0,0.0,0.0,0
veh_5804,0,0,0,1,0,0.0,0.0,1
veh_5805,0,0,0,1,0,0.0,0.0,1
veh_5806,0,0,0,1,0,0.0,0.0,0
veh_5807,0,0,0,1,0,0.0,0.0,1
veh_5808,0,0,0,1,0,0.0,0.0,0
veh_5809,0,0,0,1,0,0.0,0.0,1
veh_5810,0,0,0,1,0,0.0,0.0,1
veh_5811,0,0,0,1,0,0.0,0.0,1
veh_5812,0,0,0,1,0,0.0,0.0,1
veh_5813,0,0,0,1,0,0.0,0.0,1
veh_5814,0,0,0,1,0,0.0,0.0,0
veh_5815,0,0,0,1,0,0.0,0.0,1
veh_5816,0,0,0,1,0,0.0,0.0,1
veh_5817,0,0,0,1,0,0.0,0.0,1
veh_5818,0,0,0,1,0,0.0,0.0,1
veh_5819,0,0,0,1,0,0.0,0.0,1
veh_5820,0,0,0,1,0,0.0,0.0,1
veh_5821,0,0,0,1,0,0.0,0.0,1
veh_5822,0,0,0,1,0,0.0,0.0,1
veh_5823,0,0,0,1,0,0.0,0.0,0
veh_5824,0,0,0,1,0,0.0,0.0,1
veh_5825,0,0,0,1,0,0.0,0.0,1
veh_5826,0,0,0,1,0,0.0,0.0,0
veh_5827,0,0,0,1,0,0.0,0.0,0
veh_5828,0,0,0,1,0,0.0,0.0,0
veh_5829,0,0,0,1,0,0.0,0.0,0
veh_5830,0,0,0,1,0,0.0,0.0,0
veh_5831,0,0,0,1,0,0.0,0.0,0
veh_5832,0,0,0,1,0,0.0,0.0,1
veh_5833,0,0,0,1,0,0.0,0.0,1
veh_5834,0,0,0,1,0,0.0,0.0,1
veh_5835,0,0,0,1,0,0.0,0.0,0
veh_5836,0,0,0,1,0,0.0,0.0,0
veh_5837,0,0,0,1,0,0.0,0.0,1
veh_5838,0,0,0,1,0,0.0,0.0,1
veh_5839,0,0,0,1,0,0.0,0.0,1
veh_5840,0,0,0,1,0,0.0,0.0,1
veh_5841,0,0,0,1,0,0.0,0.0,1
veh_5842,0,0,0,1,0,0.0,0.0,1
veh_5843,0,0,0,1,0,0.0,0.0,1
veh_5844,0,0,0,1,0,0.0,0.0,1
veh_5845,0,0,0,1,0,0.0,0.0,1
veh_5846,0,0,0,1,0,0.0,0.0,0
veh_5847,0,0,0,1,0,0.0,0.0,1
veh_5848,0,0,0,1,0,0.0,0.0,1
veh_5849,0,0,0,1,0,0.0,0.0,1
veh_5850,0,0,0,1,0,0.0,0.0,1
veh_5851,0,0,0,1,0,0.0,0.0,0
veh_5852,0,0,0,1,0,0.0,0.0,0
veh_5853,0,0,0,1,0,0.0,0.0,1
veh_5854,0,0,0,1,0,0.0,0.0,1
veh_5855,0,0,0,1,0,0.0,0.0,1
veh_5856,0,0,0,1,0,0.0,0.0,1
veh_5857,0,0,0,1,0,0.0,0.0,1
veh_5858,0,0,0,1,0,0.0,0.0,1
veh_5859,0,0,0,1,0,0.0,0.0,0
veh_5860,0,0,0,1,0,0.0,0.0,1
veh_5861,0,0,0,1,0,0.0,0.0,0
veh_5862,0,0,0,1,0,0.0,0.0,1
veh_5863,0,0,0,1,0,0.0,0.0,1
veh_5864,0,0,0,1,0,0.0,0.0,1
veh_5865,0,0,0,1,0,0.0,0.0,1
veh_5866,0,0,0,1,0,0.0,0.0,1
veh_5867,0,0,0,1,0,0.0,0.0,1
veh_5868,0,0,0,1,0,0.0,0.0,1
veh_5869,0,0,0,1,0,0.0,0.0,1
veh_5870,0,0,0,1,0,0.0,0.0,1
veh_5871,0,0,0,1,0,0.0,0.0,0
veh_5872,0,0,0,1,0,0.0,0.0,0
veh_5873,0,0,0,1,0,0.0,0.0,1
veh_5874,0,0,0,1,0,0.0,0.0,1
veh_5875,0,0,0,1,0,0.0,0.0,1
veh_5876,0,0,0,1,0,0.0,0.0,1
veh_5877,0,0,0,1,0,0.0,0.0,0
veh_5878,0,0,0,1,0,0.0,0.0,1
veh_5879,0,0,0,1,0,0.0,0.0,1
veh_5880,0,0,0,1,0,0.0,0.0,1
veh_5881,0,0,0,1,0,0.0,0.0,1
veh_5882,0,0,0,1,0,0.0,0.0,1
veh_5883,0,0,0,1,0,0.0,0.0,1
veh_5884,0,0,0,1,0,0.0,0.0,1
veh_5885,0,0,0,1,0,0.0,0.0,1
veh_5886,0,0,0,1,0,0.0,0.0,1
veh_5887,0,0,0,1,0,0.0,0.0,1
veh_5888,0,0,0,1,0,0.0,0.0,1
veh_5889,0,0,0,1,0,0.0,0.0,1
veh_5890,0,0,0,1,0,0.0,0.0,1
veh_5891,0,0,0,1,0,0.0,0.0,0
veh_5892,0,0,0,1,0,0.0,0.0,1
veh_5893,0,0,0,1,0,0.0,0.0,1
veh_5894,0,0,0,1,0,0.0,0.0,1
veh_5895,0,0,0,1,0,0.0,0.0,1
veh_5896,0,0,0,1,0,0.0,0.0,1
veh_5897,0,0,0,1,0,0.0,0.0,0
veh_5898,0,0,0,1,0,0.0,0.0,1
veh_5899,0,0,0,1,0,0.0,0.0,0
veh_5900,0,0,0,1,0,0.0,0.0,1
veh_5901,0,0,0,1,0,0.0,0.0,1
veh_5902,0,0,0,1,0,0.0,0.0,0
veh_5903,0,0,0,1,0,0.0,0.0,1
veh_5904,0,0,0,1,0,0.0,0.0,1
veh_5905,0,0,0,1,0,0.0,0.0,1
veh_5906,0,0,0,1,0,0.0,0.0,1
veh_5907,0,0,0,1,0,0.0,0.0,0
veh_5908,0,0,0,1,0,0.0,0.0,1
veh_5909,0,0,0,1,0,0.0,0.0,1
veh_5910,0,0,0,1,0,0.0,0.0,1
veh_5911,0,0,0,1,0,0.0,0.0,0
veh_5912,0,0,0,1,0,0.0,0.0,1
veh_5913,0,0,0,1,0,0.0,0.0,1
veh_5914,0,0,0,1,0,0.0,0.0,1
veh_5915,0,0,0,1,0,0.0,0.0,1
veh_5916,0,0,0,1,0,0.0,0.0,1
veh_5917,0,0,0,1,0,0.0,0.0,0
veh_5918,0,0,0,1,0,0.0,0.0,1
veh_5919,0,0,0,1,0,0.0,0.0,0
veh_5920,0,0,0,1,0,0.0,0.0,1
veh_5921,0,0,0,1,0,0.0,0.0,1
veh_5922,0,0,0,1,0,0.0,0.0,0
veh_5923,0,0,0,1,0,0.0,0.0,1
veh_5924,0,0,0,1,0,0.0,0.0,1
veh_5925,0,0,0,1,0,0.0,0.0,1
veh_5926,0,0,0,1,0,0.0,0.0,0
veh_5927,0,0,0,1,0,0.0,0.0,0
veh_5928,0,0,0,1,0,0.0,0.0,1
veh_5929,0,0,0,1,0,0.0,0.0,1
veh_5930,0,0,0,1,0,0.0,0.0,1
veh_5931,0,0,0,1,0,0.0,0.0,0
veh_5932,0,0,0,1,0,0.0,0.0,1
veh_5933,0,0,0,1,0,0.0,0.0,1
veh_5934,0,0,0,1,0,0.0,0.0,1
veh_5935,0,0,0,1,0,0.0,0.0,1
veh_5936,0,0,0,1,0,0.0,0.0,1
veh_5937,0,0,0,1,0,0.0,0.0,1
veh_5938,0,0,0,1,0,0.0,0.0,0
veh_5939,0,0,0,1,0,0.0,0.0,1
veh_5940,0,0,0,1,0,0.0,0.0,0
veh_5941,0,0,0,1,0,0.0,0.0,0
veh_5942,0,0,0,1,0,0.0,0.0,1
veh_5943,0,0,0,1,0,0.0,0.0,1
veh_5944,0,0,0,1,0,0.0,0.0,1
veh_5945,0,0,0,1,0,0.0,0.0,1
veh_5946,0,0,0,1,0,0.0,0.0,1
veh_5947,0,0,0,1,0,0.0,0.0,1
veh_5948,0,0,0,1,0,0.0,0.0,0
veh_5949,0,0,0,1,0,0.0,0.0,1
veh_5950,0,0,0,1,0,0.0,0.0,1
veh_5951,0,0,0,1,0,0.0,0.0,1
veh_5952,0,0,0,1,0,0.0,0.0,1
veh_5953,0,0,0,1,0,0.0,0.0,1
veh_5954,0,0,0,1,0,0.0,0.0,1
veh_5955,0,0,0,1,0,0.0,0.0,1
veh_5956,0,0,0,1,0,0.0,0.0,1
veh_5957,0,0,0,1,0,0.0,0.0,1
veh_5958,0,0,0,1,0,0.0,0.0,1
veh_5959,0,0,0,1,0,0.0,0.0,1
veh_5960,0,0,0,1,0,0.0,0.0,1
veh_5961,0,0,0,1,0,0.0,0.0,1
veh_5962,0,0,0,1,0,0.0,0.0,1
veh_5963,0,0,0,1,0,0.0,0.0,0
veh_5964,0,0,0,1,0,0.0,0.0,1
veh_5965,0,0,0,1,0,0.0,0.0,0
veh_5966,0,0,0,1,0,0.0,0.0,1
veh_5967,0,0,0,1,0,0.0,0.0,1
veh_5968,0,0,0,1,0,0.0,0.0,1
veh_5969,0,0,0,1,0,0.0,0.0,0
veh_5970,0,0,0,1,0,0.0,0.0,1
veh_5971,0,0,0,1,0,0.0,0.0,1
veh_5972,0,0,0,1,0,0.0,0.0,1
veh_5973,0,0,0,1,0,0.0,0.0,1
veh_5974,0,0,0,1,0,0.0,0.0,1
veh_5975,0,0,0,1,0,0.0,0.0,0
veh_5976,0,0,0,1,0,0.0,0.0,1
veh_5977,0,0,0,1,0,0.0,0.0,1
veh_5978,0,0,0,1,0,0.0,0.0,1
veh_5979,0,0,0,1,0,0.0,0.0,0
veh_5980,0,0,0,1,0,0.0,0.0,1
veh_5981,0,0,0,1,0,0.0,0.0,1
veh_5982,0,0,0,1,0,0.0,0.0,1
veh_5983,0,0,0,1,0,0.0,0.0,0
veh_5984,0,0,0,1,0,0.0,0.0,1
veh_5985,0,0,0,1,0,0.0,0.0,1
veh_5986,0,0,0,1,0,0.0,0.0,1
veh_5987,0,0,0,1,0,0.0,0.0,1
veh_5988,0,0,0,1,0,0.0,0.0,0
veh_5989,0,0,0,1,0,0.0,0.0,1
veh_5990,0,0,0,1,0,0.0,0.0,1
veh_5991,0,0,0,1,0,0.0,0.0,0
veh_5992,0,0,0,1,0,0.0,0.0,1
veh_5993,0,0,0,1,0,0.0,0.0,0
veh_5994,0,0,0,1,0,0.0,0.0,1
veh_5995,0,0,0,1,0,0.0,0.0,1
veh_5996,0,0,0,1,0,0.0,0.0,1
veh_5997,0,0,0,1,0,0.0,0.0,1
veh_5998,0,0,0,1,0,0.0,0.0,1
veh_5999,0,0,0,1,0,0.0,0.0,0
veh_6000,0,0,0,1,0,0.0,0.0,1
veh_6001,0,0,0,1,0,0.0,0.0,1
veh_6002,0,0,0,1,0,0.0,0.0,1
veh_6003,0,0,0,1,0,0.0,0.0,0
veh_6004,0,0,0,1,0,0.0,0.0,0
veh_6005,0,0,0,1,0,0.0,0.0,1
veh_6006,0,0,0,1,0,0.0,0.0,1
veh_6007,0,0,0,1,0,0.0,0.0,1
veh_6008,0,0,0,1,0,0.0,0.0,1
veh_6009,0,0,0,1,0,0.0,0.0,0
veh_6010,0,0,0,1,0,0.0,0.0,0
veh_6011,0,0,0,1,0,0.0,0.0,1
veh_6012,0,0,0,1,0,0.0,0.0,1
veh_6013,0,0,0,1,0,0.0,0.0,0
veh_6014,0,0,0,1,0,0.0,0.0,0
veh_6015,0,0,0,1,0,0.0,0.0,1
veh_6016,0,0,0,1,0,0.0,0.0,1
veh_6017,0,0,0,1,0,0.0,0.0,1
veh_6018,0,0,0,1,0,0.0,0.0,1
veh_6019,0,0,0,1,0,0.0,0.0,1
veh_6020,0,0,0,1,0,0.0,0.0,1
veh_6021,0,0,0,1,0,0.0,0.0,1
veh_6022,0,0,0,1,0,0.0,0.0,0
veh_6023,0,0,0,1,0,0.0,0.0,1
veh_6024,0,0,0,1,0,0.0,0.0,0
veh_6025,0,0,0,1,0,0.0,0.0,1
veh_6026,0,0,0,1,0,0.0,0.0,1
veh_6027,0,0,0,1,0,0.0,0.0,1
veh_6028,0,0,0,1,0,0.0,0.0,1
veh_6029,0,0,0,1,0,0.0,0.0,0
veh_6030,0,0,0,1,0,0.0,0.0,1
veh_6031,0,0,0,1,0,0.0,0.0,1
veh_6032,0,0,0,1,0,0.0,0.0,1
veh_6033,0,0,0,1,0,0.0,0.0,1
veh_6034,0,0,0,1,0,0.0,0.0,1
veh_6035,0,0,0,1,0,0.0,0.0,1
veh_6036,0,0,0,1,0,0.0,0.0,1
veh_6037,0,0,0,1,0,0.0,0.0,1
veh_6038,0,0,0,1,0,0.0,0.0,1
veh_6039,0,0,0,1,0,0.0,0.0,0
veh_6040,0,0,0,1,0,0.0,0.0,1
veh_6041,0,0,0,1,0,0.0,0.0,1
veh_6042,0,0,0,1,0,0.0,0.0,1
veh_6043,0,0,0,1,0,0.0,0.0,1
veh_6044,0,0,0,1,0,0.0,0.0,1
veh_6045,0,0,0,1,0,0.0,0.0,1
veh_6046,0,0,0,1,0,0.0,0.0,1
veh_6047,0,0,0,1,0,0.0,0.0,1
veh_6048,0,0,0,1,0,0.0,0.0,1
veh_6049,0,0,0,1,0,0.0,0.0,1
veh_6050,0,0,0,1,0,0.0,0.0,1
veh_6051,0,0,0,1,0,0.0,0.0,1
veh_6052,0,0,0,1,0,0.0,0.0,1
veh_6053,0,0,0,1,0,0.0,0.0,1
veh_6054,0,0,0,1,0,0.0,0.0,1
veh_6055,0,0,0,1,0,0.0,0.0,1
veh_6056,0,0,0,1,0,0.0,0.0,1
veh_6057,0,0,0,1,0,0.0,0.0,1
veh_6058,0,0,0,1,0,0.0,0.0,1
veh_6059,0,0,0,1,0,0.0,0.0,1
veh_6060,0,0,0,1,0,0.0,0.0,1
veh_6061,0,0,0,1,0,0.0,0.0,1
veh_6062,0,0,0,1,0,0.0,0.0,1
veh_6063,0,0,0,1,0,0.0,0.0,1
veh_6064,0,0,0,1,0,0.0,0.0,1
veh_6065,0,0,0,1,0,0.0,0.0,0
veh_6066,0,0,0,1,0,0.0,0.0,1
veh_6067,0,0,0,1,0,0.0,0.0,1
veh_6068,0,0,0,1,0,0.0,0.0,1
veh_6069,0,0,0,1,0,0.0,0.0,0
veh_6070,0,0,0,1,0,0.0,0.0,1
veh_6071,0,0,0,1,0,0.0,0.0,0
veh_6072,0,0,0,1,0,0.0,0.0,1
veh_6073,0,0,0,1,0,0.0,0.0,0
veh_6074,0,0,0,1,0,0.0,0.0,0
veh_6075,0,0,0,1,0,0.0,0.0,1
veh_6076,0,0,0,1,0,0.0,0.0,1
veh_6077,0,0,0,1,0,0.0,0.0,1
veh_6078,0,0,0,1,0,0.0,0.0,1
veh_6079,0,0,0,1,0,0.0,0.0,1
veh_6080,0,0,0,1,0,0.0,0.0,1
veh_6081,0,0,0,1,0,0.0,0.0,1
veh_6082,0,0,0,1,0,0.0,0.0,1
veh_6083,0,0,0,1,0,0.0,0.0,0
veh_6084,0,0,0,1,0,0.0,0.0,1
veh_6085,0,0,0,1,0,0.0,0.0,1
veh_6086,0,0,0,1,0,0.0,0.0,1
veh_6087,0,0,0,1,0,0.0,0.0,1
veh_6088,0,0,0,1,0,0.0,0.0,1
veh_6089,0,0,0,1,0,0.0,0.0,1
veh_6090,0,0,0,1,0,0.0,0.0,0
veh_6091,0,0,0,1,0,0.0,0.0,0
veh_6092,0,0,0,1,0,0.0,0.0,1
veh_6093,0,0,0,1,0,0.0,0.0,1
veh_6094,0,0,0,1,0,0.0,0.0,1
veh_6095,0,0,0,1,0,0.0,0.0,1
veh_6096,0,0,0,1,0,0.0,0.0,0
veh_6097,0,0,0,1,0,0.0,0.0,0
veh_6098,0,0,0,1,0,0.0,0.0,1
veh_6099,0,0,0,1,0,0.0,0.0,1
veh_6100,0,0,0,1,0,0.0,0.0,1
veh_6101,0,0,0,1,0,0.0,0.0,1
veh_6102,0,0,0,1,0,0.0,0.0,0
veh_6103,0,0,0,1,0,0.0,0.0,1
veh_6104,0,0,0,1,0,0.0,0.0,0
veh_6105,0,0,0,1,0,0.0,0.0,1
veh_6106,0,0,0,1,0,0.0,0.0,1
veh_6107,0,0,0,1,0,0.0,0.0,1
veh_6108,0,0,0,1,0,0.0,0.0,1
veh_6109,0,0,0,1,0,0.0,0.0,1
veh_6110,0,0,0,1,0,0.0,0.0,1
veh_6111,0,0,0,1,0,0.0,0.0,0
veh_6112,0,0,0,1,0,0.0,0.0,1
veh_6113,0,0,0,1,0,0.0,0.0,1
veh_6114,0,0,0,1,0,0.0,0.0,0
veh_6115,0,0,0,1,0,0.0,0.0,1
veh_6116,0,0,0,1,0,0.0,0.0,0
veh_6117,0,0,0,1,0,0.0,0.0,1
veh_6118,0,0,0,1,0,0.0,0.0,1
veh_6119,0,0,0,1,0,0.0,0.0,1
veh_6120,0,0,0,1,0,0.0,0.0,0
veh_6121,0,0,0,1,0,0.0,0.0,0
veh_6122,0,0,0,1,0,0.0,0.0,1
veh_6123,0,0,0,1,0,0.0,0.0,1
veh_6124,0,0,0,1,0,0.0,0.0,0
veh_6125,0,0,0,1,0,0.0,0.0,0
veh_6126,0,0,0,1,0,0.0,0.0,0
veh_6127,0,0,0,1,0,0.0,0.0,1
veh_6128,0,0,0,1,0,0.0,0.0,1
veh_6129,0,0,0,1,0,0.0,0.0,1
veh_6130,0,0,0,1,0,0.0,0.0,0
veh_6131,0,0,0,1,0,0.0,0.0,0
veh_6132,0,0,0,1,0,0.0,0.0,0
veh_6133,0,0,0,1,0,0.0,0.0,1
veh_6134,0,0,0,1,0,0.0,0.0,1
veh_6135,0,0,0,1,0,0.0,0.0,1
veh_6136,0,0,0,1,0,0.0,0.0,0
veh_6137,0,0,0,1,0,0.0,0.0,1
veh_6138,0,0,0,1,0,0.0,0.0,1
veh_6139,0,0,0,1,0,0.0,0.0,1
veh_6140,0,0,0,1,0,0.0,0.0,1
veh_6141,0,0,0,1,0,0.0,0.0,1
veh_6142,0,0,0,1,0,0.0,0.0,1
veh_6143,0,0,0,1,0,0.0,0.0,1
veh_6144,0,0,0,1,0,0.0,0.0,1
veh_6145,0,0,0,1,0,0.0,0.0,0
veh_6146,0,0,0,1,0,0.0,0.0,1
veh_6147,0,0,0,1,0,0.0,0.0,0
veh_6148,0,0,0,1,0,0.0,0.0,0
veh_6149,0,0,0,1,0,0.0,0.0,1
veh_6150,0,0,0,1,0,0.0,0.0,1
veh_6151,0,0,0,1,0,0.0,0.0,1
veh_6152,0,0,0,1,0,0.0,0.0,0
veh_6153,0,0,0,1,0,0.0,0.0,1
veh_6154,0,0,0,1,0,0.0,0.0,1
veh_6155,0,0,0,1,0,0.0,0.0,0
veh_6156,0,0,0,1,0,0.0,0.0,0
veh_6157,0,0,0,1,0,0.0,0.0,1
veh_6158,0,0,0,1,0,0.0,0.0,1
veh_6159,0,0,0,1,0,0.0,0.0,0
veh_6160,0,0,0,1,0,0.0,0.0,1
veh_6161,0,0,0,1,0,0.0,0.0,1
veh_6162,0,0,0,1,0,0.0,0.0,1
veh_6163,0,0,0,1,0,0.0,0.0,1
veh_6164,0,0,0,1,0,0.0,0.0,1
veh_6165,0,0,0,1,0,0.0,0.0,1
veh_6166,0,0,0,1,0,0.0,0.0,1
veh_6167,0,0,0,1,0,0.0,0.0,0
veh_6168,0,0,0,1,0,0.0,0.0,0
veh_6169,0,0,0,1,0,0.0,0.0,1
veh_6170,0,0,0,1,0,0.0,0.0,1
veh_6171,0,0,0,1,0,0.0,0.0,1
veh_6172,0,0,0,1,0,0.0,0.0,1
veh_6173,0,0,0,1,0,0.0,0.0,1
veh_6174,0,0,0,1,0,0.0,0.0,1
veh_6175,0,0,0,1,0,0.0,0.0,1
veh_6176,0,0,0,1,0,0.0,0.0,0
veh_6177,0,0,0,1,0,0.0,0.0,1
veh_6178,0,0,0,1,0,0.0,0.0,1
veh_6179,0,0,0,1,0,0.0,0.0,1
veh_6180,0,0,0,1,0,0.0,0.0,1
veh_6181,0,0,0,1,0,0.0,0.0,1
veh_6182,0,0,0,1,0,0.0,0.0,1
veh_6183,0,0,0,1,0,0.0,0.0,1
veh_6184,0,0,0,1,0,0.0,0.0,0
veh_6185,0,0,0,1,0,0.0,0.0,1
veh_6186,0,0,0,1,0,0.0,0.0,1
veh_6187,0,0,0,1,0,0.0,0.0,1
veh_6188,0,0,0,1,0,0.0,0.0,1
veh_6189,0,0,0,1,0,0.0,0.0,1
veh_6190,0,0,0,1,0,0.0,0.0,1
veh_6191,0,0,0,1,0,0.0,0.0,1
veh_6192,0,0,0,1,0,0.0,0.0,1
veh_6193,0,0,0,1,0,0.0,0.0,1
veh_6194,0,0,0,1,0,0.0,0.0,1
veh_6195,0,0,0,1,0,0.0,0.0,1
veh_6196,0,0,0,1,0,0.0,0.0,1
veh_6197,0,0,0,1,0,0.0,0.0,1
veh_6198,0,0,0,1,0,0.0,0.0,0
veh_6199,0,0,0,1,0,0.0,0.0,1
veh_6200,0,0,0,1,0,0.0,0.0,1
veh_6201,0,0,0,1,0,0.0,0.0,1
veh_6202,0,0,0,1,0,0.0,0.0,1
veh_6203,0,0,0,1,0,0.0,0.0,1
veh_6204,0,0,0,1,0,0.0,0.0,1
veh_6205,0,0,0,1,0,0.0,0.0,1
veh_6206,0,0,0,1,0,0.0,0.0,1
veh_6207,0,0,0,1,0,0.0,0.0,1
veh_6208,0,0,0,1,0,0.0,0.0,1
veh_6209,0,0,0,1,0,0.0,0.0,0
veh_6210,0,0,0,1,0,0.0,0.0,0
veh_6211,0,0,0,1,0,0.0,0.0,1
veh_6212,0,0,0,1,0,0.0,0.0,1
veh_6213,0,0,0,1,0,0.0,0.0,1
veh_6214,0,0,0,1,0,0.0,0.0,1
veh_6215,0,0,0,1,0,0.0,0.0,1
veh_6216,0,0,0,1,0,0.0,0.0,1
veh_6217,0,0,0,1,0,0.0,0.0,1
veh_6218,0,0,0,1,0,0.0,0.0,1
veh_6219,0,0,0,1,0,0.0,0.0,1
veh_6220,0,0,0,1,0,0.0,0.0,1
veh_6221,0,0,0,1,0,0.0,0.0,1
veh_6222,0,0,0,1,0,0.0,0.0,1
veh_6223,0,0,0,1,0,0.0,0.0,1
veh_6224,0,0,0,1,0,0.0,0.0,1
veh_6225,0,0,0,1,0,0.0,0.0,1
veh_6226,0,0,0,1,0,0.0,0.0,1
veh_6227,0,0,0,1,0,0.0,0.0,1
veh_6228,0,0,0,1,0,0.0,0.0,1
veh_6229,0,0,0,1,0,0.0,0.0,1
veh_6230,0,0,0,1,0,0.0,0.0,1
veh_6231,0,0,0,1,0,0.0,0.0,1
veh_6232,0,0,0,1,0,0.0,0.0,0
veh_6233,0,0,0,1,0,0.0,0.0,0
veh_6234,0,0,0,1,0,0.0,0.0,0
veh_6235,0,0,0,1,0,0.0,0.0,1
veh_6236,0,0,0,1,0,0.0,0.0,1
veh_6237,0,0,0,1,0,0.0,0.0,1
veh_6238,0,0,0,1,0,0.0,0.0,0
veh_6239,0,0,0,1,0,0.0,0.0,1
veh_6240,0,0,0,1,0,0.0,0.0,1
veh_6241,0,0,0,1,0,0.0,0.0,0
veh_6242,0,0,0,1,0,0.0,0.0,0
veh_6243,0,0,0,1,0,0.0,0.0,1
veh_6244,0,0,0,1,0,0.0,0.0,1
veh_6245,0,0,0,1,0,0.0,0.0,0
veh_6246,0,0,0,1,0,0.0,0.0,1
veh_6247,0,0,0,1,0,0.0,0.0,1
veh_6248,0,0,0,1,0,0.0,0.0,1
veh_6249,0,0,0,1,0,0.0,0.0,1
veh_6250,0,0,0,1,0,0.0,0.0,1
veh_6251,0,0,0,1,0,0.0,0.0,1
veh_6252,0,0,0,1,0,0.0,0.0,0
veh_6253,0,0,0,1,0,0.0,0.0,1
veh_6254,0,0,0,1,0,0.0,0.0,1
veh_6255,0,0,0,1,0,0.0,0.0,0
veh_6256,0,0,0,1,0,0.0,0.0,1
veh_6257,0,0,0,1,0,0.0,0.0,1
veh_6258,0,0,0,1,0,0.0,0.0,1
veh_6259,0,0,0,1,0,0.0,0.0,0
veh_6260,0,0,0,1,0,0.0,0.0,1
veh_6261,0,0,0,1,0,0.0,0.0,1
veh_6262,0,0,0,1,0,0.0,0.0,1
veh_6263,0,0,0,1,0,0.0,0.0,0
veh_6264,0,0,0,1,0,0.0,0.0,1
veh_6265,0,0,0,1,0,0.0,0.0,1
veh_6266,0,0,0,1,0,0.0,0.0,1
veh_6267,0,0,0,1,0,0.0,0.0,1
veh_6268,0,0,0,1,0,0.0,0.0,1
veh_6269,0,0,0,1,0,0.0,0.0,1
veh_6270,0,0,0,1,0,0.0,0.0,1
veh_6271,0,0,0,1,0,0.0,0.0,0
veh_6272,0,0,0,1,0,0.0,0.0,1
veh_6273,0,0,0,1,0,0.0,0.0,0
veh_6274,0,0,0,1,0,0.0,0.0,1
veh_6275,0,0,0,1,0,0.0,0.0,1
veh_6276,0,0,0,1,0,0.0,0.0,1
veh_6277,0,0,0,1,0,0.0,0.0,0
veh_6278,0,0,0,1,0,0.0,0.0,1
veh_6279,0,0,0,1,0,0.0,0.0,1
veh_6280,0,0,0,1,0,0.0,0.0,1
veh_6281,0,0,0,1,0,0.0,0.0,1
veh_6282,0,0,0,1,0,0.0,0.0,1
veh_6283,0,0,0,1,0,0.0,0.0,1
veh_6284,0,0,0,1,0,0.0,0.0,1
veh_6285,0,0,0,1,0,0.0,0.0,1
veh_6286,0,0,0,1,0,0.0,0.0,1
veh_6287,0,0,0,1,0,0.0,0.0,1
veh_6288,0,0,0,1,0,0.0,0.0,1
veh_6289,0,0,0,1,0,0.0,0.0,1
veh_6290,0,0,0,1,0,0.0,0.0,1
veh_6291,0,0,0,1,0,0.0,0.0,1
veh_6292,0,0,0,1,0,0.0,0.0,1
veh_6293,0,0,0,1,0,0.0,0.0,1
veh_6294,0,0,0,1,0,0.0,0.0,1
veh_6295,0,0,0,1,0,0.0,0.0,1
veh_6296,0,0,0,1,0,0.0,0.0,1
veh_6297,0,0,0,1,0,0.0,0.0,1
veh_6298,0,0,0,1,0,0.0,0.0,1
veh_6299,0,0,0,1,0,0.0,0.0,1
veh_6300,0,0,0,1,0,0.0,0.0,1
veh_6301,0,0,0,1,0,0.0,0.0,1
veh_6302,0,0,0,1,0,0.0,0.0,1
veh_6303,0,0,0,1,0,0.0,0.0,0
veh_6304,0,0,0,1,0,0.0,0.0,1
veh_6305,0,0,0,1,0,0.0,0.0,1
veh_6306,0,0,0,1,0,0.0,0.0,1
veh_6307,0,0,0,1,0,0.0,0.0,1
veh_6308,0,0,0,1,0,0.0,0.0,1
veh_6309,0,0,0,1,0,0.0,0.0,1
veh_6310,0,0,0,1,0,0.0,0.0,1
veh_6311,0,0,0,1,0,0.0,0.0,0
veh_6312,0,0,0,1,0,0.0,0.0,1
veh_6313,0,0,0,1,0,0.0,0.0,1
veh_6314,0,0,0,1,0,0.0,0.0,0
veh_6315,0,0,0,1,0,0.0,0.0,1
veh_6316,0,0,0,1,0,0.0,0.0,1
veh_6317,0,0,0,1,0,0.0,0.0,1
veh_6318,0,0,0,1,0,0.0,0.0,1
veh_6319,0,0,0,1,0,0.0,0.0,1
veh_6320,0,0,0,1,0,0.0,0.0,0
veh_6321,0,0,0,1,0,0.0,0.0,1
veh_6322,0,0,0,1,0,0.0,0.0,0
veh_6323,0,0,0,1,0,0.0,0.0,1
veh_6324,0,0,0,1,0,0.0,0.0,1
veh_6325,0,0,0,1,0,0.0,0.0,1
veh_6326,0,0,0,1,0,0.0,0.0,1
veh_6327,0,0,0,1,0,0.0,0.0,1
veh_6328,0,0,0,1,0,0.0,0.0,1
veh_6329,0,0,0,1,0,0.0,0.0,1
veh_6330,0,0,0,1,0,0.0,0.0,0
veh_6331,0,0,0,1,0,0.0,0.0,1
veh_6332,0,0,0,1,0,0.0,0.0,1
veh_6333,0,0,0,1,0,0.0,0.0,0
veh_6334,0,0,0,1,0,0.0,0.0,1
veh_6335,0,0,0,1,0,0.0,0.0,1
veh_6336,0,0,0,1,0,0.0,0.0,1
veh_6337,0,0,0,1,0,0.0,0.0,1
veh_6338,0,0,0,1,0,0.0,0.0,1
veh_6339,0,0,0,1,0,0.0,0.0,1
veh_6340,0,0,0,1,0,0.0,0.0,1
veh_6341,0,0,0,1,0,0.0,0.0,1
veh_6342,0,0,0,1,0,0.0,0.0,1
veh_6343,0,0,0,1,0,0.0,0.0,1
veh_6344,0,0,0,1,0,0.0,0.0,1
veh_6345,0,0,0,1,0,0.0,0.0,1
veh_6346,0,0,0,1,0,0.0,0.0,1
veh_6347,0,0,0,1,0,0.0,0.0,1
veh_6348,0,0,0,1,0,0.0,0.0,1
veh_6349,0,0,0,1,0,0.0,0.0,0
veh_6350,0,0,0,1,0,0.0,0.0,1
veh_6351,0,0,0,1,0,0.0,0.0,0
veh_6352,0,0,0,1,0,0.0,0.0,1
veh_6353,0,0,0,1,0,0.0,0.0,1
veh_6354,0,0,0,1,0,0.0,0.0,1
veh_6355,0,0,0,1,0,0.0,0.0,1
veh_6356,0,0,0,1,0,0.0,0.0,0
veh_6357,0,0,0,1,0,0.0,0.0,1
veh_6358,0,0,0,1,0,0.0,0.0,1
veh_6359,0,0,0,1,0,0.0,0.0,1
veh_6360,0,0,0,1,0,0.0,0.0,1
veh_6361,0,0,0,1,0,0.0,0.0,1
veh_6362,0,0,0,1,0,0.0,0.0,0
veh_6363,0,0,0,1,0,0.0,0.0,1
veh_6364,0,0,0,1,0,0.0,0.0,1
veh_6365,0,0,0,1,0,0.0,0.0,1
veh_6366,0,0,0,1,0,0.0,0.0,0
veh_6367,0,0,0,1,0,0.0,0.0,0
veh_6368,0,0,0,1,0,0.0,0.0,1
veh_6369,0,0,0,1,0,0.0,0.0,1
veh_6370,0,0,0,1,0,0.0,0.0,0
veh_6371,0,0,0,1,0,0.0,0.0,1
veh_6372,0,0,0,1,0,0.0,0.0,0
veh_6373,0,0,0,1,0,0.0,0.0,0
veh_6374,0,0,0,1,0,0.0,0.0,1
veh_6375,0,0,0,1,0,0.0,0.0,1
veh_6376,0,0,0,1,0,0.0,0.0,1
veh_6377,0,0,0,1,0,0.0,0.0,1
veh_6378,0,0,0,1,0,0.0,0.0,1
veh_6379,0,0,0,1,0,0.0,0.0,0
veh_6380,0,0,0,1,0,0.0,0.0,1
veh_6381,0,0,0,1,0,0.0,0.0,1
veh_6382,0,0,0,1,0,0.0,0.0,1
veh_6383,0,0,0,1,0,0.0,0.0,0
veh_6384,0,0,0,1,0,0.0,0.0,1
veh_6385,0,0,0,1,0,0.0,0.0,1
veh_6386,0,0,0,1,0,0.0,0.0,1
veh_6387,0,0,0,1,0,0.0,0.0,1
veh_6388,0,0,0,1,0,0.0,0.0,1
veh_6389,0,0,0,1,0,0.0,0.0,0
veh_6390,0,0,0,1,0,0.0,0.0,0
veh_6391,0,0,0,1,0,0.0,0.0,1
veh_6392,0,0,0,1,0,0.0,0.0,1
veh_6393,0,0,0,1,0,0.0,0.0,0
veh_6394,0,0,0,1,0,0.0,0.0,1
veh_6395,0,0,0,1,0,0.0,0.0,1
veh_6396,0,0,0,1,0,0.0,0.0,0
veh_6397,0,0,0,1,0,0.0,0.0,0
veh_6398,0,0,0,1,0,0.0,0.0,1
veh_6399,0,0,0,1,0,0.0,0.0,1
veh_6400,0,0,0,1,0,0.0,0.0,0
veh_6401,0,0,0,1,0,0.0,0.0,1
veh_6402,0,0,0,1,0,0.0,0.0,1
veh_6403,0,0,0,1,0,0.0,0.0,1
veh_6404,0,0,0,1,0,0.0,0.0,1
veh_6405,0,0,0,1,0,0.0,0.0,1
veh_6406,0,0,0,1,0,0.0,0.0,1
veh_6407,0,0,0,1,0,0.0,0.0,1
veh_6408,0,0,0,1,0,0.0,0.0,1
veh_6409,0,0,0,1,0,0.0,0.0,1
veh_6410,0,0,0,1,0,0.0,0.0,1
veh_6411,0,0,0,1,0,0.0,0.0,1
veh_6412,0,0,0,1,0,0.0,0.0,0
veh_6413,0,0,0,1,0,0.0,0.0,1
veh_6414,0,0,0,1,0,0.0,0.0,1
veh_6415,0,0,0,1,0,0.0,0.0,1
veh_6416,0,0,0,1,0,0.0,0.0,1
veh_6417,0,0,0,1,0,0.0,0.0,1
veh_6418,0,0,0,1,0,0.0,0.0,1
veh_6419,0,0,0,1,0,0.0,0.0,1
veh_6420,0,0,0,1,0,0.0,0.0,1
veh_6421,0,0,0,1,0,0.0,0.0,0
veh_6422,0,0,0,1,0,0.0,0.0,1
veh_6423,0,0,0,1,0,0.0,0.0,1
veh_6424,0,0,0,1,0,0.0,0.0,1
veh_6425,0,0,0,1,0,0.0,0.0,1
veh_6426,0,0,0,1,0,0.0,0.0,0
veh_6427,0,0,0,1,0,0.0,0.0,1
veh_6428,0,0,0,1,0,0.0,0.0,1
veh_6429,0,0,0,1,0,0.0,0.0,0
veh_6430,0,0,0,1,0,0.0,0.0,0
veh_6431,0,0,0,1,0,0.0,0.0,1
veh_6432,0,0,0,1,0,0.0,0.0,0
veh_6433,0,0,0,1,0,0.0,0.0,1
veh_6434,0,0,0,1,0,0.0,0.0,1
veh_6435,0,0,0,1,0,0.0,0.0,1
veh_6436,0,0,0,1,0,0.0,0.0,1
veh_6437,0,0,0,1,0,0.0,0.0,1
veh_6438,0,0,0,1,0,0.0,0.0,0
veh_6439,0,0,0,1,0,0.0,0.0,0
veh_6440,0,0,0,1,0,0.0,0.0,1
veh_6441,0,0,0,1,0,0.0,0.0,1
veh_6442,0,0,0,1,0,0.0,0.0,1
veh_6443,0,0,0,1,0,0.0,0.0,1
veh_6444,0,0,0,1,0,0.0,0.0,1
veh_6445,0,0,0,1,0,0.0,0.0,1
veh_6446,0,0,0,1,0,0.0,0.0,1
veh_6447,0,0,0,1,0,0.0,0.0,1
veh_6448,0,0,0,1,0,0.0,0.0,1
veh_6449,0,0,0,1,0,0.0,0.0,1
veh_6450,0,0,0,1,0,0.0,0.0,1
veh_6451,0,0,0,1,0,0.0,0.0,1
veh_6452,0,0,0,1,0,0.0,0.0,1
veh_6453,0,0,0,1,0,0.0,0.0,1
veh_6454,0,0,0,1,0,0.0,0.0,0
veh_6455,0,0,0,1,0,0.0,0.0,0
veh_6456,0,0,0,1,0,0.0,0.0,0
veh_6457,0,0,0,1,0,0.0,0.0,1
veh_6458,0,0,0,1,0,0.0,0.0,0
veh_6459,0,0,0,1,0,0.0,0.0,0
veh_6460,0,0,0,1,0,0.0,0.0,1
veh_6461,0,0,0,1,0,0.0,0.0,1
veh_6462,0,0,0,1,0,0.0,0.0,0
veh_6463,0,0,0,1,0,0.0,0.0,0
veh_6464,0,0,0,1,0,0.0,0.0,1
veh_6465,0,0,0,1,0,0.0,0.0,0
veh_6466,0,0,0,1,0,0.0,0.0,0
veh_6467,0,0,0,1,0,0.0,0.0,1
veh_6468,0,0,0,1,0,0.0,0.0,1
veh_6469,0,0,0,1,0,0.0,0.0,1
veh_6470,0,0,0,1,0,0.0,0.0,1
veh_6471,0,0,0,1,0,0.0,0.0,1
veh_6472,0,0,0,1,0,0.0,0.0,1
veh_6473,0,0,0,1,0,0.0,0.0,1
veh_6474,0,0,0,1,0,0.0,0.0,1
veh_6475,0,0,0,1,0,0.0,0.0,1
veh_6476,0,0,0,1,0,0.0,0.0,1
veh_6477,0,0,0,1,0,0.0,0.0,1
veh_6478,0,0,0,1,0,0.0,0.0,1
veh_6479,0,0,0,1,0,0.0,0.0,0
veh_6480,0,0,0,1,0,0.0,0.0,1
veh_6481,0,0,0,1,0,0.0,0.0,1
veh_6482,0,0,0,1,0,0.0,0.0,1
veh_6483,0,0,0,1,0,0.0,0.0,1
veh_6484,0,0,0,1,0,0.0,0.0,1
veh_6485,0,0,0,1,0,0.0,0.0,0
veh_6486,0,0,0,1,0,0.0,0.0,1
veh_6487,0,0,0,1,0,0.0,0.0,1
veh_6488,0,0,0,1,0,0.0,0.0,1
veh_6489,0,0,0,1,0,0.0,0.0,1
veh_6490,0,0,0,1,0,0.0,0.0,0
veh_6491,0,0,0,1,0,0.0,0.0,1
veh_6492,0,0,0,1,0,0.0,0.0,1
veh_6493,0,0,0,1,0,0.0,0.0,1
veh_6494,0,0,0,1,0,0.0,0.0,1
veh_6495,0,0,0,1,0,0.0,0.0,0
veh_6496,0,0,0,1,0,0.0,0.0,1
veh_6497,0,0,0,1,0,0.0,0.0,1
veh_6498,0,0,0,1,0,0.0,0.0,1
veh_6499,0,0,0,1,0,0.0,0.0,0
veh_6500,0,0,0,1,0,0.0,0.0,1
veh_6501,0,0,0,1,0,0.0,0.0,0
veh_6502,0,0,0,1,0,0.0,0.0,1
veh_6503,0,0,0,1,0,0.0,0.0,1
veh_6504,0,0,0,1,0,0.0,0.0,0
veh_6505,0,0,0,1,0,0.0,0.0,1
veh_6506,0,0,0,1,0,0.0,0.0,1
veh_6507,0,0,0,1,0,0.0,0.0,1
veh_6508,0,0,0,1,0,0.0,0.0,1
veh_6509,0,0,0,1,0,0.0,0.0,1
veh_6510,0,0,0,1,0,0.0,0.0,1
veh_6511,0,0,0,1,0,0.0,0.0,1
veh_6512,0,0,0,1,0,0.0,0.0,0
veh_6513,0,0,0,1,0,0.0,0.0,0
veh_6514,0,0,0,1,0,0.0,0.0,0
veh_6515,0,0,0,1,0,0.0,0.0,1
veh_6516,0,0,0,1,0,0.0,0.0,1
veh_6517,0,0,0,1,0,0.0,0.0,1
veh_6518,0,0,0,1,0,0.0,0.0,1
veh_6519,0,0,0,1,0,0.0,0.0,1
veh_6520,0,0,0,1,0,0.0,0.0,1
veh_6521,0,0,0,1,0,0.0,0.0,1
veh_6522,0,0,0,1,0,0.0,0.0,1
veh_6523,0,0,0,1,0,0.0,0.0,0
veh_6524,0,0,0,1,0,0.0,0.0,0
veh_6525,0,0,0,1,0,0.0,0.0,1
veh_6526,0,0,0,1,0,0.0,0.0,1
veh_6527,0,0,0,1,0,0.0,0.0,1
veh_6528,0,0,0,1,0,0.0,0.0,1
veh_6529,0,0,0,1,0,0.0,0.0,1
veh_6530,0,0,0,1,0,0.0,0.0,0
veh_6531,0,0,0,1,0,0.0,0.0,1
veh_6532,0,0,0,1,0,0.0,0.0,1
veh_6533,0,0,0,1,0,0.0,0.0,1
veh_6534,0,0,0,1,0,0.0,0.0,1
veh_6535,0,0,0,1,0,0.0,0.0,1
veh_6536,0,0,0,1,0,0.0,0.0,1
veh_6537,0,0,0,1,0,0.0,0.0,1
veh_6538,0,0,0,1,0,0.0,0.0,1
veh_6539,0,0,0,1,0,0.0,0.0,1
veh_6540,0,0,0,1,0,0.0,0.0,1
veh_6541,0,0,0,1,0,0.0,0.0,1
veh_6542,0,0,0,1,0,0.0,0.0,1
veh_6543,0,0,0,1,0,0.0,0.0,1
veh_6544,0,0,0,1,0,0.0,0.0,1
veh_6545,0,0,0,1,0,0.0,0.0,1
veh_6546,0,0,0,1,0,0.0,0.0,1
veh_6547,0,0,0,1,0,0.0,0.0,0
veh_6548,0,0,0,1,0,0.0,0.0,1
veh_6549,0,0,0,1,0,0.0,0.0,1
veh_6550,0,0,0,1,0,0.0,0.0,1
veh_6551,0,0,0,1,0,0.0,0.0,1
veh_6552,0,0,0,1,0,0.0,0.0,1
veh_6553,0,0,0,1,0,0.0,0.0,1
veh_6554,0,0,0,1,0,0.0,0.0,1
veh_6555,0,0,0,1,0,0.0,0.0,1
veh_6556,0,0,0,1,0,0.0,0.0,1
veh_6557,0,0,0,1,0,0.0,0.0,1
veh_6558,0,0,0,1,0,0.0,0.0,1
veh_6559,0,0,0,1,0,0.0,0.0,1
veh_6560,0,0,0,1,0,0.0,0.0,1
veh_6561,0,0,0,1,0,0.0,0.0,1
veh_6562,0,0,0,1,0,0.0,0.0,1
veh_6563,0,0,0,1,0,0.0,0.0,0
veh_6564,0,0,0,1,0,0.0,0.0,0
veh_6565,0,0,0,1,0,0.0,0.0,1
veh_6566,0,0,0,1,0,0.0,0.0,1
veh_6567,0,0,0,1,0,0.0,0.0,1
veh_6568,0,0,0,1,0,0.0,0.0,1
veh_6569,0,0,0,1,0,0.0,0.0,1
veh_6570,0,0,0,1,0,0.0,0.0,1
veh_6571,0,0,0,1,0,0.0,0.0,0
veh_6572,0,0,0,1,0,0.0,0.0,1
veh_6573,0,0,0,1,0,0.0,0.0,0
veh_6574,0,0,0,1,0,0.0,0.0,1
veh_6575,0,0,0,1,0,0.0,0.0,1
veh_6576,0,0,0,1,0,0.0,0.0,1
veh_6577,0,0,0,1,0,0.0,0.0,1
veh_6578,0,0,0,1,0,0.0,0.0,1
veh_6579,0,0,0,1,0,0.0,0.0,0
veh_6580,0,0,0,1,0,0.0,0.0,0
veh_6581,0,0,0,1,0,0.0,0.0,1
veh_6582,0,0,0,1,0,0.0,0.0,1
veh_6583,0,0,0,1,0,0.0,0.0,1
veh_6584,0,0,0,1,0,0.0,0.0,1
veh_6585,0,0,0,1,0,0.0,0.0,1
veh_6586,0,0,0,1,0,0.0,0.0,0
veh_6587,0,0,0,1,0,0.0,0.0,1
veh_6588,0,0,0,1,0,0.0,0.0,0
veh_6589,0,0,0,1,0,0.0,0.0,1
veh_6590,0,0,0,1,0,0.0,0.0,1
veh_6591,0,0,0,1,0,0.0,0.0,1
veh_6592,0,0,0,1,0,0.0,0.0,0
veh_6593,0,0,0,1,0,0.0,0.0,1
veh_6594,0,0,0,1,0,0.0,0.0,0
veh_6595,0,0,0,1,0,0.0,0.0,1
veh_6596,0,0,0,1,0,0.0,0.0,1
veh_6597,0,0,0,1,0,0.0,0.0,1
veh_6598,0,0,0,1,0,0.0,0.0,1
veh_6599,0,0,0,1,0,0.0,0.0,1
veh_6600,0,0,0,1,0,0.0,0.0,0
veh_6601,0,0,0,1,0,0.0,0.0,1
veh_6602,0,0,0,1,0,0.0,0.0,1
veh_6603,0,0,0,1,0,0.0,0.0,0
veh_6604,0,0,0,1,0,0.0,0.0,0
veh_6605,0,0,0,1,0,0.0,0.0,0
veh_6606,0,0,0,1,0,0.0,0.0,1
veh_6607,0,0,0,1,0,0.0,0.0,1
veh_6608,0,0,0,1,0,0.0,0.0,1
veh_6609,0,0,0,1,0,0.0,0.0,1
veh_6610,0,0,0,1,0,0.0,0.0,1
veh_6611,0,0,0,1,0,0.0,0.0,1
veh_6612,0,0,0,1,0,0.0,0.0,1
veh_6613,0,0,0,1,0,0.0,0.0,1
veh_6614,0,0,0,1,0,0.0,0.0,1
veh_6615,0,0,0,1,0,0.0,0.0,1
veh_6616,0,0,0,1,0,0.0,0.0,1
veh_6617,0,0,0,1,0,0.0,0.0,1
veh_6618,0,0,0,1,0,0.0,0.0,1
veh_6619,0,0,0,1,0,0.0,0.0,0
veh_6620,0,0,0,1,0,0.0,0.0,1
veh_6621,0,0,0,1,0,0.0,0.0,1
veh_6622,0,0,0,1,0,0.0,0.0,1
veh_6623,0,0,0,1,0,0.0,0.0,1
veh_6624,0,0,0,1,0,0.0,0.0,1
veh_6625,0,0,0,1,0,0.0,0.0,1
veh_6626,0,0,0,1,0,0.0,0.0,1
veh_6627,0,0,0,1,0,0.0,0.0,1
veh_6628,0,0,0,1,0,0.0,0.0,1
veh_6629,0,0,0,1,0,0.0,0.0,0
veh_6630,0,0,0,1,0,0.0,0.0,1
veh_6631,0,0,0,1,0,0.0,0.0,1
veh_6632,0,0,0,1,0,0.0,0.0,1
veh_6633,0,0,0,1,0,0.0,0.0,0
veh_6634,0,0,0,1,0,0.0,0.0,1
veh_6635,0,0,0,1,0,0.0,0.0,1
veh_6636,0,0,0,1,0,0.0,0.0,1
veh_6637,0,0,0,1,0,0.0,0.0,1
veh_6638,0,0,0,1,0,0.0,0.0,1
veh_6639,0,0,0,1,0,0.0,0.0,1
veh_6640,0,0,0,1,0,0.0,0.0,1
veh_6641,0,0,0,1,0,0.0,0.0,1
veh_6642,0,0,0,1,0,0.0,0.0,1
veh_6643,0,0,0,1,0,0.0,0.0,1
veh_6644,0,0,0,1,0,0.0,0.0,1
veh_6645,0,0,0,1,0,0.0,0.0,1
veh_6646,0,0,0,1,0,0.0,0.0,1
veh_6647,0,0,0,1,0,0.0,0.0,1
veh_6648,0,0,0,1,0,0.0,0.0,1
veh_6649,0,0,0,1,0,0.0,0.0,1
veh_6650,0,0,0,1,0,0.0,0.0,1
veh_6651,0,0,0,1,0,0.0,0.0,1
veh_6652,0,0,0,1,0,0.0,0.0,1
veh_6653,0,0,0,1,0,0.0,0.0,1
veh_6654,0,0,0,1,0,0.0,0.0,1
veh_6655,0,0,0,1,0,0.0,0.0,0
veh_6656,0,0,0,1,0,0.0,0.0,1
veh_6657,0,0,0,1,0,0.0,0.0,1
veh_6658,0,0,0,1,0,0.0,0.0,1
veh_6659,0,0,0,1,0,0.0,0.0,1
veh_6660,0,0,0,1,0,0.0,0.0,1
veh_6661,0,0,0,1,0,0.0,0.0,0
veh_6662,0,0,0,1,0,0.0,0.0,1
veh_6663,0,0,0,1,0,0.0,0.0,1
veh_6664,0,0,0,1,0,0.0,0.0,1
veh_6665,0,0,0,1,0,0.0,0.0,1
veh_6666,0,0,0,1,0,0.0,0.0,0
veh_6667,0,0,0,1,0,0.0,0.0,1
veh_6668,0,0,0,1,0,0.0,0.0,1
veh_6669,0,0,0,1,0,0.0,0.0,1
veh_6670,0,0,0,1,0,0.0,0.0,1
veh_6671,0,0,0,1,0,0.0,0.0,1
veh_6672,0,0,0,1,0,0.0,0.0,1
veh_6673,0,0,0,1,0,0.0,0.0,1
veh_6674,0,0,0,1,0,0.0,0.0,1
veh_6675,0,0,0,1,0,0.0,0.0,1
veh_6676,0,0,0,1,0,0.0,0.0,1
veh_6677,0,0,0,1,0,0.0,0.0,1
veh_6678,0,0,0,1,0,0.0,0.0,1
veh_6679,0,0,0,1,0,0.0,0.0,1
veh_6680,0,0,0,1,0,0.0,0.0,1
veh_6681,0,0,0,1,0,0.0,0.0,0
veh_6682,0,0,0,1,0,0.0,0.0,1
veh_6683,0,0,0,1,0,0.0,0.0,0
veh_6684,0,0,0,1,0,0.0,0.0,1
veh_6685,0,0,0,1,0,0.0,0.0,1
veh_6686,0,0,0,1,0,0.0,0.0,1
veh_6687,0,0,0,1,0,0.0,0.0,1
veh_6688,0,0,0,1,0,0.0,0.0,1
veh_6689,0,0,0,1,0,0.0,0.0,0
veh_6690,0,0,0,1,0,0.0,0.0,1
veh_6691,0,0,0,1,0,0.0,0.0,1
veh_6692,0,0,0,1,0,0.0,0.0,1
veh_6693,0,0,0,1,0,0.0,0.0,1
veh_6694,0,0,0,1,0,0.0,0.0,1
veh_6695,0,0,0,1,0,0.0,0.0,1
veh_6696,0,0,0,1,0,0.0,0.0,1
veh_6697,0,0,0,1,0,0.0,0.0,1
veh_6698,0,0,0,1,0,0.0,0.0,1
veh_6699,0,0,0,1,0,0.0,0.0,1
veh_6700,0,0,0,1,0,0.0,0.0,1
veh_6701,0,0,0,1,0,0.0,0.0,1
veh_6702,0,0,0,1,0,0.0,0.0,1
veh_6703,0,0,0,1,0,0.0,0.0,0
veh_6704,0,0,0,1,0,0.0,0.0,1
veh_6705,0,0,0,1,0,0.0,0.0,1
veh_6706,0,0,0,1,0,0.0,0.0,1
veh_6707,0,0,0,1,0,0.0,0.0,0
veh_6708,0,0,0,1,0,0.0,0.0,1
veh_6709,0,0,0,1,0,0.0,0.0,0
veh_6710,0,0,0,1,0,0.0,0.0,1
veh_6711,0,0,0,1,0,0.0,0.0,1
veh_6712,0,0,0,1,0,0.0,0.0,0
veh_6713,0,0,0,1,0,0.0,0.0,0
veh_6714,0,0,0,1,0,0.0,0.0,0
veh_6715,0,0,0,1,0,0.0,0.0,1
veh_6716,0,0,0,1,0,0.0,0.0,1
veh_6717,0,0,0,1,0,0.0,0.0,1
veh_6718,0,0,0,1,0,0.0,0.0,0
veh_6719,0,0,0,1,0,0.0,0.0,1
veh_6720,0,0,0,1,0,0.0,0.0,0
veh_6721,0,0,0,1,0,0.0,0.0,1
veh_6722,0,0,0,1,0,0.0,0.0,0
veh_6723,0,0,0,1,0,0.0,0.0,0
veh_6724,0,0,0,1,0,0.0,0.0,0
veh_6725,0,0,0,1,0,0.0,0.0,1
veh_6726,0,0,0,1,0,0.0,0.0,1
veh_6727,0,0,0,1,0,0.0,0.0,1
veh_6728,0,0,0,1,0,0.0,0.0,0
veh_6729,0,0,0,1,0,0.0,0.0,1
veh_6730,0,0,0,1,0,0.0,0.0,1
veh_6731,0,0,0,1,0,0.0,0.0,1
veh_6732,0,0,0,1,0,0.0,0.0,1
veh_6733,0,0,0,1,0,0.0,0.0,0
veh_6734,0,0,0,1,0,0.0,0.0,0
veh_6735,0,0,0,1,0,0.0,0.0,1
veh_6736,0,0,0,1,0,0.0,0.0,1
veh_6737,0,0,0,1,0,0.0,0.0,1
veh_6738,0,0,0,1,0,0.0,0.0,1
veh_6739,0,0,0,1,0,0.0,0.0,1
veh_6740,0,0,0,1,0,0.0,0.0,1
veh_6741,0,0,0,1,0,0.0,0.0,0
veh_6742,0,0,0,1,0,0.0,0.0,0
veh_6743,0,0,0,1,0,0.0,0.0,1
veh_6744,0,0,0,1,0,0.0,0.0,1
veh_6745,0,0,0,1,0,0.0,0.0,1
veh_6746,0,0,0,1,0,0.0,0.0,0
veh_6747,0,0,0,1,0,0.0,0.0,0
veh_6748,0,0,0,1,0,0.0,0.0,1
veh_6749,0,0,0,1,0,0.0,0.0,1
veh_6750,0,0,0,1,0,0.0,0.0,0
veh_6751,0,0,0,1,0,0.0,0.0,1
veh_6752,0,0,0,1,0,0.0,0.0,0
veh_6753,0,0,0,1,0,0.0,0.0,1
veh_6754,0,0,0,1,0,0.0,0.0,0
veh_6755,0,0,0,1,0,0.0,0.0,1
veh_6756,0,0,0,1,0,0.0,0.0,1
veh_6757,0,0,0,1,0,0.0,0.0,1
veh_6758,0,0,0,1,0,0.0,0.0,1
veh_6759,0,0,0,1,0,0.0,0.0,0
veh_6760,0,0,0,1,0,0.0,0.0,1
veh_6761,0,0,0,1,0,0.0,0.0,0
veh_6762,0,0,0,1,0,0.0,0.0,1
veh_6763,0,0,0,1,0,0.0,0.0,0
veh_6764,0,0,0,1,0,0.0,0.0,0
veh_6765,0,0,0,1,0,0.0,0.0,1
veh_6766,0,0,0,1,0,0.0,0.0,1
veh_6767,0,0,0,1,0,0.0,0.0,1
veh_6768,0,0,0,1,0,0.0,0.0,1
veh_6769,0,0,0,1,0,0.0,0.0,1
veh_6770,0,0,0,1,0,0.0,0.0,1
veh_6771,0,0,0,1,0,0.0,0.0,0
veh_6772,0,0,0,1,0,0.0,0.0,0
veh_6773,0,0,0,1,0,0.0,0.0,1
veh_6774,0,0,0,1,0,0.0,0.0,1
veh_6775,0,0,0,1,0,0.0,0.0,1
veh_6776,0,0,0,1,0,0.0,0.0,0
veh_6777,0,0,0,1,0,0.0,0.0,1
veh_6778,0,0,0,1,0,0.0,0.0,1
veh_6779,0,0,0,1,0,0.0,0.0,1
veh_6780,0,0,0,1,0,0.0,0.0,0
veh_6781,0,0,0,1,0,0.0,0.0,1
veh_6782,0,0,0,1,0,0.0,0.0,0
veh_6783,0,0,0,1,0,0.0,0.0,1
veh_6784,0,0,0,1,0,0.0,0.0,1
veh_6785,0,0,0,1,0,0.0,0.0,0
veh_6786,0,0,0,1,0,0.0,0.0,0
veh_6787,0,0,0,1,0,0.0,0.0,1
veh_6788,0,0,0,1,0,0.0,0.0,0
veh_6789,0,0,0,1,0,0.0,0.0,1
veh_6790,0,0,0,1,0,0.0,0.0,1
veh_6791,0,0,0,1,0,0.0,0.0,1
veh_6792,0,0,0,1,0,0.0,0.0,0
veh_6793,0,0,0,1,0,0.0,0.0,0
veh_6794,0,0,0,1,0,0.0,0.0,1
veh_6795,0,0,0,1,0,0.0,0.0,0
veh_6796,0,0,0,1,0,0.0,0.0,0
veh_6797,0,0,0,1,0,0.0,0.0,0
veh_6798,0,0,0,1,0,0.0,0.0,0
veh_6799,0,0,0,1,0,0.0,0.0,1
veh_6800,0,0,0,1,0,0.0,0.0,1
veh_6801,0,0,0,1,0,0.0,0.0,1
veh_6802,0,0,0,1,0,0.0,0.0,1
veh_6803,0,0,0,1,0,0.0,0.0,1
veh_6804,0,0,0,1,0,0.0,0.0,0
veh_6805,0,0,0,1,0,0.0,0.0,1
veh_6806,0,0,0,1,0,0.0,0.0,1
veh_6807,0,0,0,1,0,0.0,0.0,1
veh_6808,0,0,0,1,0,0.0,0.0,1
veh_6809,0,0,0,1,0,0.0,0.0,1
veh_6810,0,0,0,1,0,0.0,0.0,1
veh_6811,0,0,0,1,0,0.0,0.0,1
veh_6812,0,0,0,1,0,0.0,0.0,1
veh_6813,0,0,0,1,0,0.0,0.0,1
veh_6814,0,0,0,1,0,0.0,0.0,1
veh_6815,0,0,0,1,0,0.0,0.0,0
veh_6816,0,0,0,1,0,0.0,0.0,1
veh_6817,0,0,0,1,0,0.0,0.0,1
veh_6818,0,0,0,1,0,0.0,0.0,1
veh_6819,0,0,0,1,0,0.0,0.0,0
veh_6820,0,0,0,1,0,0.0,0.0,0
veh_6821,0,0,0,1,0,0.0,0.0,1
veh_6822,0,0,0,1,0,0.0,0.0,1
veh_6823,0,0,0,1,0,0.0,0.0,1
veh_6824,0,0,0,1,0,0.0,0.0,1
veh_6825,0,0,0,1,0,0.0,0.0,1
veh_6826,0,0,0,1,0,0.0,0.0,1
veh_6827,0,0,0,1,0,0.0,0.0,1
veh_6828,0,0,0,1,0,0.0,0.0,1
veh_6829,0,0,0,1,0,0.0,0.0,0
veh_6830,0,0,0,1,0,0.0,0.0,1
veh_6831,0,0,0,1,0,0.0,0.0,0
veh_6832,0,0,0,1,0,0.0,0.0,1
veh_6833,0,0,0,1,0,0.0,0.0,1
veh_6834,0,0,0,1,0,0.0,0.0,1
veh_6835,0,0,0,1,0,0.0,0.0,1
veh_6836,0,0,0,1,0,0.0,0.0,1
veh_6837,0,0,0,1,0,0.0,0.0,0
veh_6838,0,0,0,1,0,0.0,0.0,1
veh_6839,0,0,0,1,0,0.0,0.0,1
veh_6840,0,0,0,1,0,0.0,0.0,1
veh_6841,0,0,0,1,0,0.0,0.0,1
veh_6842,0,0,0,1,0,0.0,0.0,1
veh_6843,0,0,0,1,0,0.0,0.0,1
veh_6844,0,0,0,1,0,0.0,0.0,1
veh_6845,0,0,0,1,0,0.0,0.0,1
veh_6846,0,0,0,1,0,0.0,0.0,1
veh_6847,0,0,0,1,0,0.0,0.0,0
veh_6848,0,0,0,1,0,0.0,0.0,1
veh_6849,0,0,0,1,0,0.0,0.0,0
veh_6850,0,0,0,1,0,0.0,0.0,1
veh_6851,0,0,0,1,0,0.0,0.0,1
veh_6852,0,0,0,1,0,0.0,0.0,0
veh_6853,0,0,0,1,0,0.0,0.0,0
veh_6854,0,0,0,1,0,0.0,0.0,1
veh_6855,0,0,0,1,0,0.0,0.0,1
veh_6856,0,0,0,1,0,0.0,0.0,1
veh_6857,0,0,0,1,0,0.0,0.0,1
veh_6858,0,0,0,1,0,0.0,0.0,0
veh_6859,0,0,0,1,0,0.0,0.0,0
veh_6860,0,0,0,1,0,0.0,0.0,0
veh_6861,0,0,0,1,0,0.0,0.0,1
veh_6862,0,0,0,1,0,0.0,0.0,0
veh_6863,0,0,0,1,0,0.0,0.0,0
veh_6864,0,0,0,1,0,0.0,0.0,0
veh_6865,0,0,0,1,0,0.0,0.0,0
veh_6866,0,0,0,1,0,0.0,0.0,1
veh_6867,0,0,0,1,0,0.0,0.0,1
veh_6868,0,0,0,1,0,0.0,0.0,0
veh_6869,0,0,0,1,0,0.0,0.0,1
veh_6870,0,0,0,1,0,0.0,0.0,0
veh_6871,0,0,0,1,0,0.0,0.0,1
veh_6872,0,0,0,1,0,0.0,0.0,1
veh_6873,0,0,0,1,0,0.0,0.0,1
veh_6874,0,0,0,1,0,0.0,0.0,1
veh_6875,0,0,0,1,0,0.0,0.0,0
veh_6876,0,0,0,1,0,0.0,0.0,0
veh_6877,0,0,0,1,0,0.0,0.0,1
veh_6878,0,0,0,1,0,0.0,0.0,0
veh_6879,0,0,0,1,0,0.0,0.0,1
veh_6880,0,0,0,1,0,0.0,0.0,1
veh_6881,0,0,0,1,0,0.0,0.0,1
veh_6882,0,0,0,1,0,0.0,0.0,1
veh_6883,0,0,0,1,0,0.0,0.0,1
veh_6884,0,0,0,1,0,0.0,0.0,1
veh_6885,0,0,0,1,0,0.0,0.0,1
veh_6886,0,0,0,1,0,0.0,0.0,1
veh_6887,0,0,0,1,0,0.0,0.0,1
veh_6888,0,0,0,1,0,0.0,0.0,1
veh_6889,0,0,0,1,0,0.0,0.0,0
veh_6890,0,0,0,1,0,0.0,0.0,1
veh_6891,0,0,0,1,0,0.0,0.0,1
veh_6892,0,0,0,1,0,0.0,0.0,1
veh_6893,0,0,0,1,0,0.0,0.0,0
veh_6894,0,0,0,1,0,0.0,0.0,0
veh_6895,0,0,0,1,0,0.0,0.0,1
veh_6896,0,0,0,1,0,0.0,0.0,1
veh_6897,0,0,0,1,0,0.0,0.0,1
veh_6898,0,0,0,1,0,0.0,0.0,1
veh_6899,0,0,0,1,0,0.0,0.0,1
veh_6900,0,0,0,1,0,0.0,0.0,1
veh_6901,0,0,0,1,0,0.0,0.0,1
veh_6902,0,0,0,1,0,0.0,0.0,1
veh_6903,0,0,0,1,0,0.0,0.0,1
veh_6904,0,0,0,1,0,0.0,0.0,1
veh_6905,0,0,0,1,0,0.0,0.0,1
veh_6906,0,0,0,1,0,0.0,0.0,1
veh_6907,0,0,0,1,0,0.0,0.0,1
veh_6908,0,0,0,1,0,0.0,0.0,1
veh_6909,0,0,0,1,0,0.0,0.0,1
veh_6910,0,0,0,1,0,0.0,0.0,0
veh_6911,0,0,0,1,0,0.0,0.0,1
veh_6912,0,0,0,1,0,0.0,0.0,1
veh_6913,0,0,0,1,0,0.0,0.0,0
veh_6914,0,0,0,1,0,0.0,0.0,1
veh_6915,0,0,0,1,0,0.0,0.0,1
veh_6916,0,0,0,1,0,0.0,0.0,0
veh_6917,0,0,0,1,0,0.0,0.0,1
veh_6918,0,0,0,1,0,0.0,0.0,1
veh_6919,0,0,0,1,0,0.0,0.0,1
veh_6920,0,0,0,1,0,0.0,0.0,1
veh_6921,0,0,0,1,0,0.0,0.0,1
veh_6922,0,0,0,1,0,0.0,0.0,1
veh_6923,0,0,0,1,0,0.0,0.0,1
veh_6924,0,0,0,1,0,0.0,0.0,0
veh_6925,0,0,0,1,0,0.0,0.0,1
veh_6926,0,0,0,1,0,0.0,0.0,1
veh_6927,0,0,0,1,0,0.0,0.0,1
veh_6928,0,0,0,1,0,0.0,0.0,0
veh_6929,0,0,0,1,0,0.0,0.0,1
veh_6930,0,0,0,1,0,0.0,0.0,1
veh_6931,0,0,0,1,0,0.0,0.0,0
veh_6932,0,0,0,1,0,0.0,0.0,1
veh_6933,0,0,0,1,0,0.0,0.0,1
veh_6934,0,0,0,1,0,0.0,0.0,1
veh_6935,0,0,0,1,0,0.0,0.0,0
veh_6936,0,0,0,1,0,0.0,0.0,0
veh_6937,0,0,0,1,0,0.0,0.0,1
veh_6938,0,0,0,1,0,0.0,0.0,1
veh_6939,0,0,0,1,0,0.0,0.0,0
veh_6940,0,0,0,1,0,0.0,0.0,1
veh_6941,0,0,0,1,0,0.0,0.0,1
veh_6942,0,0,0,1,0,0.0,0.0,0
veh_6943,0,0,0,1,0,0.0,0.0,1
veh_6944,0,0,0,1,0,0.0,0.0,1
veh_6945,0,0,0,1,0,0.0,0.0,1
veh_6946,0,0,0,1,0,0.0,0.0,1
veh_6947,0,0,0,1,0,0.0,0.0,1
veh_6948,0,0,0,1,0,0.0,0.0,1
veh_6949,0,0,0,1,0,0.0,0.0,1
veh_6950,0,0,0,1,0,0.0,0.0,0
veh_6951,0,0,0,1,0,0.0,0.0,1
veh_6952,0,0,0,1,0,0.0,0.0,1
veh_6953,0,0,0,1,0,0.0,0.0,1
veh_6954,0,0,0,1,0,0.0,0.0,1
veh_6955,0,0,0,1,0,0.0,0.0,1
veh_6956,0,0,0,1,0,0.0,0.0,1
veh_6957,0,0,0,1,0,0.0,0.0,1
veh_6958,0,0,0,1,0,0.0,0.0,1
veh_6959,0,0,0,1,0,0.0,0.0,1
veh_6960,0,0,0,1,0,0.0,0.0,1
veh_6961,0,0,0,1,0,0.0,0.0,1
veh_6962,0,0,0,1,0,0.0,0.0,0
veh_6963,0,0,0,1,0,0.0,0.0,1
veh_6964,0,0,0,1,0,0.0,0.0,0
veh_6965,0,0,0,1,0,0.0,0.0,0
veh_6966,0,0,0,1,0,0.0,0.0,0
veh_6967,0,0,0,1,0,0.0,0.0,0
veh_6968,0,0,0,1,0,0.0,0.0,1
veh_6969,0,0,0,1,0,0.0,0.0,1
veh_6970,0,0,0,1,0,0.0,0.0,1
veh_6971,0,0,0,1,0,0.0,0.0,1
veh_6972,0,0,0,1,0,0.0,0.0,1
veh_6973,0,0,0,1,0,0.0,0.0,1
veh_6974,0,0,0,1,0,0.0,0.0,1
veh_6975,0,0,0,1,0,0.0,0.0,1
veh_6976,0,0,0,1,0,0.0,0.0,1
veh_6977,0,0,0,1,0,0.0,0.0,1
veh_6978,0,0,0,1,0,0.0,0.0,0
veh_6979,0,0,0,1,0,0.0,0.0,1
veh_6980,0,0,0,1,0,0.0,0.0,0
veh_6981,0,0,0,1,0,0.0,0.0,0
veh_6982,0,0,0,1,0,0.0,0.0,1
veh_6983,0,0,0,1,0,0.0,0.0,1
veh_6984,0,0,0,1,0,0.0,0.0,0
veh_6985,0,0,0,1,0,0.0,0.0,1
veh_6986,0,0,0,1,0,0.0,0.0,1
veh_6987,0,0,0,1,0,0.0,0.0,1
veh_6988,0,0,0,1,0,0.0,0.0,1
veh_6989,0,0,0,1,0,0.0,0.0,1
veh_6990,0,0,0,1,0,0.0,0.0,1
veh_6991,0,0,0,1,0,0.0,0.0,1
veh_6992,0,0,0,1,0,0.0,0.0,1
veh_6993,0,0,0,1,0,0.0,0.0,1
veh_6994,0,0,0,1,0,0.0,0.0,1
veh_6995,0,0,0,1,0,0.0,0.0,1
veh_6996,0,0,0,1,0,0.0,0.0,1
veh_6997,0,0,0,1,0,0.0,0.0,1
veh_6998,0,0,0,1,0,0.0,0.0,1
veh_6999,0,0,0,1,0,0.0,0.0,1
veh_7000,0,0,0,1,0,0.0,0.0,0
veh_7001,0,0,0,1,0,0.0,0.0,0
veh_7002,0,0,0,1,0,0.0,0.0,1
veh_7003,0,0,0,1,0,0.0,0.0,1
veh_7004,0,0,0,1,0,0.0,0.0,0
veh_7005,0,0,0,1,0,0.0,0.0,1
veh_7006,0,0,0,1,0,0.0,0.0,1
veh_7007,0,0,0,1,0,0.0,0.0,1
veh_7008,0,0,0,1,0,0.0,0.0,1
veh_7009,0,0,0,1,0,0.0,0.0,0
veh_7010,0,0,0,1,0,0.0,0.0,1
veh_7011,0,0,0,1,0,0.0,0.0,1
veh_7012,0,0,0,1,0,0.0,0.0,1
veh_7013,0,0,0,1,0,0.0,0.0,1
veh_7014,0,0,0,1,0,0.0,0.0,1
veh_7015,0,0,0,1,0,0.0,0.0,1
veh_7016,0,0,0,1,0,0.0,0.0,0
veh_7017,0,0,0,1,0,0.0,0.0,1
veh_7018,0,0,0,1,0,0.0,0.0,1
veh_7019,0,0,0,1,0,0.0,0.0,0
veh_7020,0,0,0,1,0,0.0,0.0,1
veh_7021,0,0,0,1,0,0.0,0.0,0
veh_7022,0,0,0,1,0,0.0,0.0,1
veh_7023,0,0,0,1,0,0.0,0.0,1
veh_7024,0,0,0,1,0,0.0,0.0,1
veh_7025,0,0,0,1,0,0.0,0.0,1
veh_7026,0,0,0,1,0,0.0,0.0,1
veh_7027,0,0,0,1,0,0.0,0.0,1
veh_7028,0,0,0,1,0,0.0,0.0,1
veh_7029,0,0,0,1,0,0.0,0.0,1
veh_7030,0,0,0,1,0,0.0,0.0,1
veh_7031,0,0,0,1,0,0.0,0.0,1
veh_7032,0,0,0,1,0,0.0,0.0,1
veh_7033,0,0,0,1,0,0.0,0.0,1
veh_7034,0,0,0,1,0,0.0,0.0,1
veh_7035,0,0,0,1,0,0.0,0.0,1
veh_7036,0,0,0,1,0,0.0,0.0,1
veh_7037,0,0,0,1,0,0.0,0.0,1
veh_7038,0,0,0,1,0,0.0,0.0,0
veh_7039,0,0,0,1,0,0.0,0.0,1
veh_7040,0,0,0,1,0,0.0,0.0,1
veh_7041,0,0,0,1,0,0.0,0.0,0
veh_7042,0,0,0,1,0,0.0,0.0,0
veh_7043,0,0,0,1,0,0.0,0.0,1
veh_7044,0,0,0,1,0,0.0,0.0,1
veh_7045,0,0,0,1,0,0.0,0.0,1
veh_7046,0,0,0,1,0,0.0,0.0,0
veh_7047,0,0,0,1,0,0.0,0.0,1
veh_7048,0,0,0,1,0,0.0,0.0,1
veh_7049,0,0,0,1,0,0.0,0.0,1
veh_7050,0,0,0,1,0,0.0,0.0,0
veh_7051,0,0,0,1,0,0.0,0.0,1
veh_7052,0,0,0,1,0,0.0,0.0,0
veh_7053,0,0,0,1,0,0.0,0.0,1
veh_7054,0,0,0,1,0,0.0,0.0,0
veh_7055,0,0,0,1,0,0.0,0.0,1
veh_7056,0,0,0,1,0,0.0,0.0,1
veh_7057,0,0,0,1,0,0.0,0.0,1
veh_7058,0,0,0,1,0,0.0,0.0,1
veh_7059,0,0,0,1,0,0.0,0.0,1
veh_7060,0,0,0,1,0,0.0,0.0,1
veh_7061,0,0,0,1,0,0.0,0.0,0
veh_7062,0,0,0,1,0,0.0,0.0,1
veh_7063,0,0,0,1,0,0.0,0.0,0
veh_7064,0,0,0,1,0,0.0,0.0,1
veh_7065,0,0,0,1,0,0.0,0.0,1
veh_7066,0,0,0,1,0,0.0,0.0,1
veh_7067,0,0,0,1,0,0.0,0.0,0
veh_7068,0,0,0,1,0,0.0,0.0,0
veh_7069,0,0,0,1,0,0.0,0.0,1
veh_7070,0,0,0,1,0,0.0,0.0,0
veh_7071,0,0,0,1,0,0.0,0.0,1
veh_7072,0,0,0,1,0,0.0,0.0,0
veh_7073,0,0,0,1,0,0.0,0.0,1
veh_7074,0,0,0,1,0,0.0,0.0,0
veh_7075,0,0,0,1,0,0.0,0.0,1
veh_7076,0,0,0,1,0,0.0,0.0,1
veh_7077,0,0,0,1,0,0.0,0.0,1
veh_7078,0,0,0,1,0,0.0,0.0,1
veh_7079,0,0,0,1,0,0.0,0.0,1
veh_7080,0,0,0,1,0,0.0,0.0,1
veh_7081,0,0,0,1,0,0.0,0.0,0
veh_7082,0,0,0,1,0,0.0,0.0,1
veh_7083,0,0,0,1,0,0.0,0.0,1
veh_7084,0,0,0,1,0,0.0,0.0,1
veh_7085,0,0,0,1,0,0.0,0.0,1
veh_7086,0,0,0,1,0,0.0,0.0,0
veh_7087,0,0,0,1,0,0.0,0.0,1
veh_7088,0,0,0,1,0,0.0,0.0,0
veh_7089,0,0,0,1,0,0.0,0.0,1
veh_7090,0,0,0,1,0,0.0,0.0,1
veh_7091,0,0,0,1,0,0.0,0.0,1
veh_7092,0,0,0,1,0,0.0,0.0,1
veh_7093,0,0,0,1,0,0.0,0.0,0
veh_7094,0,0,0,1,0,0.0,0.0,1
veh_7095,0,0,0,1,0,0.0,0.0,0
veh_7096,0,0,0,1,0,0.0,0.0,1
veh_7097,0,0,0,1,0,0.0,0.0,1
veh_7098,0,0,0,1,0,0.0,0.0,1
veh_7099,0,0,0,1,0,0.0,0.0,1
veh_7100,0,0,0,1,0,0.0,0.0,1
veh_7101,0,0,0,1,0,0.0,0.0,1
veh_7102,0,0,0,1,0,0.0,0.0,0
veh_7103,0,0,0,1,0,0.0,0.0,1
veh_7104,0,0,0,1,0,0.0,0.0,0
veh_7105,0,0,0,1,0,0.0,0.0,1
veh_7106,0,0,0,1,0,0.0,0.0,0
veh_7107,0,0,0,1,0,0.0,0.0,0
veh_7108,0,0,0,1,0,0.0,0.0,1
veh_7109,0,0,0,1,0,0.0,0.0,1
veh_7110,0,0,0,1,0,0.0,0.0,0
veh_7111,0,0,0,1,0,0.0,0.0,1
veh_7112,0,0,0,1,0,0.0,0.0,1
veh_7113,0,0,0,1,0,0.0,0.0,0
veh_7114,0,0,0,1,0,0.0,0.0,1
veh_7115,0,0,0,1,0,0.0,0.0,0
veh_7116,0,0,0,1,0,0.0,0.0,0
veh_7117,0,0,0,1,0,0.0,0.0,1
veh_7118,0,0,0,1,0,0.0,0.0,1
veh_7119,0,0,0,1,0,0.0,0.0,1
veh_7120,0,0,0,1,0,0.0,0.0,1
veh_7121,0,0,0,1,0,0.0,0.0,1
veh_7122,0,0,0,1,0,0.0,0.0,0
veh_7123,0,0,0,1,0,0.0,0.0,1
veh_7124,0,0,0,1,0,0.0,0.0,1
veh_7125,0,0,0,1,0,0.0,0.0,1
veh_7126,0,0,0,1,0,0.0,0.0,1
veh_7127,0,0,0,1,0,0.0,0.0,1
veh_7128,0,0,0,1,0,0.0,0.0,1
veh_7129,0,0,0,1,0,0.0,0.0,1
veh_7130,0,0,0,1,0,0.0,0.0,1
veh_7131,0,0,0,1,0,0.0,0.0,1
veh_7132,0,0,0,1,0,0.0,0.0,1
veh_7133,0,0,0,1,0,0.0,0.0,1
veh_7134,0,0,0,1,0,0.0,0.0,1
veh_7135,0,0,0,1,0,0.0,0.0,0
veh_7136,0,0,0,1,0,0.0,0.0,1
veh_7137,0,0,0,1,0,0.0,0.0,1
veh_7138,0,0,0,1,0,0.0,0.0,1
veh_7139,0,0,0,1,0,0.0,0.0,1
veh_7140,0,0,0,1,0,0.0,0.0,1
veh_7141,0,0,0,1,0,0.0,0.0,0
veh_7142,0,0,0,1,0,0.0,0.0,0
veh_7143,0,0,0,1,0,0.0,0.0,1
veh_7144,0,0,0,1,0,0.0,0.0,1
veh_7145,0,0,0,1,0,0.0,0.0,1
veh_7146,0,0,0,1,0,0.0,0.0,1
veh_7147,0,0,0,1,0,0.0,0.0,1
veh_7148,0,0,0,1,0,0.0,0.0,1
veh_7149,0,0,0,1,0,0.0,0.0,1
veh_7150,0,0,0,1,0,0.0,0.0,1
veh_7151,0,0,0,1,0,0.0,0.0,1
veh_7152,0,0,0,1,0,0.0,0.0,1
veh_7153,0,0,0,1,0,0.0,0.0,1
veh_7154,0,0,0,1,0,0.0,0.0,0
veh_7155,0,0,0,1,0,0.0,0.0,1
veh_7156,0,0,0,1,0,0.0,0.0,1
veh_7157,0,0,0,1,0,0.0,0.0,1
veh_7158,0,0,0,1,0,0.0,0.0,1
veh_7159,0,0,0,1,0,0.0,0.0,1
veh_7160,0,0,0,1,0,0.0,0.0,0
veh_7161,0,0,0,1,0,0.0,0.0,1
veh_7162,0,0,0,1,0,0.0,0.0,1
veh_7163,0,0,0,1,0,0.0,0.0,1
veh_7164,0,0,0,1,0,0.0,0.0,1
veh_7165,0,0,0,1,0,0.0,0.0,0
veh_7166,0,0,0,1,0,0.0,0.0,1
veh_7167,0,0,0,1,0,0.0,0.0,1
veh_7168,0,0,0,1,0,0.0,0.0,1
veh_7169,0,0,0,1,0,0.0,0.0,1
veh_7170,0,0,0,1,0,0.0,0.0,1
veh_7171,0,0,0,1,0,0.0,0.0,1
veh_7172,0,0,0,1,0,0.0,0.0,1
veh_7173,0,0,0,1,0,0.0,0.0,0
veh_7174,0,0,0,1,0,0.0,0.0,1
veh_7175,0,0,0,1,0,0.0,0.0,1
veh_7176,0,0,0,1,0,0.0,0.0,1
veh_7177,0,0,0,1,0,0.0,0.0,1
veh_7178,0,0,0,1,0,0.0,0.0,1
veh_7179,0,0,0,1,0,0.0,0.0,1
veh_7180,0,0,0,1,0,0.0,0.0,1
veh_7181,0,0,0,1,0,0.0,0.0,1
veh_7182,0,0,0,1,0,0.0,0.0,0
veh_7183,0,0,0,1,0,0.0,0.0,0
veh_7184,0,0,0,1,0,0.0,0.0,1
veh_7185,0,0,0,1,0,0.0,0.0,1
veh_7186,0,0,0,1,0,0.0,0.0,1
veh_7187,0,0,0,1,0,0.0,0.0,1
veh_7188,0,0,0,1,0,0.0,0.0,0
veh_7189,0,0,0,1,0,0.0,0.0,1
veh_7190,0,0,0,1,0,0.0,0.0,1
veh_7191,0,0,0,1,0,0.0,0.0,1
veh_7192,0,0,0,1,0,0.0,0.0,1
veh_7193,0,0,0,1,0,0.0,0.0,1
veh_7194,0,0,0,1,0,0.0,0.0,0
veh_7195,0,0,0,1,0,0.0,0.0,1
veh_7196,0,0,0,1,0,0.0,0.0,1
veh_7197,0,0,0,1,0,0.0,0.0,1
veh_7198,0,0,0,1,0,0.0,0.0,1
veh_7199,0,0,0,1,0,0.0,0.0,0
veh_7200,0,0,0,1,0,0.0,0.0,1
veh_7201,0,0,0,1,0,0.0,0.0,1
veh_7202,0,0,0,1,0,0.0,0.0,1
veh_7203,0,0,0,1,0,0.0,0.0,1
veh_7204,0,0,0,1,0,0.0,0.0,1
veh_7205,0,0,0,1,0,0.0,0.0,1
veh_7206,0,0,0,1,0,0.0,0.0,1
veh_7207,0,0,0,1,0,0.0,0.0,1
veh_7208,0,0,0,1,0,0.0,0.0,1
veh_7209,0,0,0,1,0,0.0,0.0,1
veh_7210,0,0,0,1,0,0.0,0.0,1
veh_7211,0,0,0,1,0,0.0,0.0,0
veh_7212,0,0,0,1,0,0.0,0.0,1
veh_7213,0,0,0,1,0,0.0,0.0,1
veh_7214,0,0,0,1,0,0.0,0.0,1
veh_7215,0,0,0,1,0,0.0,0.0,1
veh_7216,0,0,0,1,0,0.0,0.0,1
veh_7217,0,0,0,1,0,0.0,0.0,1
veh_7218,0,0,0,1,0,0.0,0.0,1
veh_7219,0,0,0,1,0,0.0,0.0,1
veh_7220,0,0,0,1,0,0.0,0.0,1
veh_7221,0,0,0,1,0,0.0,0.0,1
veh_7222,0,0,0,1,0,0.0,0.0,1
veh_7223,0,0,0,1,0,0.0,0.0,1
veh_7224,0,0,0,1,0,0.0,0.0,1
veh_7225,0,0,0,1,0,0.0,0.0,1
veh_7226,0,0,0,1,0,0.0,0.0,1
veh_7227,0,0,0,1,0,0.0,0.0,0
veh_7228,0,0,0,1,0,0.0,0.0,0
veh_7229,0,0,0,1,0,0.0,0.0,1
veh_7230,0,0,0,1,0,0.0,0.0,1
veh_7231,0,0,0,1,0,0.0,0.0,1
veh_7232,0,0,0,1,0,0.0,0.0,0
veh_7233,0,0,0,1,0,0.0,0.0,1
veh_7234,0,0,0,1,0,0.0,0.0,1
veh_7235,0,0,0,1,0,0.0,0.0,1
veh_7236,0,0,0,1,0,0.0,0.0,1
veh_7237,0,0,0,1,0,0.0,0.0,1
veh_7238,0,0,0,1,0,0.0,0.0,1
veh_7239,0,0,0,1,0,0.0,0.0,0
veh_7240,0,0,0,1,0,0.0,0.0,1
veh_7241,0,0,0,1,0,0.0,0.0,1
veh_7242,0,0,0,1,0,0.0,0.0,0
veh_7243,0,0,0,1,0,0.0,0.0,0
veh_7244,0,0,0,1,0,0.0,0.0,1
veh_7245,0,0,0,1,0,0.0,0.0,1
veh_7246,0,0,0,1,0,0.0,0.0,0
veh_7247,0,0,0,1,0,0.0,0.0,1
veh_7248,0,0,0,1,0,0.0,0.0,1
veh_7249,0,0,0,1,0,0.0,0.0,0
veh_7250,0,0,0,1,0,0.0,0.0,0
veh_7251,0,0,0,1,0,0.0,0.0,0
veh_7252,0,0,0,1,0,0.0,0.0,0
veh_7253,0,0,0,1,0,0.0,0.0,1
veh_7254,0,0,0,1,0,0.0,0.0,0
veh_7255,0,0,0,1,0,0.0,0.0,1
veh_7256,0,0,0,1,0,0.0,0.0,0
veh_7257,0,0,0,1,0,0.0,0.0,1
veh_7258,0,0,0,1,0,0.0,0.0,1
veh_7259,0,0,0,1,0,0.0,0.0,1
veh_7260,0,0,0,1,0,0.0,0.0,1
veh_7261,0,0,0,1,0,0.0,0.0,0
veh_7262,0,0,0,1,0,0.0,0.0,1
veh_7263,0,0,0,1,0,0.0,0.0,1
veh_7264,0,0,0,1,0,0.0,0.0,0
veh_7265,0,0,0,1,0,0.0,0.0,1
veh_7266,0,0,0,1,0,0.0,0.0,1
veh_7267,0,0,0,1,0,0.0,0.0,0
veh_7268,0,0,0,1,0,0.0,0.0,1
veh_7269,0,0,0,1,0,0.0,0.0,0
veh_7270,0,0,0,1,0,0.0,0.0,1
veh_7271,0,0,0,1,0,0.0,0.0,1
veh_7272,0,0,0,1,0,0.0,0.0,1
veh_7273,0,0,0,1,0,0.0,0.0,1
veh_7274,0,0,0,1,0,0.0,0.0,1
veh_7275,0,0,0,1,0,0.0,0.0,1
veh_7276,0,0,0,1,0,0.0,0.0,1
veh_7277,0,0,0,1,0,0.0,0.0,1
veh_7278,0,0,0,1,0,0.0,0.0,1
veh_7279,0,0,0,1,0,0.0,0.0,1
veh_7280,0,0,0,1,0,0.0,0.0,1
veh_7281,0,0,0,1,0,0.0,0.0,1
veh_7282,0,0,0,1,0,0.0,0.0,1
veh_7283,0,0,0,1,0,0.0,0.0,1
veh_7284,0,0,0,1,0,0.0,0.0,1
veh_7285,0,0,0,1,0,0.0,0.0,0
veh_7286,0,0,0,1,0,0.0,0.0,1
veh_7287,0,0,0,1,0,0.0,0.0,1
veh_7288,0,0,0,1,0,0.0,0.0,1
veh_7289,0,0,0,1,0,0.0,0.0,1
veh_7290,0,0,0,1,0,0.0,0.0,1
veh_7291,0,0,0,1,0,0.0,0.0,1
veh_7292,0,0,0,1,0,0.0,0.0,1
veh_7293,0,0,0,1,0,0.0,0.0,1
veh_7294,0,0,0,1,0,0.0,0.0,1
veh_7295,0,0,0,1,0,0.0,0.0,1
veh_7296,0,0,0,1,0,0.0,0.0,1
veh_7297,0,0,0,1,0,0.0,0.0,1
veh_7298,0,0,0,1,0,0.0,0.0,1
veh_7299,0,0,0,1,0,0.0,0.0,0
veh_7300,0,0,0,1,0,0.0,0.0,1
veh_7301,0,0,0,1,0,0.0,0.0,1
veh_7302,0,0,0,1,0,0.0,0.0,1
veh_7303,0,0,0,1,0,0.0,0.0,1
veh_7304,0,0,0,1,0,0.0,0.0,0
veh_7305,0,0,0,1,0,0.0,0.0,1
veh_7306,0,0,0,1,0,0.0,0.0,1
veh_7307,0,0,0,1,0,0.0,0.0,0
veh_7308,0,0,0,1,0,0.0,0.0,1
veh_7309,0,0,0,1,0,0.0,0.0,1
veh_7310,0,0,0,1,0,0.0,0.0,1
veh_7311,0,0,0,1,0,0.0,0.0,1
veh_7312,0,0,0,1,0,0.0,0.0,1
veh_7313,0,0,0,1,0,0.0,0.0,1
veh_7314,0,0,0,1,0,0.0,0.0,1
veh_7315,0,0,0,1,0,0.0,0.0,0
veh_7316,0,0,0,1,0,0.0,0.0,1
veh_7317,0,0,0,1,0,0.0,0.0,1
veh_7318,0,0,0,1,0,0.0,0.0,1
veh_7319,0,0,0,1,0,0.0,0.0,1
veh_7320,0,0,0,1,0,0.0,0.0,1
veh_7321,0,0,0,1,0,0.0,0.0,1
veh_7322,0,0,0,1,0,0.0,0.0,1
veh_7323,0,0,0,1,0,0.0,0.0,1
veh_7324,0,0,0,1,0,0.0,0.0,1
veh_7325,0,0,0,1,0,0.0,0.0,1
veh_7326,0,0,0,1,0,0.0,0.0,0
veh_7327,0,0,0,1,0,0.0,0.0,1
veh_7328,0,0,0,1,0,0.0,0.0,1
veh_7329,0,0,0,1,0,0.0,0.0,1
veh_7330,0,0,0,1,0,0.0,0.0,1
veh_7331,0,0,0,1,0,0.0,0.0,0
veh_7332,0,0,0,1,0,0.0,0.0,1
veh_7333,0,0,0,1,0,0.0,0.0,1
veh_7334,0,0,0,1,0,0.0,0.0,0
veh_7335,0,0,0,1,0,0.0,0.0,1
veh_7336,0,0,0,1,0,0.0,0.0,0
veh_7337,0,0,0,1,0,0.0,0.0,1
veh_7338,0,0,0,1,0,0.0,0.0,0
veh_7339,0,0,0,1,0,0.0,0.0,1
veh_7340,0,0,0,1,0,0.0,0.0,1
veh_7341,0,0,0,1,0,0.0,0.0,1
veh_7342,0,0,0,1,0,0.0,0.0,1
veh_7343,0,0,0,1,0,0.0,0.0,1
veh_7344,0,0,0,1,0,0.0,0.0,1
veh_7345,0,0,0,1,0,0.0,0.0,1
veh_7346,0,0,0,1,0,0.0,0.0,1
veh_7347,0,0,0,1,0,0.0,0.0,1
veh_7348,0,0,0,1,0,0.0,0.0,0
veh_7349,0,0,0,1,0,0.0,0.0,1
veh_7350,0,0,0,1,0,0.0,0.0,0
veh_7351,0,0,0,1,0,0.0,0.0,1
veh_7352,0,0,0,1,0,0.0,0.0,1
veh_7353,0,0,0,1,0,0.0,0.0,0
veh_7354,0,0,0,1,0,0.0,0.0,1
veh_7355,0,0,0,1,0,0.0,0.0,1
veh_7356,0,0,0,1,0,0.0,0.0,1
veh_7357,0,0,0,1,0,0.0,0.0,1
veh_7358,0,0,0,1,0,0.0,0.0,1
veh_7359,0,0,0,1,0,0.0,0.0,1
veh_7360,0,0,0,1,0,0.0,0.0,0
veh_7361,0,0,0,1,0,0.0,0.0,1
veh_7362,0,0,0,1,0,0.0,0.0,1
veh_7363,0,0,0,1,0,0.0,0.0,1
veh_7364,0,0,0,1,0,0.0,0.0,1
veh_7365,0,0,0,1,0,0.0,0.0,1
veh_7366,0,0,0,1,0,0.0,0.0,1
veh_7367,0,0,0,1,0,0.0,0.0,1
veh_7368,0,0,0,1,0,0.0,0.0,1
veh_7369,0,0,0,1,0,0.0,0.0,0
veh_7370,0,0,0,1,0,0.0,0.0,1
veh_7371,0,0,0,1,0,0.0,0.0,1
veh_7372,0,0,0,1,0,0.0,0.0,1
veh_7373,0,0,0,1,0,0.0,0.0,1
veh_7374,0,0,0,1,0,0.0,0.0,1
veh_7375,0,0,0,1,0,0.0,0.0,1
veh_7376,0,0,0,1,0,0.0,0.0,1
veh_7377,0,0,0,1,0,0.0,0.0,1
veh_7378,0,0,0,1,0,0.0,0.0,0
veh_7379,0,0,0,1,0,0.0,0.0,1
veh_7380,0,0,0,1,0,0.0,0.0,1
veh_7381,0,0,0,1,0,0.0,0.0,0
veh_7382,0,0,0,1,0,0.0,0.0,1
veh_7383,0,0,0,1,0,0.0,0.0,1
veh_7384,0,0,0,1,0,0.0,0.0,1
veh_7385,0,0,0,1,0,0.0,0.0,0
veh_7386,0,0,0,1,0,0.0,0.0,1
veh_7387,0,0,0,1,0,0.0,0.0,1
veh_7388,0,0,0,1,0,0.0,0.0,1
veh_7389,0,0,0,1,0,0.0,0.0,1
veh_7390,0,0,0,1,0,0.0,0.0,0
veh_7391,0,0,0,1,0,0.0,0.0,1
veh_7392,0,0,0,1,0,0.0,0.0,1
veh_7393,0,0,0,1,0,0.0,0.0,1
veh_7394,0,0,0,1,0,0.0,0.0,1
veh_7395,0,0,0,1,0,0.0,0.0,1
veh_7396,0,0,0,1,0,0.0,0.0,1
veh_7397,0,0,0,1,0,0.0,0.0,1
veh_7398,0,0,0,1,0,0.0,0.0,1
veh_7399,0,0,0,1,0,0.0,0.0,1
veh_7400,0,0,0,1,0,0.0,0.0,1
veh_7401,0,0,0,1,0,0.0,0.0,1
veh_7402,0,0,0,1,0,0.0,0.0,1
veh_7403,0,0,0,1,0,0.0,0.0,1
veh_7404,0,0,0,1,0,0.0,0.0,1
veh_7405,0,0,0,1,0,0.0,0.0,1
veh_7406,0,0,0,1,0,0.0,0.0,1
veh_7407,0,0,0,1,0,0.0,0.0,1
veh_7408,0,0,0,1,0,0.0,0.0,1
veh_7409,0,0,0,1,0,0.0,0.0,1
veh_7410,0,0,0,1,0,0.0,0.0,1
veh_7411,0,0,0,1,0,0.0,0.0,1
veh_7412,0,0,0,1,0,0.0,0.0,1
veh_7413,0,0,0,1,0,0.0,0.0,0
veh_7414,0,0,0,1,0,0.0,0.0,1
veh_7415,0,0,0,1,0,0.0,0.0,1
veh_7416,0,0,0,1,0,0.0,0.0,1
veh_7417,0,0,0,1,0,0.0,0.0,1
veh_7418,0,0,0,1,0,0.0,0.0,0
veh_7419,0,0,0,1,0,0.0,0.0,1
veh_7420,0,0,0,1,0,0.0,0.0,1
veh_7421,0,0,0,1,0,0.0,0.0,1
veh_7422,0,0,0,1,0,0.0,0.0,1
veh_7423,0,0,0,1,0,0.0,0.0,1
veh_7424,0,0,0,1,0,0.0,0.0,1
veh_7425,0,0,0,1,0,0.0,0.0,1
veh_7426,0,0,0,1,0,0.0,0.0,1
veh_7427,0,0,0,1,0,0.0,0.0,1
veh_7428,0,0,0,1,0,0.0,0.0,0
veh_7429,0,0,0,1,0,0.0,0.0,1
veh_7430,0,0,0,1,0,0.0,0.0,1
veh_7431,0,0,0,1,0,0.0,0.0,1
veh_7432,0,0,0,1,0,0.0,0.0,1
veh_7433,0,0,0,1,0,0.0,0.0,1
veh_7434,0,0,0,1,0,0.0,0.0,1
veh_7435,0,0,0,1,0,0.0,0.0,1
veh_7436,0,0,0,1,0,0.0,0.0,1
veh_7437,0,0,0,1,0,0.0,0.0,1
veh_7438,0,0,0,1,0,0.0,0.0,1
veh_7439,0,0,0,1,0,0.0,0.0,1
veh_7440,0,0,0,1,0,0.0,0.0,1
veh_7441,0,0,0,1,0,0.0,0.0,1
veh_7442,0,0,0,1,0,0.0,0.0,0
veh_7443,0,0,0,1,0,0.0,0.0,1
veh_7444,0,0,0,1,0,0.0,0.0,1
veh_7445,0,0,0,1,0,0.0,0.0,1
veh_7446,0,0,0,1,0,0.0,0.0,1
veh_7447,0,0,0,1,0,0.0,0.0,1
veh_7448,0,0,0,1,0,0.0,0.0,0
veh_7449,0,0,0,1,0,0.0,0.0,1
veh_7450,0,0,0,1,0,0.0,0.0,1
veh_7451,0,0,0,1,0,0.0,0.0,1
veh_7452,0,0,0,1,0,0.0,0.0,0
veh_7453,0,0,0,1,0,0.0,0.0,1
veh_7454,0,0,0,1,0,0.0,0.0,1
veh_7455,0,0,0,1,0,0.0,0.0,1
veh_7456,0,0,0,1,0,0.0,0.0,1
veh_7457,0,0,0,1,0,0.0,0.0,1
veh_7458,0,0,0,1,0,0.0,0.0,1
veh_7459,0,0,0,1,0,0.0,0.0,1
veh_7460,0,0,0,1,0,0.0,0.0,1
veh_7461,0,0,0,1,0,0.0,0.0,1
veh_7462,0,0,0,1,0,0.0,0.0,0
veh_7463,0,0,0,1,0,0.0,0.0,1
veh_7464,0,0,0,1,0,0.0,0.0,1
veh_7465,0,0,0,1,0,0.0,0.0,1
veh_7466,0,0,0,1,0,0.0,0.0,1
veh_7467,0,0,0,1,0,0.0,0.0,1
veh_7468,0,0,0,1,0,0.0,0.0,1
veh_7469,0,0,0,1,0,0.0,0.0,1
veh_7470,0,0,0,1,0,0.0,0.0,0
veh_7471,0,0,0,1,0,0.0,0.0,1
veh_7472,0,0,0,1,0,0.0,0.0,1
veh_7473,0,0,0,1,0,0.0,0.0,1
veh_7474,0,0,0,1,0,0.0,0.0,0
veh_7475,0,0,0,1,0,0.0,0.0,1
veh_7476,0,0,0,1,0,0.0,0.0,1
veh_7477,0,0,0,1,0,0.0,0.0,1
veh_7478,0,0,0,1,0,0.0,0.0,1
veh_7479,0,0,0,1,0,0.0,0.0,1
veh_7480,0,0,0,1,0,0.0,0.0,1
veh_7481,0,0,0,1,0,0.0,0.0,1
veh_7482,0,0,0,1,0,0.0,0.0,1
veh_7483,0,0,0,1,0,0.0,0.0,1
veh_7484,0,0,0,1,0,0.0,0.0,1
veh_7485,0,0,0,1,0,0.0,0.0,1
veh_7486,0,0,0,1,0,0.0,0.0,1
veh_7487,0,0,0,1,0,0.0,0.0,1
veh_7488,0,0,0,1,0,0.0,0.0,1
veh_7489,0,0,0,1,0,0.0,0.0,0
veh_7490,0,0,0,1,0,0.0,0.0,1
veh_7491,0,0,0,1,0,0.0,0.0,1
veh_7492,0,0,0,1,0,0.0,0.0,1
veh_7493,0,0,0,1,0,0.0,0.0,1
veh_7494,0,0,0,1,0,0.0,0.0,0
veh_7495,0,0,0,1,0,0.0,0.0,1
veh_7496,0,0,0,1,0,0.0,0.0,1
veh_7497,0,0,0,1,0,0.0,0.0,1
veh_7498,0,0,0,1,0,0.0,0.0,1
veh_7499,0,0,0,1,0,0.0,0.0,1
veh_7500,0,0,0,1,0,0.0,0.0,1
veh_7501,0,0,0,1,0,0.0,0.0,1
veh_7502,0,0,0,1,0,0.0,0.0,1
veh_7503,0,0,0,1,0,0.0,0.0,1
veh_7504,0,0,0,1,0,0.0,0.0,1
veh_7505,0,0,0,1,0,0.0,0.0,0
veh_7506,0,0,0,1,0,0.0,0.0,1
veh_7507,0,0,0,1,0,0.0,0.0,1
veh_7508,0,0,0,1,0,0.0,0.0,1
veh_7509,0,0,0,1,0,0.0,0.0,0
veh_7510,0,0,0,1,0,0.0,0.0,1
veh_7511,0,0,0,1,0,0.0,0.0,1
veh_7512,0,0,0,1,0,0.0,0.0,1
veh_7513,0,0,0,1,0,0.0,0.0,1
veh_7514,0,0,0,1,0,0.0,0.0,1
veh_7515,0,0,0,1,0,0.0,0.0,1
veh_7516,0,0,0,1,0,0.0,0.0,1
veh_7517,0,0,0,1,0,0.0,0.0,1
veh_7518,0,0,0,1,0,0.0,0.0,1
veh_7519,0,0,0,1,0,0.0,0.0,1
veh_7520,0,0,0,1,0,0.0,0.0,0
veh_7521,0,0,0,1,0,0.0,0.0,1
veh_7522,0,0,0,1,0,0.0,0.0,1
veh_7523,0,0,0,1,0,0.0,0.0,0
veh_7524,0,0,0,1,0,0.0,0.0,1
veh_7525,0,0,0,1,0,0.0,0.0,1
veh_7526,0,0,0,1,0,0.0,0.0,1
veh_7527,0,0,0,1,0,0.0,0.0,1
veh_7528,0,0,0,1,0,0.0,0.0,1
veh_7529,0,0,0,1,0,0.0,0.0,1
veh_7530,0,0,0,1,0,0.0,0.0,1
veh_7531,0,0,0,1,0,0.0,0.0,0
veh_7532,0,0,0,1,0,0.0,0.0,0
veh_7533,0,0,0,1,0,0.0,0.0,1
veh_7534,0,0,0,1,0,0.0,0.0,1
veh_7535,0,0,0,1,0,0.0,0.0,1
veh_7536,0,0,0,1,0,0.0,0.0,0
veh_7537,0,0,0,1,0,0.0,0.0,1
veh_7538,0,0,0,1,0,0.0,0.0,1
veh_7539,0,0,0,1,0,0.0,0.0,0
veh_7540,0,0,0,1,0,0.0,0.0,1
veh_7541,0,0,0,1,0,0.0,0.0,1
veh_7542,0,0,0,1,0,0.0,0.0,1
veh_7543,0,0,0,1,0,0.0,0.0,1
veh_7544,0,0,0,1,0,0.0,0.0,1
veh_7545,0,0,0,1,0,0.0,0.0,0
veh_7546,0,0,0,1,0,0.0,0.0,1
veh_7547,0,0,0,1,0,0.0,0.0,0
veh_7548,0,0,0,1,0,0.0,0.0,1
veh_7549,0,0,0,1,0,0.0,0.0,1
veh_7550,0,0,0,1,0,0.0,0.0,1
veh_7551,0,0,0,1,0,0.0,0.0,1
veh_7552,0,0,0,1,0,0.0,0.0,1
veh_7553,0,0,0,1,0,0.0,0.0,1
veh_7554,0,0,0,1,0,0.0,0.0,0
veh_7555,0,0,0,1,0,0.0,0.0,1
veh_7556,0,0,0,1,0,0.0,0.0,1
veh_7557,0,0,0,1,0,0.0,0.0,1
veh_7558,0,0,0,1,0,0.0,0.0,1
veh_7559,0,0,0,1,0,0.0,0.0,1
veh_7560,0,0,0,1,0,0.0,0.0,0
veh_7561,0,0,0,1,0,0.0,0.0,1
veh_7562,0,0,0,1,0,0.0,0.0,1
veh_7563,0,0,0,1,0,0.0,0.0,1
veh_7564,0,0,0,1,0,0.0,0.0,1
veh_7565,0,0,0,1,0,0.0,0.0,1
veh_7566,0,0,0,1,0,0.0,0.0,1
veh_7567,0,0,0,1,0,0.0,0.0,1
veh_7568,0,0,0,1,0,0.0,0.0,0
veh_7569,0,0,0,1,0,0.0,0.0,1
veh_7570,0,0,0,1,0,0.0,0.0,1
veh_7571,0,0,0,1,0,0.0,0.0,1
veh_7572,0,0,0,1,0,0.0,0.0,1
veh_7573,0,0,0,1,0,0.0,0.0,1
veh_7574,0,0,0,1,0,0.0,0.0,1
veh_7575,0,0,0,1,0,0.0,0.0,1
veh_7576,0,0,0,1,0,0.0,0.0,1
veh_7577,0,0,0,1,0,0.0,0.0,1
veh_7578,0,0,0,1,0,0.0,0.0,0
veh_7579,0,0,0,1,0,0.0,0.0,1
veh_7580,0,0,0,1,0,0.0,0.0,1
veh_7581,0,0,0,1,0,0.0,0.0,1
veh_7582,0,0,0,1,0,0.0,0.0,1
veh_7583,0,0,0,1,0,0.0,0.0,1
veh_7584,0,0,0,1,0,0.0,0.0,1
veh_7585,0,0,0,1,0,0.0,0.0,1
veh_7586,0,0,0,1,0,0.0,0.0,1
veh_7587,0,0,0,1,0,0.0,0.0,1
veh_7588,0,0,0,1,0,0.0,0.0,1
veh_7589,0,0,0,1,0,0.0,0.0,1
veh_7590,0,0,0,1,0,0.0,0.0,1
veh_7591,0,0,0,1,0,0.0,0.0,1
veh_7592,0,0,0,1,0,0.0,0.0,1
veh_7593,0,0,0,1,0,0.0,0.0,1
veh_7594,0,0,0,1,0,0.0,0.0,1
veh_7595,0,0,0,1,0,0.0,0.0,1
veh_7596,0,0,0,1,0,0.0,0.0,1
veh_7597,0,0,0,1,0,0.0,0.0,1
veh_7598,0,0,0,1,0,0.0,0.0,1
veh_7599,0,0,0,1,0,0.0,0.0,1
veh_7600,0,0,0,1,0,0.0,0.0,1
veh_7601,0,0,0,1,0,0.0,0.0,1
veh_7602,0,0,0,1,0,0.0,0.0,1
veh_7603,0,0,0,1,0,0.0,0.0,1
veh_7604,0,0,0,1,0,0.0,0.0,1
veh_7605,0,0,0,1,0,0.0,0.0,1
veh_7606,0,0,0,1,0,0.0,0.0,0
veh_7607,0,0,0,1,0,0.0,0.0,1
veh_7608,0,0,0,1,0,0.0,0.0,1
veh_7609,0,0,0,1,0,0.0,0.0,1
veh_7610,0,0,0,1,0,0.0,0.0,1
veh_7611,0,0,0,1,0,0.0,0.0,1
veh_7612,0,0,0,1,0,0.0,0.0,1
veh_7613,0,0,0,1,0,0.0,0.0,1
veh_7614,0,0,0,1,0,0.0,0.0,1
veh_7615,0,0,0,1,0,0.0,0.0,1
veh_7616,0,0,0,1,0,0.0,0.0,1
veh_7617,0,0,0,1,0,0.0,0.0,1
veh_7618,0,0,0,1,0,0.0,0.0,1
veh_7619,0,0,0,1,0,0.0,0.0,1
veh_7620,0,0,0,1,0,0.0,0.0,1
veh_7621,0,0,0,1,0,0.0,0.0,1
veh_7622,0,0,0,1,0,0.0,0.0,1
veh_7623,0,0,0,1,0,0.0,0.0,1
veh_7624,0,0,0,1,0,0.0,0.0,1
veh_7625,0,0,0,1,0,0.0,0.0,1
veh_7626,0,0,0,1,0,0.0,0.0,1
veh_7627,0,0,0,1,0,0.0,0.0,1
veh_7628,0,0,0,1,0,0.0,0.0,1
veh_7629,0,0,0,1,0,0.0,0.0,1
veh_7630,0,0,0,1,0,0.0,0.0,1
veh_7631,0,0,0,1,0,0.0,0.0,1
veh_7632,0,0,0,1,0,0.0,0.0,1
veh_7633,0,0,0,1,0,0.0,0.0,0
veh_7634,0,0,0,1,0,0.0,0.0,1
veh_7635,0,0,0,1,0,0.0,0.0,1
veh_7636,0,0,0,1,0,0.0,0.0,1
veh_7637,0,0,0,1,0,0.0,0.0,1
veh_7638,0,0,0,1,0,0.0,0.0,1
veh_7639,0,0,0,1,0,0.0,0.0,1
veh_7640,0,0,0,1,0,0.0,0.0,1
veh_7641,0,0,0,1,0,0.0,0.0,1
veh_7642,0,0,0,1,0,0.0,0.0,1
veh_7643,0,0,0,1,0,0.0,0.0,1
veh_7644,0,0,0,1,0,0.0,0.0,1
veh_7645,0,0,0,1,0,0.0,0.0,1
veh_7646,0,0,0,1,0,0.0,0.0,1
veh_7647,0,0,0,1,0,0.0,0.0,1
veh_7648,0,0,0,1,0,0.0,0.0,1
veh_7649,0,0,0,1,0,0.0,0.0,1
veh_7650,0,0,0,1,0,0.0,0.0,1
veh_7651,0,0,0,1,0,0.0,0.0,0
veh_7652,0,0,0,1,0,0.0,0.0,1
veh_7653,0,0,0,1,0,0.0,0.0,1
veh_7654,0,0,0,1,0,0.0,0.0,0
veh_7655,0,0,0,1,0,0.0,0.0,1
veh_7656,0,0,0,1,0,0.0,0.0,1
veh_7657,0,0,0,1,0,0.0,0.0,1
veh_7658,0,0,0,1,0,0.0,0.0,1
veh_7659,0,0,0,1,0,0.0,0.0,1
veh_7660,0,0,0,1,0,0.0,0.0,1
veh_7661,0,0,0,1,0,0.0,0.0,1
veh_7662,0,0,0,1,0,0.0,0.0,1
veh_7663,0,0,0,1,0,0.0,0.0,0
veh_7664,0,0,0,1,0,0.0,0.0,1
veh_7665,0,0,0,1,0,0.0,0.0,1
veh_7666,0,0,0,1,0,0.0,0.0,0
veh_7667,0,0,0,1,0,0.0,0.0,0
veh_7668,0,0,0,1,0,0.0,0.0,1
veh_7669,0,0,0,1,0,0.0,0.0,1
veh_7670,0,0,0,1,0,0.0,0.0,1
veh_7671,0,0,0,1,0,0.0,0.0,1
veh_7672,0,0,0,1,0,0.0,0.0,1
veh_7673,0,0,0,1,0,0.0,0.0,1
veh_7674,0,0,0,1,0,0.0,0.0,1
veh_7675,0,0,0,1,0,0.0,0.0,1
veh_7676,0,0,0,1,0,0.0,0.0,1
veh_7677,0,0,0,1,0,0.0,0.0,1
veh_7678,0,0,0,1,0,0.0,0.0,1
veh_7679,0,0,0,1,0,0.0,0.0,1
veh_7680,0,0,0,1,0,0.0,0.0,0
veh_7681,0,0,0,1,0,0.0,0.0,1
veh_7682,0,0,0,1,0,0.0,0.0,1
veh_7683,0,0,0,1,0,0.0,0.0,0
veh_7684,0,0,0,1,0,0.0,0.0,0
veh_7685,0,0,0,1,0,0.0,0.0,1
veh_7686,0,0,0,1,0,0.0,0.0,1
veh_7687,0,0,0,1,0,0.0,0.0,1
veh_7688,0,0,0,1,0,0.0,0.0,1
veh_7689,0,0,0,1,0,0.0,0.0,1
veh_7690,0,0,0,1,0,0.0,0.0,1
veh_7691,0,0,0,1,0,0.0,0.0,0
veh_7692,0,0,0,1,0,0.0,0.0,1
veh_7693,0,0,0,1,0,0.0,0.0,1
veh_7694,0,0,0,1,0,0.0,0.0,1
veh_7695,0,0,0,1,0,0.0,0.0,1
veh_7696,0,0,0,1,0,0.0,0.0,0
veh_7697,0,0,0,1,0,0.0,0.0,1
veh_7698,0,0,0,1,0,0.0,0.0,1
veh_7699,0,0,0,1,0,0.0,0.0,1
veh_7700,0,0,0,1,0,0.0,0.0,1
veh_7701,0,0,0,1,0,0.0,0.0,1
veh_7702,0,0,0,1,0,0.0,0.0,1
veh_7703,0,0,0,1,0,0.0,0.0,1
veh_7704,0,0,0,1,0,0.0,0.0,1
veh_7705,0,0,0,1,0,0.0,0.0,1
veh_7706,0,0,0,1,0,0.0,0.0,0
veh_7707,0,0,0,1,0,0.0,0.0,0
veh_7708,0,0,0,1,0,0.0,0.0,1
veh_7709,0,0,0,1,0,0.0,0.0,1
veh_7710,0,0,0,1,0,0.0,0.0,1
veh_7711,0,0,0,1,0,0.0,0.0,1
veh_7712,0,0,0,1,0,0.0,0.0,1
veh_7713,0,0,0,1,0,0.0,0.0,0
veh_7714,0,0,0,1,0,0.0,0.0,1
veh_7715,0,0,0,1,0,0.0,0.0,1
veh_7716,0,0,0,1,0,0.0,0.0,1
veh_7717,0,0,0,1,0,0.0,0.0,0
veh_7718,0,0,0,1,0,0.0,0.0,0
veh_7719,0,0,0,1,0,0.0,0.0,1
veh_7720,0,0,0,1,0,0.0,0.0,1
veh_7721,0,0,0,1,0,0.0,0.0,1
veh_7722,0,0,0,1,0,0.0,0.0,1
veh_7723,0,0,0,1,0,0.0,0.0,1
veh_7724,0,0,0,1,0,0.0,0.0,1
veh_7725,0,0,0,1,0,0.0,0.0,0
veh_7726,0,0,0,1,0,0.0,0.0,0
veh_7727,0,0,0,1,0,0.0,0.0,1
veh_7728,0,0,0,1,0,0.0,0.0,1
veh_7729,0,0,0,1,0,0.0,0.0,1
veh_7730,0,0,0,1,0,0.0,0.0,1
veh_7731,0,0,0,1,0,0.0,0.0,1
veh_7732,0,0,0,1,0,0.0,0.0,1
veh_7733,0,0,0,1,0,0.0,0.0,1
veh_7734,0,0,0,1,0,0.0,0.0,1
veh_7735,0,0,0,1,0,0.0,0.0,0
veh_7736,0,0,0,1,0,0.0,0.0,1
veh_7737,0,0,0,1,0,0.0,0.0,1
veh_7738,0,0,0,1,0,0.0,0.0,0
veh_7739,0,0,0,1,0,0.0,0.0,1
veh_7740,0,0,0,1,0,0.0,0.0,1
veh_7741,0,0,0,1,0,0.0,0.0,1
veh_7742,0,0,0,1,0,0.0,0.0,1
veh_7743,0,0,0,1,0,0.0,0.0,1
veh_7744,0,0,0,1,0,0.0,0.0,1
veh_7745,0,0,0,1,0,0.0,0.0,1
veh_7746,0,0,0,1,0,0.0,0.0,1
veh_7747,0,0,0,1,0,0.0,0.0,0
veh_7748,0,0,0,1,0,0.0,0.0,1
veh_7749,0,0,0,1,0,0.0,0.0,0
veh_7750,0,0,0,1,0,0.0,0.0,1
veh_7751,0,0,0,1,0,0.0,0.0,1
veh_7752,0,0,0,1,0,0.0,0.0,1
veh_7753,0,0,0,1,0,0.0,0.0,1
veh_7754,0,0,0,1,0,0.0,0.0,0
veh_7755,0,0,0,1,0,0.0,0.0,0
veh_7756,0,0,0,1,0,0.0,0.0,1
veh_7757,0,0,0,1,0,0.0,0.0,1
veh_7758,0,0,0,1,0,0.0,0.0,1
veh_7759,0,0,0,1,0,0.0,0.0,1
veh_7760,0,0,0,1,0,0.0,0.0,0
veh_7761,0,0,0,1,0,0.0,0.0,1
veh_7762,0,0,0,1,0,0.0,0.0,1
veh_7763,0,0,0,1,0,0.0,0.0,0
veh_7764,0,0,0,1,0,0.0,0.0,1
veh_7765,0,0,0,1,0,0.0,0.0,1
veh_7766,0,0,0,1,0,0.0,0.0,1
veh_7767,0,0,0,1,0,0.0,0.0,1
veh_7768,0,0,0,1,0,0.0,0.0,1
veh_7769,0,0,0,1,0,0.0,0.0,1
veh_7770,0,0,0,1,0,0.0,0.0,1
veh_7771,0,0,0,1,0,0.0,0.0,1
veh_7772,0,0,0,1,0,0.0,0.0,1
veh_7773,0,0,0,1,0,0.0,0.0,1
veh_7774,0,0,0,1,0,0.0,0.0,0
veh_7775,0,0,0,1,0,0.0,0.0,1
veh_7776,0,0,0,1,0,0.0,0.0,1
veh_7777,0,0,0,1,0,0.0,0.0,1
veh_7778,0,0,0,1,0,0.0,0.0,1
veh_7779,0,0,0,1,0,0.0,0.0,0
veh_7780,0,0,0,1,0,0.0,0.0,1
veh_7781,0,0,0,1,0,0.0,0.0,0
veh_7782,0,0,0,1,0,0.0,0.0,0
veh_7783,0,0,0,1,0,0.0,0.0,1
veh_7784,0,0,0,1,0,0.0,0.0,0
veh_7785,0,0,0,1,0,0.0,0.0,0
veh_7786,0,0,0,1,0,0.0,0.0,0
veh_7787,0,0,0,1,0,0.0,0.0,1
veh_7788,0,0,0,1,0,0.0,0.0,1
veh_7789,0,0,0,1,0,0.0,0.0,0
veh_7790,0,0,0,1,0,0.0,0.0,1
veh_7791,0,0,0,1,0,0.0,0.0,1
veh_7792,0,0,0,1,0,0.0,0.0,0
veh_7793,0,0,0,1,0,0.0,0.0,1
veh_7794,0,0,0,1,0,0.0,0.0,1
veh_7795,0,0,0,1,0,0.0,0.0,1
veh_7796,0,0,0,1,0,0.0,0.0,1
veh_7797,0,0,0,1,0,0.0,0.0,1
veh_7798,0,0,0,1,0,0.0,0.0,1
veh_7799,0,0,0,1,0,0.0,0.0,0
veh_7800,0,0,0,1,0,0.0,0.0,1
veh_7801,0,0,0,1,0,0.0,0.0,0
veh_7802,0,0,0,1,0,0.0,0.0,1
veh_7803,0,0,0,1,0,0.0,0.0,1
veh_7804,0,0,0,1,0,0.0,0.0,1
veh_7805,0,0,0,1,0,0.0,0.0,0
veh_7806,0,0,0,1,0,0.0,0.0,1
veh_7807,0,0,0,1,0,0.0,0.0,1
veh_7808,0,0,0,1,0,0.0,0.0,1
veh_7809,0,0,0,1,0,0.0,0.0,0
veh_7810,0,0,0,1,0,0.0,0.0,1
veh_7811,0,0,0,1,0,0.0,0.0,1
veh_7812,0,0,0,1,0,0.0,0.0,1
veh_7813,0,0,0,1,0,0.0,0.0,0
veh_7814,0,0,0,1,0,0.0,0.0,1
veh_7815,0,0,0,1,0,0.0,0.0,0
veh_7816,0,0,0,1,0,0.0,0.0,0
veh_7817,0,0,0,1,0,0.0,0.0,1
veh_7818,0,0,0,1,0,0.0,0.0,0
veh_7819,0,0,0,1,0,0.0,0.0,1
veh_7820,0,0,0,1,0,0.0,0.0,1
veh_7821,0,0,0,1,0,0.0,0.0,1
veh_7822,0,0,0,1,0,0.0,0.0,1
veh_7823,0,0,0,1,0,0.0,0.0,0
veh_7824,0,0,0,1,0,0.0,0.0,1
veh_7825,0,0,0,1,0,0.0,0.0,1
veh_7826,0,0,0,1,0,0.0,0.0,1
veh_7827,0,0,0,1,0,0.0,0.0,1
veh_7828,0,0,0,1,0,0.0,0.0,1
veh_7829,0,0,0,1,0,0.0,0.0,1
veh_7830,0,0,0,1,0,0.0,0.0,1
veh_7831,0,0,0,1,0,0.0,0.0,1
veh_7832,0,0,0,1,0,0.0,0.0,0
veh_7833,0,0,0,1,0,0.0,0.0,1
veh_7834,0,0,0,1,0,0.0,0.0,1
veh_7835,0,0,0,1,0,0.0,0.0,1
veh_7836,0,0,0,1,0,0.0,0.0,1
veh_7837,0,0,0,1,0,0.0,0.0,1
veh_7838,0,0,0,1,0,0.0,0.0,1
veh_7839,0,0,0,1,0,0.0,0.0,0
veh_7840,0,0,0,1,0,0.0,0.0,1
veh_7841,0,0,0,1,0,0.0,0.0,1
veh_7842,0,0,0,1,0,0.0,0.0,1
veh_7843,0,0,0,1,0,0.0,0.0,1
veh_7844,0,0,0,1,0,0.0,0.0,0
veh_7845,0,0,0,1,0,0.0,0.0,1
veh_7846,0,0,0,1,0,0.0,0.0,1
veh_7847,0,0,0,1,0,0.0,0.0,1
veh_7848,0,0,0,1,0,0.0,0.0,1
veh_7849,0,0,0,1,0,0.0,0.0,1
veh_7850,0,0,0,1,0,0.0,0.0,1
veh_7851,0,0,0,1,0,0.0,0.0,1
veh_7852,0,0,0,1,0,0.0,0.0,1
veh_7853,0,0,0,1,0,0.0,0.0,1
veh_7854,0,0,0,1,0,0.0,0.0,1
veh_7855,0,0,0,1,0,0.0,0.0,1
veh_7856,0,0,0,1,0,0.0,0.0,1
veh_7857,0,0,0,1,0,0.0,0.0,1
veh_7858,0,0,0,1,0,0.0,0.0,0
veh_7859,0,0,0,1,0,0.0,0.0,1
veh_7860,0,0,0,1,0,0.0,0.0,1
veh_7861,0,0,0,1,0,0.0,0.0,0
veh_7862,0,0,0,1,0,0.0,0.0,1
veh_7863,0,0,0,1,0,0.0,0.0,1
veh_7864,0,0,0,1,0,0.0,0.0,1
veh_7865,0,0,0,1,0,0.0,0.0,1
veh_7866,0,0,0,1,0,0.0,0.0,0
veh_7867,0,0,0,1,0,0.0,0.0,0
veh_7868,0,0,0,1,0,0.0,0.0,1
veh_7869,0,0,0,1,0,0.0,0.0,1
veh_7870,0,0,0,1,0,0.0,0.0,1
veh_7871,0,0,0,1,0,0.0,0.0,0
veh_7872,0,0,0,1,0,0.0,0.0,1
veh_7873,0,0,0,1,0,0.0,0.0,1
veh_7874,0,0,0,1,0,0.0,0.0,1
veh_7875,0,0,0,1,0,0.0,0.0,1
veh_7876,0,0,0,1,0,0.0,0.0,1
veh_7877,0,0,0,1,0,0.0,0.0,1
veh_7878,0,0,0,1,0,0.0,0.0,1
veh_7879,0,0,0,1,0,0.0,0.0,1
veh_7880,0,0,0,1,0,0.0,0.0,0
veh_7881,0,0,0,1,0,0.0,0.0,1
veh_7882,0,0,0,1,0,0.0,0.0,0
veh_7883,0,0,0,1,0,0.0,0.0,1
veh_7884,0,0,0,1,0,0.0,0.0,1
veh_7885,0,0,0,1,0,0.0,0.0,0
veh_7886,0,0,0,1,0,0.0,0.0,1
veh_7887,0,0,0,1,0,0.0,0.0,1
veh_7888,0,0,0,1,0,0.0,0.0,1
veh_7889,0,0,0,1,0,0.0,0.0,0
veh_7890,0,0,0,1,0,0.0,0.0,0
veh_7891,0,0,0,1,0,0.0,0.0,1
veh_7892,0,0,0,1,0,0.0,0.0,1
veh_7893,0,0,0,1,0,0.0,0.0,1
veh_7894,0,0,0,1,0,0.0,0.0,1
veh_7895,0,0,0,1,0,0.0,0.0,0
veh_7896,0,0,0,1,0,0.0,0.0,1
veh_7897,0,0,0,1,0,0.0,0.0,1
veh_7898,0,0,0,1,0,0.0,0.0,1
veh_7899,0,0,0,1,0,0.0,0.0,1
veh_7900,0,0,0,1,0,0.0,0.0,1
veh_7901,0,0,0,1,0,0.0,0.0,0
veh_7902,0,0,0,1,0,0.0,0.0,1
veh_7903,0,0,0,1,0,0.0,0.0,1
veh_7904,0,0,0,1,0,0.0,0.0,1
veh_7905,0,0,0,1,0,0.0,0.0,1
veh_7906,0,0,0,1,0,0.0,0.0,0
veh_7907,0,0,0,1,0,0.0,0.0,1
veh_7908,0,0,0,1,0,0.0,0.0,1
veh_7909,0,0,0,1,0,0.0,0.0,1
veh_7910,0,0,0,1,0,0.0,0.0,0
veh_7911,0,0,0,1,0,0.0,0.0,1
veh_7912,0,0,0,1,0,0.0,0.0,1
veh_7913,0,0,0,1,0,0.0,0.0,1
veh_7914,0,0,0,1,0,0.0,0.0,1
veh_7915,0,0,0,1,0,0.0,0.0,1
veh_7916,0,0,0,1,0,0.0,0.0,1
veh_7917,0,0,0,1,0,0.0,0.0,1
veh_7918,0,0,0,1,0,0.0,0.0,1
veh_7919,0,0,0,1,0,0.0,0.0,0
veh_7920,0,0,0,1,0,0.0,0.0,1
veh_7921,0,0,0,1,0,0.0,0.0,0
veh_7922,0,0,0,1,0,0.0,0.0,1
veh_7923,0,0,0,1,0,0.0,0.0,0
veh_7924,0,0,0,1,0,0.0,0.0,1
veh_7925,0,0,0,1,0,0.0,0.0,1
veh_7926,0,0,0,1,0,0.0,0.0,1
veh_7927,0,0,0,1,0,0.0,0.0,0
veh_7928,0,0,0,1,0,0.0,0.0,1
veh_7929,0,0,0,1,0,0.0,0.0,0
veh_7930,0,0,0,1,0,0.0,0.0,1
veh_7931,0,0,0,1,0,0.0,0.0,1
veh_7932,0,0,0,1,0,0.0,0.0,1
veh_7933,0,0,0,1,0,0.0,0.0,1
veh_7934,0,0,0,1,0,0.0,0.0,1
veh_7935,0,0,0,1,0,0.0,0.0,1
veh_7936,0,0,0,1,0,0.0,0.0,0
veh_7937,0,0,0,1,0,0.0,0.0,1
veh_7938,0,0,0,1,0,0.0,0.0,0
veh_7939,0,0,0,1,0,0.0,0.0,1
veh_7940,0,0,0,1,0,0.0,0.0,0
veh_7941,0,0,0,1,0,0.0,0.0,1
veh_7942,0,0,0,1,0,0.0,0.0,1
veh_7943,0,0,0,1,0,0.0,0.0,1
veh_7944,0,0,0,1,0,0.0,0.0,1
veh_7945,0,0,0,1,0,0.0,0.0,1
veh_7946,0,0,0,1,0,0.0,0.0,0
veh_7947,0,0,0,1,0,0.0,0.0,0
veh_7948,0,0,0,1,0,0.0,0.0,1
veh_7949,0,0,0,1,0,0.0,0.0,1
veh_7950,0,0,0,1,0,0.0,0.0,1
veh_7951,0,0,0,1,0,0.0,0.0,1
veh_7952,0,0,0,1,0,0.0,0.0,1
veh_7953,0,0,0,1,0,0.0,0.0,1
veh_7954,0,0,0,1,0,0.0,0.0,1
veh_7955,0,0,0,1,0,0.0,0.0,1
veh_7956,0,0,0,1,0,0.0,0.0,1
veh_7957,0,0,0,1,0,0.0,0.0,1
veh_7958,0,0,0,1,0,0.0,0.0,1
veh_7959,0,0,0,1,0,0.0,0.0,1
veh_7960,0,0,0,1,0,0.0,0.0,1
veh_7961,0,0,0,1,0,0.0,0.0,1
veh_7962,0,0,0,1,0,0.0,0.0,1
veh_7963,0,0,0,1,0,0.0,0.0,1
veh_7964,0,0,0,1,0,0.0,0.0,0
veh_7965,0,0,0,1,0,0.0,0.0,1
veh_7966,0,0,0,1,0,0.0,0.0,1
veh_7967,0,0,0,1,0,0.0,0.0,1
veh_7968,0,0,0,1,0,0.0,0.0,1
veh_7969,0,0,0,1,0,0.0,0.0,0
veh_7970,0,0,0,1,0,0.0,0.0,1
veh_7971,0,0,0,1,0,0.0,0.0,0
veh_7972,0,0,0,1,0,0.0,0.0,1
veh_7973,0,0,0,1,0,0.0,0.0,1
veh_7974,0,0,0,1,0,0.0,0.0,1
veh_7975,0,0,0,1,0,0.0,0.0,1
veh_7976,0,0,0,1,0,0.0,0.0,0
veh_7977,0,0,0,1,0,0.0,0.0,1
veh_7978,0,0,0,1,0,0.0,0.0,1
veh_7979,0,0,0,1,0,0.0,0.0,0
veh_7980,0,0,0,1,0,0.0,0.0,1
veh_7981,0,0,0,1,0,0.0,0.0,1
veh_7982,0,0,0,1,0,0.0,0.0,1
veh_7983,0,0,0,1,0,0.0,0.0,1
veh_7984,0,0,0,1,0,0.0,0.0,1
veh_7985,0,0,0,1,0,0.0,0.0,1
veh_7986,0,0,0,1,0,0.0,0.0,1
veh_7987,0,0,0,1,0,0.0,0.0,1
veh_7988,0,0,0,1,0,0.0,0.0,1
veh_7989,0,0,0,1,0,0.0,0.0,1
veh_7990,0,0,0,1,0,0.0,0.0,1
veh_7991,0,0,0,1,0,0.0,0.0,0
veh_7992,0,0,0,1,0,0.0,0.0,1
veh_7993,0,0,0,1,0,0.0,0.0,1
veh_7994,0,0,0,1,0,0.0,0.0,1
veh_7995,0,0,0,1,0,0.0,0.0,1
veh_7996,0,0,0,1,0,0.0,0.0,1
veh_7997,0,0,0,1,0,0.0,0.0,1
veh_7998,0,0,0,1,0,0.0,0.0,1
veh_7999,0,0,0,1,0,0.0,0.0,1
veh_8000,0,0,0,1,0,0.0,0.0,0
veh_8001,0,0,0,1,0,0.0,0.0,0
veh_8002,0,0,0,1,0,0.0,0.0,1
veh_8003,0,0,0,1,0,0.0,0.0,1
veh_8004,0,0,0,1,0,0.0,0.0,1
veh_8005,0,0,0,1,0,0.0,0.0,0
veh_8006,0,0,0,1,0,0.0,0.0,1
veh_8007,0,0,0,1,0,0.0,0.0,1
veh_8008,0,0,0,1,0,0.0,0.0,1
veh_8009,0,0,0,1,0,0.0,0.0,1
veh_8010,0,0,0,1,0,0.0,0.0,1
veh_8011,0,0,0,1,0,0.0,0.0,1
veh_8012,0,0,0,1,0,0.0,0.0,1
veh_8013,0,0,0,1,0,0.0,0.0,0
veh_8014,0,0,0,1,0,0.0,0.0,1
veh_8015,0,0,0,1,0,0.0,0.0,1
veh_8016,0,0,0,1,0,0.0,0.0,1
veh_8017,0,0,0,1,0,0.0,0.0,0
veh_8018,0,0,0,1,0,0.0,0.0,1
veh_8019,0,0,0,1,0,0.0,0.0,1
veh_8020,0,0,0,1,0,0.0,0.0,1
veh_8021,0,0,0,1,0,0.0,0.0,1
veh_8022,0,0,0,1,0,0.0,0.0,1
veh_8023,0,0,0,1,0,0.0,0.0,1
veh_8024,0,0,0,1,0,0.0,0.0,1
veh_8025,0,0,0,1,0,0.0,0.0,1
veh_8026,0,0,0,1,0,0.0,0.0,0
veh_8027,0,0,0,1,0,0.0,0.0,1
veh_8028,0,0,0,1,0,0.0,0.0,0
veh_8029,0,0,0,1,0,0.0,0.0,1
veh_8030,0,0,0,1,0,0.0,0.0,0
veh_8031,0,0,0,1,0,0.0,0.0,1
veh_8032,0,0,0,1,0,0.0,0.0,1
veh_8033,0,0,0,1,0,0.0,0.0,1
veh_8034,0,0,0,1,0,0.0,0.0,1
veh_8035,0,0,0,1,0,0.0,0.0,1
veh_8036,0,0,0,1,0,0.0,0.0,1
veh_8037,0,0,0,1,0,0.0,0.0,1
veh_8038,0,0,0,1,0,0.0,0.0,1
veh_8039,0,0,0,1,0,0.0,0.0,1
veh_8040,0,0,0,1,0,0.0,0.0,1
veh_8041,0,0,0,1,0,0.0,0.0,0
veh_8042,0,0,0,1,0,0.0,0.0,1
veh_8043,0,0,0,1,0,0.0,0.0,0
veh_8044,0,0,0,1,0,0.0,0.0,1
veh_8045,0,0,0,1,0,0.0,0.0,1
veh_8046,0,0,0,1,0,0.0,0.0,1
veh_8047,0,0,0,1,0,0.0,0.0,1
veh_8048,0,0,0,1,0,0.0,0.0,0
veh_8049,0,0,0,1,0,0.0,0.0,1
veh_8050,0,0,0,1,0,0.0,0.0,0
veh_8051,0,0,0,1,0,0.0,0.0,1
veh_8052,0,0,0,1,0,0.0,0.0,1
veh_8053,0,0,0,1,0,0.0,0.0,1
veh_8054,0,0,0,1,0,0.0,0.0,1
veh_8055,0,0,0,1,0,0.0,0.0,1
veh_8056,0,0,0,1,0,0.0,0.0,1
veh_8057,0,0,0,1,0,0.0,0.0,1
veh_8058,0,0,0,1,0,0.0,0.0,1
veh_8059,0,0,0,1,0,0.0,0.0,1
veh_8060,0,0,0,1,0,0.0,0.0,1
veh_8061,0,0,0,1,0,0.0,0.0,0
veh_8062,0,0,0,1,0,0.0,0.0,0
veh_8063,0,0,0,1,0,0.0,0.0,1
veh_8064,0,0,0,1,0,0.0,0.0,1
veh_8065,0,0,0,1,0,0.0,0.0,1
veh_8066,0,0,0,1,0,0.0,0.0,1
veh_8067,0,0,0,1,0,0.0,0.0,0
veh_8068,0,0,0,1,0,0.0,0.0,1
veh_8069,0,0,0,1,0,0.0,0.0,1
veh_8070,0,0,0,1,0,0.0,0.0,1
veh_8071,0,0,0,1,0,0.0,0.0,1
veh_8072,0,0,0,1,0,0.0,0.0,0
veh_8073,0,0,0,1,0,0.0,0.0,0
veh_8074,0,0,0,1,0,0.0,0.0,1
veh_8075,0,0,0,1,0,0.0,0.0,1
veh_8076,0,0,0,1,0,0.0,0.0,1
veh_8077,0,0,0,1,0,0.0,0.0,1
veh_8078,0,0,0,1,0,0.0,0.0,1
veh_8079,0,0,0,1,0,0.0,0.0,1
veh_8080,0,0,0,1,0,0.0,0.0,1
veh_8081,0,0,0,1,0,0.0,0.0,0
veh_8082,0,0,0,1,0,0.0,0.0,1
veh_8083,0,0,0,1,0,0.0,0.0,0
veh_8084,0,0,0,1,0,0.0,0.0,1
veh_8085,0,0,0,1,0,0.0,0.0,1
veh_8086,0,0,0,1,0,0.0,0.0,1
veh_8087,0,0,0,1,0,0.0,0.0,0
veh_8088,0,0,0,1,0,0.0,0.0,1
veh_8089,0,0,0,1,0,0.0,0.0,0
veh_8090,0,0,0,1,0,0.0,0.0,1
veh_8091,0,0,0,1,0,0.0,0.0,1
veh_8092,0,0,0,1,0,0.0,0.0,1
veh_8093,0,0,0,1,0,0.0,0.0,1
veh_8094,0,0,0,1,0,0.0,0.0,1
veh_8095,0,0,0,1,0,0.0,0.0,1
veh_8096,0,0,0,1,0,0.0,0.0,1
veh_8097,0,0,0,1,0,0.0,0.0,0
veh_8098,0,0,0,1,0,0.0,0.0,1
veh_8099,0,0,0,1,0,0.0,0.0,1
veh_8100,0,0,0,1,0,0.0,0.0,1
veh_8101,0,0,0,1,0,0.0,0.0,1
veh_8102,0,0,0,1,0,0.0,0.0,1
veh_8103,0,0,0,1,0,0.0,0.0,1
veh_8104,0,0,0,1,0,0.0,0.0,1
veh_8105,0,0,0,1,0,0.0,0.0,0
veh_8106,0,0,0,1,0,0.0,0.0,0
veh_8107,0,0,0,1,0,0.0,0.0,1
veh_8108,0,0,0,1,0,0.0,0.0,1
veh_8109,0,0,0,1,0,0.0,0.0,1
veh_8110,0,0,0,1,0,0.0,0.0,0
veh_8111,0,0,0,1,0,0.0,0.0,1
veh_8112,0,0,0,1,0,0.0,0.0,1
veh_8113,0,0,0,1,0,0.0,0.0,0
veh_8114,0,0,0,1,0,0.0,0.0,1
veh_8115,0,0,0,1,0,0.0,0.0,1
veh_8116,0,0,0,1,0,0.0,0.0,1
veh_8117,0,0,0,1,0,0.0,0.0,1
veh_8118,0,0,0,1,0,0.0,0.0,0
veh_8119,0,0,0,1,0,0.0,0.0,1
veh_8120,0,0,0,1,0,0.0,0.0,1
veh_8121,0,0,0,1,0,0.0,0.0,1
veh_8122,0,0,0,1,0,0.0,0.0,0
veh_8123,0,0,0,1,0,0.0,0.0,0
veh_8124,0,0,0,1,0,0.0,0.0,1
veh_8125,0,0,0,1,0,0.0,0.0,1
veh_8126,0,0,0,1,0,0.0,0.0,1
veh_8127,0,0,0,1,0,0.0,0.0,1
veh_8128,0,0,0,1,0,0.0,0.0,1
veh_8129,0,0,0,1,0,0.0,0.0,0
veh_8130,0,0,0,1,0,0.0,0.0,0
veh_8131,0,0,0,1,0,0.0,0.0,1
veh_8132,0,0,0,1,0,0.0,0.0,1
veh_8133,0,0,0,1,0,0.0,0.0,0
veh_8134,0,0,0,1,0,0.0,0.0,1
veh_8135,0,0,0,1,0,0.0,0.0,1
veh_8136,0,0,0,1,0,0.0,0.0,1
veh_8137,0,0,0,1,0,0.0,0.0,1
veh_8138,0,0,0,1,0,0.0,0.0,1
veh_8139,0,0,0,1,0,0.0,0.0,1
veh_8140,0,0,0,1,0,0.0,0.0,1
veh_8141,0,0,0,1,0,0.0,0.0,1
veh_8142,0,0,0,1,0,0.0,0.0,0
veh_8143,0,0,0,1,0,0.0,0.0,0
veh_8144,0,0,0,1,0,0.0,0.0,1
veh_8145,0,0,0,1,0,0.0,0.0,1
veh_8146,0,0,0,1,0,0.0,0.0,1
veh_8147,0,0,0,1,0,0.0,0.0,1
veh_8148,0,0,0,1,0,0.0,0.0,0
veh_8149,0,0,0,1,0,0.0,0.0,1
veh_8150,0,0,0,1,0,0.0,0.0,0
veh_8151,0,0,0,1,0,0.0,0.0,0
veh_8152,0,0,0,1,0,0.0,0.0,1
veh_8153,0,0,0,1,0,0.0,0.0,1
veh_8154,0,0,0,1,0,0.0,0.0,1
veh_8155,0,0,0,1,0,0.0,0.0,1
veh_8156,0,0,0,1,0,0.0,0.0,1
veh_8157,0,0,0,1,0,0.0,0.0,1
veh_8158,0,0,0,1,0,0.0,0.0,0
veh_8159,0,0,0,1,0,0.0,0.0,0
veh_8160,0,0,0,1,0,0.0,0.0,0
veh_8161,0,0,0,1,0,0.0,0.0,1
veh_8162,0,0,0,1,0,0.0,0.0,1
veh_8163,0,0,0,1,0,0.0,0.0,1
veh_8164,0,0,0,1,0,0.0,0.0,1
veh_8165,0,0,0,1,0,0.0,0.0,1
veh_8166,0,0,0,1,0,0.0,0.0,1
veh_8167,0,0,0,1,0,0.0,0.0,1
veh_8168,0,0,0,1,0,0.0,0.0,0
veh_8169,0,0,0,1,0,0.0,0.0,1
veh_8170,0,0,0,1,0,0.0,0.0,1
veh_8171,0,0,0,1,0,0.0,0.0,1
veh_8172,0,0,0,1,0,0.0,0.0,0
veh_8173,0,0,0,1,0,0.0,0.0,1
veh_8174,0,0,0,1,0,0.0,0.0,1
veh_8175,0,0,0,1,0,0.0,0.0,1
veh_8176,0,0,0,1,0,0.0,0.0,1
veh_8177,0,0,0,1,0,0.0,0.0,1
veh_8178,0,0,0,1,0,0.0,0.0,1
veh_8179,0,0,0,1,0,0.0,0.0,1
veh_8180,0,0,0,1,0,0.0,0.0,1
veh_8181,0,0,0,1,0,0.0,0.0,0
veh_8182,0,0,0,1,0,0.0,0.0,1
veh_8183,0,0,0,1,0,0.0,0.0,0
veh_8184,0,0,0,1,0,0.0,0.0,1
veh_8185,0,0,0,1,0,0.0,0.0,0
veh_8186,0,0,0,1,0,0.0,0.0,1
veh_8187,0,0,0,1,0,0.0,0.0,0
veh_8188,0,0,0,1,0,0.0,0.0,1
veh_8189,0,0,0,1,0,0.0,0.0,1
veh_8190,0,0,0,1,0,0.0,0.0,1
veh_8191,0,0,0,1,0,0.0,0.0,1
veh_8192,0,0,0,1,0,0.0,0.0,1
veh_8193,0,0,0,1,0,0.0,0.0,1
veh_8194,0,0,0,1,0,0.0,0.0,1
veh_8195,0,0,0,1,0,0.0,0.0,1
veh_8196,0,0,0,1,0,0.0,0.0,1
veh_8197,0,0,0,1,0,0.0,0.0,1
veh_8198,0,0,0,1,0,0.0,0.0,0
veh_8199,0,0,0,1,0,0.0,0.0,1
veh_8200,0,0,0,1,0,0.0,0.0,0
veh_8201,0,0,0,1,0,0.0,0.0,1
veh_8202,0,0,0,1,0,0.0,0.0,1
veh_8203,0,0,0,1,0,0.0,0.0,1
veh_8204,0,0,0,1,0,0.0,0.0,0
veh_8205,0,0,0,1,0,0.0,0.0,1
veh_8206,0,0,0,1,0,0.0,0.0,1
veh_8207,0,0,0,1,0,0.0,0.0,0
veh_8208,0,0,0,1,0,0.0,0.0,1
veh_8209,0,0,0,1,0,0.0,0.0,1
veh_8210,0,0,0,1,0,0.0,0.0,1
veh_8211,0,0,0,1,0,0.0,0.0,1
veh_8212,0,0,0,1,0,0.0,0.0,1
veh_8213,0,0,0,1,0,0.0,0.0,1
veh_8214,0,0,0,1,0,0.0,0.0,1
veh_8215,0,0,0,1,0,0.0,0.0,1
veh_8216,0,0,0,1,0,0.0,0.0,1
veh_8217,0,0,0,1,0,0.0,0.0,0
veh_8218,0,0,0,1,0,0.0,0.0,1
veh_8219,0,0,0,1,0,0.0,0.0,1
veh_8220,0,0,0,1,0,0.0,0.0,1
veh_8221,0,0,0,1,0,0.0,0.0,1
veh_8222,0,0,0,1,0,0.0,0.0,1
veh_8223,0,0,0,1,0,0.0,0.0,1
veh_8224,0,0,0,1,0,0.0,0.0,1
veh_8225,0,0,0,1,0,0.0,0.0,1
veh_8226,0,0,0,1,0,0.0,0.0,1
veh_8227,0,0,0,1,0,0.0,0.0,1
veh_8228,0,0,0,1,0,0.0,0.0,1
veh_8229,0,0,0,1,0,0.0,0.0,0
veh_8230,0,0,0,1,0,0.0,0.0,1
veh_8231,0,0,0,1,0,0.0,0.0,1
veh_8232,0,0,0,1,0,0.0,0.0,1
veh_8233,0,0,0,1,0,0.0,0.0,1
veh_8234,0,0,0,1,0,0.0,0.0,0
veh_8235,0,0,0,1,0,0.0,0.0,1
veh_8236,0,0,0,1,0,0.0,0.0,0
veh_8237,0,0,0,1,0,0.0,0.0,1
veh_8238,0,0,0,1,0,0.0,0.0,1
veh_8239,0,0,0,1,0,0.0,0.0,0
veh_8240,0,0,0,1,0,0.0,0.0,0
veh_8241,0,0,0,1,0,0.0,0.0,1
veh_8242,0,0,0,1,0,0.0,0.0,1
veh_8243,0,0,0,1,0,0.0,0.0,0
veh_8244,0,0,0,1,0,0.0,0.0,1
veh_8245,0,0,0,1,0,0.0,0.0,1
veh_8246,0,0,0,1,0,0.0,0.0,1
veh_8247,0,0,0,1,0,0.0,0.0,1
veh_8248,0,0,0,1,0,0.0,0.0,1
veh_8249,0,0,0,1,0,0.0,0.0,1
veh_8250,0,0,0,1,0,0.0,0.0,1
veh_8251,0,0,0,1,0,0.0,0.0,1
veh_8252,0,0,0,1,0,0.0,0.0,1
veh_8253,0,0,0,1,0,0.0,0.0,1
veh_8254,0,0,0,1,0,0.0,0.0,1
veh_8255,0,0,0,1,0,0.0,0.0,1
veh_8256,0,0,0,1,0,0.0,0.0,1
veh_8257,0,0,0,1,0,0.0,0.0,1
veh_8258,0,0,0,1,0,0.0,0.0,1
veh_8259,0,0,0,1,0,0.0,0.0,1
veh_8260,0,0,0,1,0,0.0,0.0,1
veh_8261,0,0,0,1,0,0.0,0.0,0
veh_8262,0,0,0,1,0,0.0,0.0,1
veh_8263,0,0,0,1,0,0.0,0.0,0
veh_8264,0,0,0,1,0,0.0,0.0,1
veh_8265,0,0,0,1,0,0.0,0.0,0
veh_8266,0,0,0,1,0,0.0,0.0,0
veh_8267,0,0,0,1,0,0.0,0.0,1
veh_8268,0,0,0,1,0,0.0,0.0,0
veh_8269,0,0,0,1,0,0.0,0.0,0
veh_8270,0,0,0,1,0,0.0,0.0,1
veh_8271,0,0,0,1,0,0.0,0.0,0
veh_8272,0,0,0,1,0,0.0,0.0,1
veh_8273,0,0,0,1,0,0.0,0.0,0
veh_8274,0,0,0,1,0,0.0,0.0,1
veh_8275,0,0,0,1,0,0.0,0.0,1
veh_8276,0,0,0,1,0,0.0,0.0,1
veh_8277,0,0,0,1,0,0.0,0.0,1
veh_8278,0,0,0,1,0,0.0,0.0,0
veh_8279,0,0,0,1,0,0.0,0.0,0
veh_8280,0,0,0,1,0,0.0,0.0,1
veh_8281,0,0,0,1,0,0.0,0.0,1
veh_8282,0,0,0,1,0,0.0,0.0,0
veh_8283,0,0,0,1,0,0.0,0.0,1
veh_8284,0,0,0,1,0,0.0,0.0,1
veh_8285,0,0,0,1,0,0.0,0.0,0
veh_8286,0,0,0,1,0,0.0,0.0,0
veh_8287,0,0,0,1,0,0.0,0.0,0
veh_8288,0,0,0,1,0,0.0,0.0,1
veh_8289,0,0,0,1,0,0.0,0.0,1
veh_8290,0,0,0,1,0,0.0,0.0,1
veh_8291,0,0,0,1,0,0.0,0.0,1
veh_8292,0,0,0,1,0,0.0,0.0,0
veh_8293,0,0,0,1,0,0.0,0.0,0
veh_8294,0,0,0,1,0,0.0,0.0,1
veh_8295,0,0,0,1,0,0.0,0.0,1
veh_8296,0,0,0,1,0,0.0,0.0,1
veh_8297,0,0,0,1,0,0.0,0.0,1
veh_8298,0,0,0,1,0,0.0,0.0,1
veh_8299,0,0,0,1,0,0.0,0.0,1
veh_8300,0,0,0,1,0,0.0,0.0,1
veh_8301,0,0,0,1,0,0.0,0.0,1
veh_8302,0,0,0,1,0,0.0,0.0,1
veh_8303,0,0,0,1,0,0.0,0.0,1
veh_8304,0,0,0,1,0,0.0,0.0,1
veh_8305,0,0,0,1,0,0.0,0.0,1
veh_8306,0,0,0,1,0,0.0,0.0,1
veh_8307,0,0,0,1,0,0.0,0.0,1
veh_8308,0,0,0,1,0,0.0,0.0,1
veh_8309,0,0,0,1,0,0.0,0.0,0
veh_8310,0,0,0,1,0,0.0,0.0,1
veh_8311,0,0,0,1,0,0.0,0.0,0
veh_8312,0,0,0,1,0,0.0,0.0,1
veh_8313,0,0,0,1,0,0.0,0.0,1
veh_8314,0,0,0,1,0,0.0,0.0,1
veh_8315,0,0,0,1,0,0.0,0.0,1
veh_8316,0,0,0,1,0,0.0,0.0,1
veh_8317,0,0,0,1,0,0.0,0.0,1
veh_8318,0,0,0,1,0,0.0,0.0,0
veh_8319,0,0,0,1,0,0.0,0.0,0
veh_8320,0,0,0,1,0,0.0,0.0,0
veh_8321,0,0,0,1,0,0.0,0.0,1
veh_8322,0,0,0,1,0,0.0,0.0,1
veh_8323,0,0,0,1,0,0.0,0.0,0
veh_8324,0,0,0,1,0,0.0,0.0,1
veh_8325,0,0,0,1,0,0.0,0.0,1
veh_8326,0,0,0,1,0,0.0,0.0,1
veh_8327,0,0,0,1,0,0.0,0.0,1
veh_8328,0,0,0,1,0,0.0,0.0,1
veh_8329,0,0,0,1,0,0.0,0.0,1
veh_8330,0,0,0,1,0,0.0,0.0,1
veh_8331,0,0,0,1,0,0.0,0.0,1
veh_8332,0,0,0,1,0,0.0,0.0,0
veh_8333,0,0,0,1,0,0.0,0.0,0
veh_8334,0,0,0,1,0,0.0,0.0,1
veh_8335,0,0,0,1,0,0.0,0.0,1
veh_8336,0,0,0,1,0,0.0,0.0,1
veh_8337,0,0,0,1,0,0.0,0.0,1
veh_8338,0,0,0,1,0,0.0,0.0,1
veh_8339,0,0,0,1,0,0.0,0.0,1
veh_8340,0,0,0,1,0,0.0,0.0,1
veh_8341,0,0,0,1,0,0.0,0.0,1
veh_8342,0,0,0,1,0,0.0,0.0,1
veh_8343,0,0,0,1,0,0.0,0.0,1
veh_8344,0,0,0,1,0,0.0,0.0,1
veh_8345,0,0,0,1,0,0.0,0.0,0
veh_8346,0,0,0,1,0,0.0,0.0,0
veh_8347,0,0,0,1,0,0.0,0.0,0
veh_8348,0,0,0,1,0,0.0,0.0,1
veh_8349,0,0,0,1,0,0.0,0.0,1
veh_8350,0,0,0,1,0,0.0,0.0,1
veh_8351,0,0,0,1,0,0.0,0.0,1
veh_8352,0,0,0,1,0,0.0,0.0,0
veh_8353,0,0,0,1,0,0.0,0.0,1
veh_8354,0,0,0,1,0,0.0,0.0,0
veh_8355,0,0,0,1,0,0.0,0.0,1
veh_8356,0,0,0,1,0,0.0,0.0,1
veh_8357,0,0,0,1,0,0.0,0.0,0
veh_8358,0,0,0,1,0,0.0,0.0,1
veh_8359,0,0,0,1,0,0.0,0.0,0
veh_8360,0,0,0,1,0,0.0,0.0,1
veh_8361,0,0,0,1,0,0.0,0.0,1
veh_8362,0,0,0,1,0,0.0,0.0,1
veh_8363,0,0,0,1,0,0.0,0.0,1
veh_8364,0,0,0,1,0,0.0,0.0,1
veh_8365,0,0,0,1,0,0.0,0.0,1
veh_8366,0,0,0,1,0,0.0,0.0,1
veh_8367,0,0,0,1,0,0.0,0.0,1
veh_8368,0,0,0,1,0,0.0,0.0,0
veh_8369,0,0,0,1,0,0.0,0.0,1
veh_8370,0,0,0,1,0,0.0,0.0,1
veh_8371,0,0,0,1,0,0.0,0.0,0
veh_8372,0,0,0,1,0,0.0,0.0,1
veh_8373,0,0,0,1,0,0.0,0.0,0
veh_8374,0,0,0,1,0,0.0,0.0,1
veh_8375,0,0,0,1,0,0.0,0.0,0
veh_8376,0,0,0,1,0,0.0,0.0,1
veh_8377,0,0,0,1,0,0.0,0.0,1
veh_8378,0,0,0,1,0,0.0,0.0,1
veh_8379,0,0,0,1,0,0.0,0.0,1
veh_8380,0,0,0,1,0,0.0,0.0,1
veh_8381,0,0,0,1,0,0.0,0.0,1
veh_8382,0,0,0,1,0,0.0,0.0,1
veh_8383,0,0,0,1,0,0.0,0.0,0
veh_8384,0,0,0,1,0,0.0,0.0,1
veh_8385,0,0,0,1,0,0.0,0.0,1
veh_8386,0,0,0,1,0,0.0,0.0,0
veh_8387,0,0,0,1,0,0.0,0.0,1
veh_8388,0,0,0,1,0,0.0,0.0,1
veh_8389,0,0,0,1,0,0.0,0.0,1
veh_8390,0,0,0,1,0,0.0,0.0,1
veh_8391,0,0,0,1,0,0.0,0.0,1
veh_8392,0,0,0,1,0,0.0,0.0,1
veh_8393,0,0,0,1,0,0.0,0.0,1
veh_8394,0,0,0,1,0,0.0,0.0,1
veh_8395,0,0,0,1,0,0.0,0.0,1
veh_8396,0,0,0,1,0,0.0,0.0,1
veh_8397,0,0,0,1,0,0.0,0.0,1
veh_8398,0,0,0,1,0,0.0,0.0,0
veh_8399,0,0,0,1,0,0.0,0.0,1
veh_8400,0,0,0,1,0,0.0,0.0,1
veh_8401,0,0,0,1,0,0.0,0.0,1
veh_8402,0,0,0,1,0,0.0,0.0,1
veh_8403,0,0,0,1,0,0.0,0.0,0
veh_8404,0,0,0,1,0,0.0,0.0,1
veh_8405,0,0,0,1,0,0.0,0.0,1
veh_8406,0,0,0,1,0,0.0,0.0,1
veh_8407,0,0,0,1,0,0.0,0.0,1
veh_8408,0,0,0,1,0,0.0,0.0,1
veh_8409,0,0,0,1,0,0.0,0.0,0
veh_8410,0,0,0,1,0,0.0,0.0,1
veh_8411,0,0,0,1,0,0.0,0.0,1
veh_8412,0,0,0,1,0,0.0,0.0,1
veh_8413,0,0,0,1,0,0.0,0.0,1
veh_8414,0,0,0,1,0,0.0,0.0,1
veh_8415,0,0,0,1,0,0.0,0.0,1
veh_8416,0,0,0,1,0,0.0,0.0,1
veh_8417,0,0,0,1,0,0.0,0.0,0
veh_8418,0,0,0,1,0,0.0,0.0,0
veh_8419,0,0,0,1,0,0.0,0.0,1
veh_8420,0,0,0,1,0,0.0,0.0,1
veh_8421,0,0,0,1,0,0.0,0.0,1
veh_8422,0,0,0,1,0,0.0,0.0,0
veh_8423,0,0,0,1,0,0.0,0.0,1
veh_8424,0,0,0,1,0,0.0,0.0,1
veh_8425,0,0,0,1,0,0.0,0.0,0
veh_8426,0,0,0,1,0,0.0,0.0,1
veh_8427,0,0,0,1,0,0.0,0.0,1
veh_8428,0,0,0,1,0,0.0,0.0,1
veh_8429,0,0,0,1,0,0.0,0.0,1
veh_8430,0,0,0,1,0,0.0,0.0,1
veh_8431,0,0,0,1,0,0.0,0.0,1
veh_8432,0,0,0,1,0,0.0,0.0,1
veh_8433,0,0,0,1,0,0.0,0.0,1
veh_8434,0,0,0,1,0,0.0,0.0,1
veh_8435,0,0,0,1,0,0.0,0.0,1
veh_8436,0,0,0,1,0,0.0,0.0,1
veh_8437,0,0,0,1,0,0.0,0.0,0
veh_8438,0,0,0,1,0,0.0,0.0,1
veh_8439,0,0,0,1,0,0.0,0.0,0
veh_8440,0,0,0,1,0,0.0,0.0,0
veh_8441,0,0,0,1,0,0.0,0.0,1
veh_8442,0,0,0,1,0,0.0,0.0,0
veh_8443,0,0,0,1,0,0.0,0.0,1
veh_8444,0,0,0,1,0,0.0,0.0,1
veh_8445,0,0,0,1,0,0.0,0.0,1
veh_8446,0,0,0,1,0,0.0,0.0,0
veh_8447,0,0,0,1,0,0.0,0.0,0
veh_8448,0,0,0,1,0,0.0,0.0,0
veh_8449,0,0,0,1,0,0.0,0.0,1
veh_8450,0,0,0,1,0,0.0,0.0,1
veh_8451,0,0,0,1,0,0.0,0.0,1
veh_8452,0,0,0,1,0,0.0,0.0,1
veh_8453,0,0,0,1,0,0.0,0.0,1
veh_8454,0,0,0,1,0,0.0,0.0,1
veh_8455,0,0,0,1,0,0.0,0.0,0
veh_8456,0,0,0,1,0,0.0,0.0,1
veh_8457,0,0,0,1,0,0.0,0.0,1
veh_8458,0,0,0,1,0,0.0,0.0,1
veh_8459,0,0,0,1,0,0.0,0.0,1
veh_8460,0,0,0,1,0,0.0,0.0,1
veh_8461,0,0,0,1,0,0.0,0.0,1
veh_8462,0,0,0,1,0,0.0,0.0,1
veh_8463,0,0,0,1,0,0.0,0.0,1
veh_8464,0,0,0,1,0,0.0,0.0,1
veh_8465,0,0,0,1,0,0.0,0.0,1
veh_8466,0,0,0,1,0,0.0,0.0,1
veh_8467,0,0,0,1,0,0.0,0.0,1
veh_8468,0,0,0,1,0,0.0,0.0,1
veh_8469,0,0,0,1,0,0.0,0.0,1
veh_8470,0,0,0,1,0,0.0,0.0,1
veh_8471,0,0,0,1,0,0.0,0.0,1
veh_8472,0,0,0,1,0,0.0,0.0,1
veh_8473,0,0,0,1,0,0.0,0.0,1
veh_8474,0,0,0,1,0,0.0,0.0,1
veh_8475,0,0,0,1,0,0.0,0.0,1
veh_8476,0,0,0,1,0,0.0,0.0,0
veh_8477,0,0,0,1,0,0.0,0.0,0
veh_8478,0,0,0,1,0,0.0,0.0,0
veh_8479,0,0,0,1,0,0.0,0.0,1
veh_8480,0,0,0,1,0,0.0,0.0,1
veh_8481,0,0,0,1,0,0.0,0.0,1
veh_8482,0,0,0,1,0,0.0,0.0,1
veh_8483,0,0,0,1,0,0.0,0.0,1
veh_8484,0,0,0,1,0,0.0,0.0,1
veh_8485,0,0,0,1,0,0.0,0.0,1
veh_8486,0,0,0,1,0,0.0,0.0,1
veh_8487,0,0,0,1,0,0.0,0.0,0
veh_8488,0,0,0,1,0,0.0,0.0,1
veh_8489,0,0,0,1,0,0.0,0.0,1
veh_8490,0,0,0,1,0,0.0,0.0,0
veh_8491,0,0,0,1,0,0.0,0.0,1
veh_8492,0,0,0,1,0,0.0,0.0,1
veh_8493,0,0,0,1,0,0.0,0.0,1
veh_8494,0,0,0,1,0,0.0,0.0,1
veh_8495,0,0,0,1,0,0.0,0.0,1
veh_8496,0,0,0,1,0,0.0,0.0,1
veh_8497,0,0,0,1,0,0.0,0.0,1
veh_8498,0,0,0,1,0,0.0,0.0,1
veh_8499,0,0,0,1,0,0.0,0.0,1
veh_8500,0,0,0,1,0,0.0,0.0,1
veh_8501,0,0,0,1,0,0.0,0.0,1
veh_8502,0,0,0,1,0,0.0,0.0,1
veh_8503,0,0,0,1,0,0.0,0.0,0
veh_8504,0,0,0,1,0,0.0,0.0,1
veh_8505,0,0,0,1,0,0.0,0.0,1
veh_8506,0,0,0,1,0,0.0,0.0,0
veh_8507,0,0,0,1,0,0.0,0.0,1
veh_8508,0,0,0,1,0,0.0,0.0,1
veh_8509,0,0,0,1,0,0.0,0.0,1
veh_8510,0,0,0,1,0,0.0,0.0,0
veh_8511,0,0,0,1,0,0.0,0.0,1
veh_8512,0,0,0,1,0,0.0,0.0,1
veh_8513,0,0,0,1,0,0.0,0.0,1
veh_8514,0,0,0,1,0,0.0,0.0,0
veh_8515,0,0,0,1,0,0.0,0.0,1
veh_8516,0,0,0,1,0,0.0,0.0,1
veh_8517,0,0,0,1,0,0.0,0.0,1
veh_8518,0,0,0,1,0,0.0,0.0,0
veh_8519,0,0,0,1,0,0.0,0.0,0
veh_8520,0,0,0,1,0,0.0,0.0,1
veh_8521,0,0,0,1,0,0.0,0.0,1
veh_8522,0,0,0,1,0,0.0,0.0,0
veh_8523,0,0,0,1,0,0.0,0.0,0
veh_8524,0,0,0,1,0,0.0,0.0,1
veh_8525,0,0,0,1,0,0.0,0.0,1
veh_8526,0,0,0,1,0,0.0,0.0,1
veh_8527,0,0,0,1,0,0.0,0.0,1
veh_8528,0,0,0,1,0,0.0,0.0,1
veh_8529,0,0,0,1,0,0.0,0.0,0
veh_8530,0,0,0,1,0,0.0,0.0,1
veh_8531,0,0,0,1,0,0.0,0.0,1
veh_8532,0,0,0,1,0,0.0,0.0,1
veh_8533,0,0,0,1,0,0.0,0.0,1
veh_8534,0,0,0,1,0,0.0,0.0,0
veh_8535,0,0,0,1,0,0.0,0.0,1
veh_8536,0,0,0,1,0,0.0,0.0,1
veh_8537,0,0,0,1,0,0.0,0.0,1
veh_8538,0,0,0,1,0,0.0,0.0,1
veh_8539,0,0,0,1,0,0.0,0.0,1
veh_8540,0,0,0,1,0,0.0,0.0,1
veh_8541,0,0,0,1,0,0.0,0.0,1
veh_8542,0,0,0,1,0,0.0,0.0,1
veh_8543,0,0,0,1,0,0.0,0.0,1
veh_8544,0,0,0,1,0,0.0,0.0,1
veh_8545,0,0,0,1,0,0.0,0.0,0
veh_8546,0,0,0,1,0,0.0,0.0,0
veh_8547,0,0,0,1,0,0.0,0.0,1
veh_8548,0,0,0,1,0,0.0,0.0,1
veh_8549,0,0,0,1,0,0.0,0.0,1
veh_8550,0,0,0,1,0,0.0,0.0,1
veh_8551,0,0,0,1,0,0.0,0.0,0
veh_8552,0,0,0,1,0,0.0,0.0,1
veh_8553,0,0,0,1,0,0.0,0.0,1
veh_8554,0,0,0,1,0,0.0,0.0,1
veh_8555,0,0,0,1,0,0.0,0.0,0
veh_8556,0,0,0,1,0,0.0,0.0,1
veh_8557,0,0,0,1,0,0.0,0.0,1
veh_8558,0,0,0,1,0,0.0,0.0,1
veh_8559,0,0,0,1,0,0.0,0.0,1
veh_8560,0,0,0,1,0,0.0,0.0,1
veh_8561,0,0,0,1,0,0.0,0.0,1
veh_8562,0,0,0,1,0,0.0,0.0,1
veh_8563,0,0,0,1,0,0.0,0.0,0
veh_8564,0,0,0,1,0,0.0,0.0,1
veh_8565,0,0,0,1,0,0.0,0.0,1
veh_8566,0,0,0,1,0,0.0,0.0,1
veh_8567,0,0,0,1,0,0.0,0.0,1
veh_8568,0,0,0,1,0,0.0,0.0,1
veh_8569,0,0,0,1,0,0.0,0.0,1
veh_8570,0,0,0,1,0,0.0,0.0,0
veh_8571,0,0,0,1,0,0.0,0.0,1
veh_8572,0,0,0,1,0,0.0,0.0,0
veh_8573,0,0,0,1,0,0.0,0.0,1
veh_8574,0,0,0,1,0,0.0,0.0,0
veh_8575,0,0,0,1,0,0.0,0.0,1
veh_8576,0,0,0,1,0,0.0,0.0,1
veh_8577,0,0,0,1,0,0.0,0.0,1
veh_8578,0,0,0,1,0,0.0,0.0,1
veh_8579,0,0,0,1,0,0.0,0.0,1
veh_8580,0,0,0,1,0,0.0,0.0,1
veh_8581,0,0,0,1,0,0.0,0.0,1
veh_8582,0,0,0,1,0,0.0,0.0,1
veh_8583,0,0,0,1,0,0.0,0.0,1
veh_8584,0,0,0,1,0,0.0,0.0,1
veh_8585,0,0,0,1,0,0.0,0.0,1
veh_8586,0,0,0,1,0,0.0,0.0,1
veh_8587,0,0,0,1,0,0.0,0.0,1
veh_8588,0,0,0,1,0,0.0,0.0,1
veh_8589,0,0,0,1,0,0.0,0.0,1
veh_8590,0,0,0,1,0,0.0,0.0,0
veh_8591,0,0,0,1,0,0.0,0.0,1
veh_8592,0,0,0,1,0,0.0,0.0,1
veh_8593,0,0,0,1,0,0.0,0.0,0
veh_8594,0,0,0,1,0,0.0,0.0,1
veh_8595,0,0,0,1,0,0.0,0.0,1
veh_8596,0,0,0,1,0,0.0,0.0,0
veh_8597,0,0,0,1,0,0.0,0.0,0
veh_8598,0,0,0,1,0,0.0,0.0,1
veh_8599,0,0,0,1,0,0.0,0.0,1
veh_8600,0,0,0,1,0,0.0,0.0,0
veh_8601,0,0,0,1,0,0.0,0.0,1
veh_8602,0,0,0,1,0,0.0,0.0,0
veh_8603,0,0,0,1,0,0.0,0.0,1
veh_8604,0,0,0,1,0,0.0,0.0,1
veh_8605,0,0,0,1,0,0.0,0.0,1
veh_8606,0,0,0,1,0,0.0,0.0,1
veh_8607,0,0,0,1,0,0.0,0.0,1
veh_8608,0,0,0,1,0,0.0,0.0,0
veh_8609,0,0,0,1,0,0.0,0.0,1
veh_8610,0,0,0,1,0,0.0,0.0,1
veh_8611,0,0,0,1,0,0.0,0.0,1
veh_8612,0,0,0,1,0,0.0,0.0,0
veh_8613,0,0,0,1,0,0.0,0.0,1
veh_8614,0,0,0,1,0,0.0,0.0,1
veh_8615,0,0,0,1,0,0.0,0.0,1
veh_8616,0,0,0,1,0,0.0,0.0,1
veh_8617,0,0,0,1,0,0.0,0.0,0
veh_8618,0,0,0,1,0,0.0,0.0,1
veh_8619,0,0,0,1,0,0.0,0.0,1
veh_8620,0,0,0,1,0,0.0,0.0,1
veh_8621,0,0,0,1,0,0.0,0.0,1
veh_8622,0,0,0,1,0,0.0,0.0,0
veh_8623,0,0,0,1,0,0.0,0.0,1
veh_8624,0,0,0,1,0,0.0,0.0,1
veh_8625,0,0,0,1,0,0.0,0.0,1
veh_8626,0,0,0,1,0,0.0,0.0,1
veh_8627,0,0,0,1,0,0.0,0.0,1
veh_8628,0,0,0,1,0,0.0,0.0,1
veh_8629,0,0,0,1,0,0.0,0.0,1
veh_8630,0,0,0,1,0,0.0,0.0,1
veh_8631,0,0,0,1,0,0.0,0.0,1
veh_8632,0,0,0,1,0,0.0,0.0,1
veh_8633,0,0,0,1,0,0.0,0.0,1
veh_8634,0,0,0,1,0,0.0,0.0,0
veh_8635,0,0,0,1,0,0.0,0.0,1
veh_8636,0,0,0,1,0,0.0,0.0,0
veh_8637,0,0,0,1,0,0.0,0.0,1
veh_8638,0,0,0,1,0,0.0,0.0,1
veh_8639,0,0,0,1,0,0.0,0.0,1
veh_8640,0,0,0,1,0,0.0,0.0,1
veh_8641,0,0,0,1,0,0.0,0.0,1
veh_8642,0,0,0,1,0,0.0,0.0,1
veh_8643,0,0,0,1,0,0.0,0.0,0
veh_8644,0,0,0,1,0,0.0,0.0,0
veh_8645,0,0,0,1,0,0.0,0.0,1
veh_8646,0,0,0,1,0,0.0,0.0,1
veh_8647,0,0,0,1,0,0.0,0.0,1
veh_8648,0,0,0,1,0,0.0,0.0,1
veh_8649,0,0,0,1,0,0.0,0.0,1
veh_8650,0,0,0,1,0,0.0,0.0,1
veh_8651,0,0,0,1,0,0.0,0.0,1
veh_8652,0,0,0,1,0,0.0,0.0,1
veh_8653,0,0,0,1,0,0.0,0.0,1
veh_8654,0,0,0,1,0,0.0,0.0,1
veh_8655,0,0,0,1,0,0.0,0.0,1
veh_8656,0,0,0,1,0,0.0,0.0,0
veh_8657,0,0,0,1,0,0.0,0.0,0
veh_8658,0,0,0,1,0,0.0,0.0,1
veh_8659,0,0,0,1,0,0.0,0.0,1
veh_8660,0,0,0,1,0,0.0,0.0,1
veh_8661,0,0,0,1,0,0.0,0.0,1
veh_8662,0,0,0,1,0,0.0,0.0,1
veh_8663,0,0,0,1,0,0.0,0.0,1
veh_8664,0,0,0,1,0,0.0,0.0,1
veh_8665,0,0,0,1,0,0.0,0.0,1
veh_8666,0,0,0,1,0,0.0,0.0,1
veh_8667,0,0,0,1,0,0.0,0.0,1
veh_8668,0,0,0,1,0,0.0,0.0,1
veh_8669,0,0,0,1,0,0.0,0.0,1
veh_8670,0,0,0,1,0,0.0,0.0,0
veh_8671,0,0,0,1,0,0.0,0.0,0
veh_8672,0,0,0,1,0,0.0,0.0,1
veh_8673,0,0,0,1,0,0.0,0.0,1
veh_8674,0,0,0,1,0,0.0,0.0,1
veh_8675,0,0,0,1,0,0.0,0.0,1
veh_8676,0,0,0,1,0,0.0,0.0,1
veh_8677,0,0,0,1,0,0.0,0.0,1
veh_8678,0,0,0,1,0,0.0,0.0,1
veh_8679,0,0,0,1,0,0.0,0.0,1
veh_8680,0,0,0,1,0,0.0,0.0,1
veh_8681,0,0,0,1,0,0.0,0.0,1
veh_8682,0,0,0,1,0,0.0,0.0,1
veh_8683,0,0,0,1,0,0.0,0.0,1
veh_8684,0,0,0,1,0,0.0,0.0,1
veh_8685,0,0,0,1,0,0.0,0.0,1
veh_8686,0,0,0,1,0,0.0,0.0,1
veh_8687,0,0,0,1,0,0.0,0.0,1
veh_8688,0,0,0,1,0,0.0,0.0,1
veh_8689,0,0,0,1,0,0.0,0.0,1
veh_8690,0,0,0,1,0,0.0,0.0,1
veh_8691,0,0,0,1,0,0.0,0.0,1
veh_8692,0,0,0,1,0,0.0,0.0,1
veh_8693,0,0,0,1,0,0.0,0.0,1
veh_8694,0,0,0,1,0,0.0,0.0,1
veh_8695,0,0,0,1,0,0.0,0.0,1
veh_8696,0,0,0,1,0,0.0,0.0,1
veh_8697,0,0,0,1,0,0.0,0.0,1
veh_8698,0,0,0,1,0,0.0,0.0,1
veh_8699,0,0,0,1,0,0.0,0.0,1
veh_8700,0,0,0,1,0,0.0,0.0,1
veh_8701,0,0,0,1,0,0.0,0.0,1
veh_8702,0,0,0,1,0,0.0,0.0,1
veh_8703,0,0,0,1,0,0.0,0.0,0
veh_8704,0,0,0,1,0,0.0,0.0,1
veh_8705,0,0,0,1,0,0.0,0.0,1
veh_8706,0,0,0,1,0,0.0,0.0,0
veh_8707,0,0,0,1,0,0.0,0.0,1
veh_8708,0,0,0,1,0,0.0,0.0,0
veh_8709,0,0,0,1,0,0.0,0.0,1
veh_8710,0,0,0,1,0,0.0,0.0,1
veh_8711,0,0,0,1,0,0.0,0.0,1
veh_8712,0,0,0,1,0,0.0,0.0,0
veh_8713,0,0,0,1,0,0.0,0.0,1
veh_8714,0,0,0,1,0,0.0,0.0,1
veh_8715,0,0,0,1,0,0.0,0.0,1
veh_8716,0,0,0,1,0,0.0,0.0,1
veh_8717,0,0,0,1,0,0.0,0.0,1
veh_8718,0,0,0,1,0,0.0,0.0,1
veh_8719,0,0,0,1,0,0.0,0.0,1
veh_8720,0,0,0,1,0,0.0,0.0,0
veh_8721,0,0,0,1,0,0.0,0.0,1
veh_8722,0,0,0,1,0,0.0,0.0,1
veh_8723,0,0,0,1,0,0.0,0.0,1
veh_8724,0,0,0,1,0,0.0,0.0,1
veh_8725,0,0,0,1,0,0.0,0.0,1
veh_8726,0,0,0,1,0,0.0,0.0,1
veh_8727,0,0,0,1,0,0.0,0.0,1
veh_8728,0,0,0,1,0,0.0,0.0,1
veh_8729,0,0,0,1,0,0.0,0.0,1
veh_8730,0,0,0,1,0,0.0,0.0,1
veh_8731,0,0,0,1,0,0.0,0.0,1
veh_8732,0,0,0,1,0,0.0,0.0,0
veh_8733,0,0,0,1,0,0.0,0.0,0
veh_8734,0,0,0,1,0,0.0,0.0,1
veh_8735,0,0,0,1,0,0.0,0.0,0
veh_8736,0,0,0,1,0,0.0,0.0,1
veh_8737,0,0,0,1,0,0.0,0.0,0
veh_8738,0,0,0,1,0,0.0,0.0,0
veh_8739,0,0,0,1,0,0.0,0.0,1
veh_8740,0,0,0,1,0,0.0,0.0,0
veh_8741,0,0,0,1,0,0.0,0.0,1
veh_8742,0,0,0,1,0,0.0,0.0,0
veh_8743,0,0,0,1,0,0.0,0.0,1
veh_8744,0,0,0,1,0,0.0,0.0,0
veh_8745,0,0,0,1,0,0.0,0.0,1
veh_8746,0,0,0,1,0,0.0,0.0,1
veh_8747,0,0,0,1,0,0.0,0.0,1
veh_8748,0,0,0,1,0,0.0,0.0,0
veh_8749,0,0,0,1,0,0.0,0.0,1
veh_8750,0,0,0,1,0,0.0,0.0,1
veh_8751,0,0,0,1,0,0.0,0.0,1
veh_8752,0,0,0,1,0,0.0,0.0,1
veh_8753,0,0,0,1,0,0.0,0.0,0
veh_8754,0,0,0,1,0,0.0,0.0,1
veh_8755,0,0,0,1,0,0.0,0.0,1
veh_8756,0,0,0,1,0,0.0,0.0,1
veh_8757,0,0,0,1,0,0.0,0.0,1
veh_8758,0,0,0,1,0,0.0,0.0,1
veh_8759,0,0,0,1,0,0.0,0.0,1
veh_8760,0,0,0,1,0,0.0,0.0,1
veh_8761,0,0,0,1,0,0.0,0.0,1
veh_8762,0,0,0,1,0,0.0,0.0,1
veh_8763,0,0,0,1,0,0.0,0.0,1
veh_8764,0,0,0,1,0,0.0,0.0,1
veh_8765,0,0,0,1,0,0.0,0.0,1
veh_8766,0,0,0,1,0,0.0,0.0,1
veh_8767,0,0,0,1,0,0.0,0.0,1
veh_8768,0,0,0,1,0,0.0,0.0,1
veh_8769,0,0,0,1,0,0.0,0.0,1
veh_8770,0,0,0,1,0,0.0,0.0,1
veh_8771,0,0,0,1,0,0.0,0.0,0
veh_8772,0,0,0,1,0,0.0,0.0,1
veh_8773,0,0,0,1,0,0.0,0.0,1
veh_8774,0,0,0,1,0,0.0,0.0,1
veh_8775,0,0,0,1,0,0.0,0.0,1
veh_8776,0,0,0,1,0,0.0,0.0,1
veh_8777,0,0,0,1,0,0.0,0.0,1
veh_8778,0,0,0,1,0,0.0,0.0,1
veh_8779,0,0,0,1,0,0.0,0.0,1
veh_8780,0,0,0,1,0,0.0,0.0,1
veh_8781,0,0,0,1,0,0.0,0.0,1
veh_8782,0,0,0,1,0,0.0,0.0,0
veh_8783,0,0,0,1,0,0.0,0.0,1
veh_8784,0,0,0,1,0,0.0,0.0,1
veh_8785,0,0,0,1,0,0.0,0.0,1
veh_8786,0,0,0,1,0,0.0,0.0,0
veh_8787,0,0,0,1,0,0.0,0.0,1
veh_8788,0,0,0,1,0,0.0,0.0,1
veh_8789,0,0,0,1,0,0.0,0.0,1
veh_8790,0,0,0,1,0,0.0,0.0,1
veh_8791,0,0,0,1,0,0.0,0.0,0
veh_8792,0,0,0,1,0,0.0,0.0,1
veh_8793,0,0,0,1,0,0.0,0.0,1
veh_8794,0,0,0,1,0,0.0,0.0,1
veh_8795,0,0,0,1,0,0.0,0.0,1
veh_8796,0,0,0,1,0,0.0,0.0,1
veh_8797,0,0,0,1,0,0.0,0.0,1
veh_8798,0,0,0,1,0,0.0,0.0,1
veh_8799,0,0,0,1,0,0.0,0.0,1
veh_8800,0,0,0,1,0,0.0,0.0,1
veh_8801,0,0,0,1,0,0.0,0.0,1
veh_8802,0,0,0,1,0,0.0,0.0,0
veh_8803,0,0,0,1,0,0.0,0.0,1
veh_8804,0,0,0,1,0,0.0,0.0,1
veh_8805,0,0,0,1,0,0.0,0.0,1
veh_8806,0,0,0,1,0,0.0,0.0,1
veh_8807,0,0,0,1,0,0.0,0.0,0
veh_8808,0,0,0,1,0,0.0,0.0,1
veh_8809,0,0,0,1,0,0.0,0.0,1
veh_8810,0,0,0,1,0,0.0,0.0,1
veh_8811,0,0,0,1,0,0.0,0.0,1
veh_8812,0,0,0,1,0,0.0,0.0,1
veh_8813,0,0,0,1,0,0.0,0.0,1
veh_8814,0,0,0,1,0,0.0,0.0,1
veh_8815,0,0,0,1,0,0.0,0.0,0
veh_8816,0,0,0,1,0,0.0,0.0,0
veh_8817,0,0,0,1,0,0.0,0.0,1
veh_8818,0,0,0,1,0,0.0,0.0,1
veh_8819,0,0,0,1,0,0.0,0.0,1
veh_8820,0,0,0,1,0,0.0,0.0,1
veh_8821,0,0,0,1,0,0.0,0.0,1
veh_8822,0,0,0,1,0,0.0,0.0,1
veh_8823,0,0,0,1,0,0.0,0.0,1
veh_8824,0,0,0,1,0,0.0,0.0,1
veh_8825,0,0,0,1,0,0.0,0.0,0
veh_8826,0,0,0,1,0,0.0,0.0,1
veh_8827,0,0,0,1,0,0.0,0.0,1
veh_8828,0,0,0,1,0,0.0,0.0,0
veh_8829,0,0,0,1,0,0.0,0.0,1
veh_8830,0,0,0,1,0,0.0,0.0,1
veh_8831,0,0,0,1,0,0.0,0.0,0
veh_8832,0,0,0,1,0,0.0,0.0,1
veh_8833,0,0,0,1,0,0.0,0.0,1
veh_8834,0,0,0,1,0,0.0,0.0,1
veh_8835,0,0,0,1,0,0.0,0.0,0
veh_8836,0,0,0,1,0,0.0,0.0,1
veh_8837,0,0,0,1,0,0.0,0.0,0
veh_8838,0,0,0,1,0,0.0,0.0,0
veh_8839,0,0,0,1,0,0.0,0.0,1
veh_8840,0,0,0,1,0,0.0,0.0,1
veh_8841,0,0,0,1,0,0.0,0.0,1
veh_8842,0,0,0,1,0,0.0,0.0,1
veh_8843,0,0,0,1,0,0.0,0.0,1
veh_8844,0,0,0,1,0,0.0,0.0,1
veh_8845,0,0,0,1,0,0.0,0.0,1
veh_8846,0,0,0,1,0,0.0,0.0,1
veh_8847,0,0,0,1,0,0.0,0.0,1
veh_8848,0,0,0,1,0,0.0,0.0,1
veh_8849,0,0,0,1,0,0.0,0.0,1
veh_8850,0,0,0,1,0,0.0,0.0,1
veh_8851,0,0,0,1,0,0.0,0.0,0
veh_8852,0,0,0,1,0,0.0,0.0,1
veh_8853,0,0,0,1,0,0.0,0.0,1
veh_8854,0,0,0,1,0,0.0,0.0,1
veh_8855,0,0,0,1,0,0.0,0.0,1
veh_8856,0,0,0,1,0,0.0,0.0,1
veh_8857,0,0,0,1,0,0.0,0.0,1
veh_8858,0,0,0,1,0,0.0,0.0,1
veh_8859,0,0,0,1,0,0.0,0.0,1
veh_8860,0,0,0,1,0,0.0,0.0,1
veh_8861,0,0,0,1,0,0.0,0.0,1
veh_8862,0,0,0,1,0,0.0,0.0,1
veh_8863,0,0,0,1,0,0.0,0.0,1
veh_8864,0,0,0,1,0,0.0,0.0,1
veh_8865,0,0,0,1,0,0.0,0.0,1
veh_8866,0,0,0,1,0,0.0,0.0,0
veh_8867,0,0,0,1,0,0.0,0.0,1
veh_8868,0,0,0,1,0,0.0,0.0,1
veh_8869,0,0,0,1,0,0.0,0.0,1
veh_8870,0,0,0,1,0,0.0,0.0,1
veh_8871,0,0,0,1,0,0.0,0.0,1
veh_8872,0,0,0,1,0,0.0,0.0,1
veh_8873,0,0,0,1,0,0.0,0.0,0
veh_8874,0,0,0,1,0,0.0,0.0,1
veh_8875,0,0,0,1,0,0.0,0.0,1
veh_8876,0,0,0,1,0,0.0,0.0,1
veh_8877,0,0,0,1,0,0.0,0.0,1
veh_8878,0,0,0,1,0,0.0,0.0,1
veh_8879,0,0,0,1,0,0.0,0.0,1
veh_8880,0,0,0,1,0,0.0,0.0,1
veh_8881,0,0,0,1,0,0.0,0.0,1
veh_8882,0,0,0,1,0,0.0,0.0,1
veh_8883,0,0,0,1,0,0.0,0.0,0
veh_8884,0,0,0,1,0,0.0,0.0,1
veh_8885,0,0,0,1,0,0.0,0.0,1
veh_8886,0,0,0,1,0,0.0,0.0,0
veh_8887,0,0,0,1,0,0.0,0.0,1
veh_8888,0,0,0,1,0,0.0,0.0,1
veh_8889,0,0,0,1,0,0.0,0.0,0
veh_8890,0,0,0,1,0,0.0,0.0,1
veh_8891,0,0,0,1,0,0.0,0.0,1
veh_8892,0,0,0,1,0,0.0,0.0,0
veh_8893,0,0,0,1,0,0.0,0.0,0
veh_8894,0,0,0,1,0,0.0,0.0,1
veh_8895,0,0,0,1,0,0.0,0.0,0
veh_8896,0,0,0,1,0,0.0,0.0,1
veh_8897,0,0,0,1,0,0.0,0.0,1
veh_8898,0,0,0,1,0,0.0,0.0,1
veh_8899,0,0,0,1,0,0.0,0.0,1
veh_8900,0,0,0,1,0,0.0,0.0,1
veh_8901,0,0,0,1,0,0.0,0.0,1
veh_8902,0,0,0,1,0,0.0,0.0,1
veh_8903,0,0,0,1,0,0.0,0.0,1
veh_8904,0,0,0,1,0,0.0,0.0,0
veh_8905,0,0,0,1,0,0.0,0.0,1
veh_8906,0,0,0,1,0,0.0,0.0,0
veh_8907,0,0,0,1,0,0.0,0.0,1
veh_8908,0,0,0,1,0,0.0,0.0,1
veh_8909,0,0,0,1,0,0.0,0.0,1
veh_8910,0,0,0,1,0,0.0,0.0,1
veh_8911,0,0,0,1,0,0.0,0.0,0
veh_8912,0,0,0,1,0,0.0,0.0,1
veh_8913,0,0,0,1,0,0.0,0.0,1
veh_8914,0,0,0,1,0,0.0,0.0,1
veh_8915,0,0,0,1,0,0.0,0.0,0
veh_8916,0,0,0,1,0,0.0,0.0,0
veh_8917,0,0,0,1,0,0.0,0.0,1
veh_8918,0,0,0,1,0,0.0,0.0,0
veh_8919,0,0,0,1,0,0.0,0.0,1
veh_8920,0,0,0,1,0,0.0,0.0,1
veh_8921,0,0,0,1,0,0.0,0.0,1
veh_8922,0,0,0,1,0,0.0,0.0,1
veh_8923,0,0,0,1,0,0.0,0.0,1
veh_8924,0,0,0,1,0,0.0,0.0,1
veh_8925,0,0,0,1,0,0.0,0.0,1
veh_8926,0,0,0,1,0,0.0,0.0,1
veh_8927,0,0,0,1,0,0.0,0.0,1
veh_8928,0,0,0,1,0,0.0,0.0,0
veh_8929,0,0,0,1,0,0.0,0.0,1
veh_8930,0,0,0,1,0,0.0,0.0,1
veh_8931,0,0,0,1,0,0.0,0.0,1
veh_8932,0,0,0,1,0,0.0,0.0,0
veh_8933,0,0,0,1,0,0.0,0.0,0
veh_8934,0,0,0,1,0,0.0,0.0,1
veh_8935,0,0,0,1,0,0.0,0.0,1
veh_8936,0,0,0,1,0,0.0,0.0,0
veh_8937,0,0,0,1,0,0.0,0.0,1
veh_8938,0,0,0,1,0,0.0,0.0,1
veh_8939,0,0,0,1,0,0.0,0.0,1
veh_8940,0,0,0,1,0,0.0,0.0,1
veh_8941,0,0,0,1,0,0.0,0.0,1
veh_8942,0,0,0,1,0,0.0,0.0,1
veh_8943,0,0,0,1,0,0.0,0.0,1
veh_8944,0,0,0,1,0,0.0,0.0,1
veh_8945,0,0,0,1,0,0.0,0.0,1
veh_8946,0,0,0,1,0,0.0,0.0,1
veh_8947,0,0,0,1,0,0.0,0.0,1
veh_8948,0,0,0,1,0,0.0,0.0,0
veh_8949,0,0,0,1,0,0.0,0.0,1
veh_8950,0,0,0,1,0,0.0,0.0,1
veh_8951,0,0,0,1,0,0.0,0.0,1
veh_8952,0,0,0,1,0,0.0,0.0,1
veh_8953,0,0,0,1,0,0.0,0.0,1
veh_8954,0,0,0,1,0,0.0,0.0,1
veh_8955,0,0,0,1,0,0.0,0.0,1
veh_8956,0,0,0,1,0,0.0,0.0,0
veh_8957,0,0,0,1,0,0.0,0.0,0
veh_8958,0,0,0,1,0,0.0,0.0,0
veh_8959,0,0,0,1,0,0.0,0.0,1
veh_8960,0,0,0,1,0,0.0,0.0,1
veh_8961,0,0,0,1,0,0.0,0.0,1
veh_8962,0,0,0,1,0,0.0,0.0,0
veh_8963,0,0,0,1,0,0.0,0.0,1
veh_8964,0,0,0,1,0,0.0,0.0,1
veh_8965,0,0,0,1,0,0.0,0.0,1
veh_8966,0,0,0,1,0,0.0,0.0,1
veh_8967,0,0,0,1,0,0.0,0.0,0
veh_8968,0,0,0,1,0,0.0,0.0,0
veh_8969,0,0,0,1,0,0.0,0.0,0
veh_8970,0,0,0,1,0,0.0,0.0,0
veh_8971,0,0,0,1,0,0.0,0.0,1
veh_8972,0,0,0,1,0,0.0,0.0,1
veh_8973,0,0,0,1,0,0.0,0.0,1
veh_8974,0,0,0,1,0,0.0,0.0,1
veh_8975,0,0,0,1,0,0.0,0.0,1
veh_8976,0,0,0,1,0,0.0,0.0,1
veh_8977,0,0,0,1,0,0.0,0.0,1
veh_8978,0,0,0,1,0,0.0,0.0,1
veh_8979,0,0,0,1,0,0.0,0.0,1
veh_8980,0,0,0,1,0,0.0,0.0,0
veh_8981,0,0,0,1,0,0.0,0.0,1
veh_8982,0,0,0,1,0,0.0,0.0,1
veh_8983,0,0,0,1,0,0.0,0.0,0
veh_8984,0,0,0,1,0,0.0,0.0,1
veh_8985,0,0,0,1,0,0.0,0.0,1
veh_8986,0,0,0,1,0,0.0,0.0,0
veh_8987,0,0,0,1,0,0.0,0.0,1
veh_8988,0,0,0,1,0,0.0,0.0,1
veh_8989,0,0,0,1,0,0.0,0.0,1
veh_8990,0,0,0,1,0,0.0,0.0,0
veh_8991,0,0,0,1,0,0.0,0.0,1
veh_8992,0,0,0,1,0,0.0,0.0,1
veh_8993,0,0,0,1,0,0.0,0.0,1
veh_8994,0,0,0,1,0,0.0,0.0,1
veh_8995,0,0,0,1,0,0.0,0.0,0
veh_8996,0,0,0,1,0,0.0,0.0,1
veh_8997,0,0,0,1,0,0.0,0.0,1
veh_8998,0,0,0,1,0,0.0,0.0,0
veh_8999,0,0,0,1,0,0.0,0.0,1
veh_9000,0,0,0,1,0,0.0,0.0,1
veh_9001,0,0,0,1,0,0.0,0.0,1
veh_9002,0,0,0,1,0,0.0,0.0,1
veh_9003,0,0,0,1,0,0.0,0.0,1
veh_9004,0,0,0,1,0,0.0,0.0,0
veh_9005,0,0,0,1,0,0.0,0.0,1
veh_9006,0,0,0,1,0,0.0,0.0,1
veh_9007,0,0,0,1,0,0.0,0.0,1
veh_9008,0,0,0,1,0,0.0,0.0,0
veh_9009,0,0,0,1,0,0.0,0.0,0
veh_9010,0,0,0,1,0,0.0,0.0,1
veh_9011,0,0,0,1,0,0.0,0.0,1
veh_9012,0,0,0,1,0,0.0,0.0,1
veh_9013,0,0,0,1,0,0.0,0.0,1
veh_9014,0,0,0,1,0,0.0,0.0,0
veh_9015,0,0,0,1,0,0.0,0.0,1
veh_9016,0,0,0,1,0,0.0,0.0,1
veh_9017,0,0,0,1,0,0.0,0.0,1
veh_9018,0,0,0,1,0,0.0,0.0,1
veh_9019,0,0,0,1,0,0.0,0.0,1
veh_9020,0,0,0,1,0,0.0,0.0,1
veh_9021,0,0,0,1,0,0.0,0.0,0
veh_9022,0,0,0,1,0,0.0,0.0,1
veh_9023,0,0,0,1,0,0.0,0.0,1
veh_9024,0,0,0,1,0,0.0,0.0,1
veh_9025,0,0,0,1,0,0.0,0.0,1
veh_9026,0,0,0,1,0,0.0,0.0,0
veh_9027,0,0,0,1,0,0.0,0.0,1
veh_9028,0,0,0,1,0,0.0,0.0,1
veh_9029,0,0,0,1,0,0.0,0.0,1
veh_9030,0,0,0,1,0,0.0,0.0,1
veh_9031,0,0,0,1,0,0.0,0.0,1
veh_9032,0,0,0,1,0,0.0,0.0,1
veh_9033,0,0,0,1,0,0.0,0.0,1
veh_9034,0,0,0,1,0,0.0,0.0,1
veh_9035,0,0,0,1,0,0.0,0.0,1
veh_9036,0,0,0,1,0,0.0,0.0,0
veh_9037,0,0,0,1,0,0.0,0.0,1
veh_9038,0,0,0,1,0,0.0,0.0,1
veh_9039,0,0,0,1,0,0.0,0.0,1
veh_9040,0,0,0,1,0,0.0,0.0,1
veh_9041,0,0,0,1,0,0.0,0.0,1
veh_9042,0,0,0,1,0,0.0,0.0,1
veh_9043,0,0,0,1,0,0.0,0.0,1
veh_9044,0,0,0,1,0,0.0,0.0,0
veh_9045,0,0,0,1,0,0.0,0.0,1
veh_9046,0,0,0,1,0,0.0,0.0,1
veh_9047,0,0,0,1,0,0.0,0.0,1
veh_9048,0,0,0,1,0,0.0,0.0,1
veh_9049,0,0,0,1,0,0.0,0.0,0
veh_9050,0,0,0,1,0,0.0,0.0,1
veh_9051,0,0,0,1,0,0.0,0.0,1
veh_9052,0,0,0,1,0,0.0,0.0,1
veh_9053,0,0,0,1,0,0.0,0.0,1
veh_9054,0,0,0,1,0,0.0,0.0,1
veh_9055,0,0,0,1,0,0.0,0.0,1
veh_9056,0,0,0,1,0,0.0,0.0,1
veh_9057,0,0,0,1,0,0.0,0.0,1
veh_9058,0,0,0,1,0,0.0,0.0,1
veh_9059,0,0,0,1,0,0.0,0.0,1
veh_9060,0,0,0,1,0,0.0,0.0,1
veh_9061,0,0,0,1,0,0.0,0.0,1
veh_9062,0,0,0,1,0,0.0,0.0,1
veh_9063,0,0,0,1,0,0.0,0.0,1
veh_9064,0,0,0,1,0,0.0,0.0,1
veh_9065,0,0,0,1,0,0.0,0.0,1
veh_9066,0,0,0,1,0,0.0,0.0,1
veh_9067,0,0,0,1,0,0.0,0.0,1
veh_9068,0,0,0,1,0,0.0,0.0,1
veh_9069,0,0,0,1,0,0.0,0.0,1
veh_9070,0,0,0,1,0,0.0,0.0,1
veh_9071,0,0,0,1,0,0.0,0.0,0
veh_9072,0,0,0,1,0,0.0,0.0,1
veh_9073,0,0,0,1,0,0.0,0.0,1
veh_9074,0,0,0,1,0,0.0,0.0,0
veh_9075,0,0,0,1,0,0.0,0.0,1
veh_9076,0,0,0,1,0,0.0,0.0,0
veh_9077,0,0,0,1,0,0.0,0.0,1
veh_9078,0,0,0,1,0,0.0,0.0,1
veh_9079,0,0,0,1,0,0.0,0.0,1
veh_9080,0,0,0,1,0,0.0,0.0,1
veh_9081,0,0,0,1,0,0.0,0.0,1
veh_9082,0,0,0,1,0,0.0,0.0,0
veh_9083,0,0,0,1,0,0.0,0.0,1
veh_9084,0,0,0,1,0,0.0,0.0,1
veh_9085,0,0,0,1,0,0.0,0.0,1
veh_9086,0,0,0,1,0,0.0,0.0,1
veh_9087,0,0,0,1,0,0.0,0.0,1
veh_9088,0,0,0,1,0,0.0,0.0,1
veh_9089,0,0,0,1,0,0.0,0.0,1
veh_9090,0,0,0,1,0,0.0,0.0,1
veh_9091,0,0,0,1,0,0.0,0.0,0
veh_9092,0,0,0,1,0,0.0,0.0,0
veh_9093,0,0,0,1,0,0.0,0.0,1
veh_9094,0,0,0,1,0,0.0,0.0,0
veh_9095,0,0,0,1,0,0.0,0.0,1
veh_9096,0,0,0,1,0,0.0,0.0,1
veh_9097,0,0,0,1,0,0.0,0.0,1
veh_9098,0,0,0,1,0,0.0,0.0,1
veh_9099,0,0,0,1,0,0.0,0.0,1
veh_9100,0,0,0,1,0,0.0,0.0,0
veh_9101,0,0,0,1,0,0.0,0.0,1
veh_9102,0,0,0,1,0,0.0,0.0,1
veh_9103,0,0,0,1,0,0.0,0.0,1
veh_9104,0,0,0,1,0,0.0,0.0,1
veh_9105,0,0,0,1,0,0.0,0.0,1
veh_9106,0,0,0,1,0,0.0,0.0,1
veh_9107,0,0,0,1,0,0.0,0.0,1
veh_9108,0,0,0,1,0,0.0,0.0,1
veh_9109,0,0,0,1,0,0.0,0.0,0
veh_9110,0,0,0,1,0,0.0,0.0,0
veh_9111,0,0,0,1,0,0.0,0.0,1
veh_9112,0,0,0,1,0,0.0,0.0,1
veh_9113,0,0,0,1,0,0.0,0.0,1
veh_9114,0,0,0,1,0,0.0,0.0,1
veh_9115,0,0,0,1,0,0.0,0.0,0
veh_9116,0,0,0,1,0,0.0,0.0,1
veh_9117,0,0,0,1,0,0.0,0.0,1
veh_9118,0,0,0,1,0,0.0,0.0,1
veh_9119,0,0,0,1,0,0.0,0.0,0
veh_9120,0,0,0,1,0,0.0,0.0,0
veh_9121,0,0,0,1,0,0.0,0.0,1
veh_9122,0,0,0,1,0,0.0,0.0,1
veh_9123,0,0,0,1,0,0.0,0.0,0
veh_9124,0,0,0,1,0,0.0,0.0,1
veh_9125,0,0,0,1,0,0.0,0.0,1
veh_9126,0,0,0,1,0,0.0,0.0,0
veh_9127,0,0,0,1,0,0.0,0.0,1
veh_9128,0,0,0,1,0,0.0,0.0,0
veh_9129,0,0,0,1,0,0.0,0.0,1
veh_9130,0,0,0,1,0,0.0,0.0,1
veh_9131,0,0,0,1,0,0.0,0.0,1
veh_9132,0,0,0,1,0,0.0,0.0,1
veh_9133,0,0,0,1,0,0.0,0.0,1
veh_9134,0,0,0,1,0,0.0,0.0,1
veh_9135,0,0,0,1,0,0.0,0.0,1
veh_9136,0,0,0,1,0,0.0,0.0,1
veh_9137,0,0,0,1,0,0.0,0.0,1
veh_9138,0,0,0,1,0,0.0,0.0,1
veh_9139,0,0,0,1,0,0.0,0.0,1
veh_9140,0,0,0,1,0,0.0,0.0,1
veh_9141,0,0,0,1,0,0.0,0.0,1
veh_9142,0,0,0,1,0,0.0,0.0,1
veh_9143,0,0,0,1,0,0.0,0.0,1
veh_9144,0,0,0,1,0,0.0,0.0,1
veh_9145,0,0,0,1,0,0.0,0.0,1
veh_9146,0,0,0,1,0,0.0,0.0,1
veh_9147,0,0,0,1,0,0.0,0.0,0
veh_9148,0,0,0,1,0,0.0,0.0,0
veh_9149,0,0,0,1,0,0.0,0.0,0
veh_9150,0,0,0,1,0,0.0,0.0,1
veh_9151,0,0,0,1,0,0.0,0.0,1
veh_9152,0,0,0,1,0,0.0,0.0,1
veh_9153,0,0,0,1,0,0.0,0.0,1
veh_9154,0,0,0,1,0,0.0,0.0,1
veh_9155,0,0,0,1,0,0.0,0.0,1
veh_9156,0,0,0,1,0,0.0,0.0,1
veh_9157,0,0,0,1,0,0.0,0.0,1
veh_9158,0,0,0,1,0,0.0,0.0,1
veh_9159,0,0,0,1,0,0.0,0.0,1
veh_9160,0,0,0,1,0,0.0,0.0,1
veh_9161,0,0,0,1,0,0.0,0.0,1
veh_9162,0,0,0,1,0,0.0,0.0,1
veh_9163,0,0,0,1,0,0.0,0.0,1
veh_9164,0,0,0,1,0,0.0,0.0,1
veh_9165,0,0,0,1,0,0.0,0.0,1
veh_9166,0,0,0,1,0,0.0,0.0,1
veh_9167,0,0,0,1,0,0.0,0.0,1
veh_9168,0,0,0,1,0,0.0,0.0,1
veh_9169,0,0,0,1,0,0.0,0.0,1
veh_9170,0,0,0,1,0,0.0,0.0,1
veh_9171,0,0,0,1,0,0.0,0.0,0
veh_9172,0,0,0,1,0,0.0,0.0,0
veh_9173,0,0,0,1,0,0.0,0.0,1
veh_9174,0,0,0,1,0,0.0,0.0,1
veh_9175,0,0,0,1,0,0.0,0.0,1
veh_9176,0,0,0,1,0,0.0,0.0,1
veh_9177,0,0,0,1,0,0.0,0.0,1
veh_9178,0,0,0,1,0,0.0,0.0,1
veh_9179,0,0,0,1,0,0.0,0.0,1
veh_9180,0,0,0,1,0,0.0,0.0,1
veh_9181,0,0,0,1,0,0.0,0.0,0
veh_9182,0,0,0,1,0,0.0,0.0,0
veh_9183,0,0,0,1,0,0.0,0.0,1
veh_9184,0,0,0,1,0,0.0,0.0,0
veh_9185,0,0,0,1,0,0.0,0.0,0
veh_9186,0,0,0,1,0,0.0,0.0,1
veh_9187,0,0,0,1,0,0.0,0.0,1
veh_9188,0,0,0,1,0,0.0,0.0,1
veh_9189,0,0,0,1,0,0.0,0.0,1
veh_9190,0,0,0,1,0,0.0,0.0,1
veh_9191,0,0,0,1,0,0.0,0.0,1
veh_9192,0,0,0,1,0,0.0,0.0,0
veh_9193,0,0,0,1,0,0.0,0.0,1
veh_9194,0,0,0,1,0,0.0,0.0,1
veh_9195,0,0,0,1,0,0.0,0.0,1
veh_9196,0,0,0,1,0,0.0,0.0,0
veh_9197,0,0,0,1,0,0.0,0.0,0
veh_9198,0,0,0,1,0,0.0,0.0,0
veh_9199,0,0,0,1,0,0.0,0.0,1
veh_9200,0,0,0,1,0,0.0,0.0,1
veh_9201,0,0,0,1,0,0.0,0.0,0
veh_9202,0,0,0,1,0,0.0,0.0,1
veh_9203,0,0,0,1,0,0.0,0.0,1
veh_9204,0,0,0,1,0,0.0,0.0,0
veh_9205,0,0,0,1,0,0.0,0.0,1
veh_9206,0,0,0,1,0,0.0,0.0,1
veh_9207,0,0,0,1,0,0.0,0.0,1
veh_9208,0,0,0,1,0,0.0,0.0,1
veh_9209,0,0,0,1,0,0.0,0.0,1
veh_9210,0,0,0,1,0,0.0,0.0,0
veh_9211,0,0,0,1,0,0.0,0.0,1
veh_9212,0,0,0,1,0,0.0,0.0,1
veh_9213,0,0,0,1,0,0.0,0.0,1
veh_9214,0,0,0,1,0,0.0,0.0,0
veh_9215,0,0,0,1,0,0.0,0.0,1
veh_9216,0,0,0,1,0,0.0,0.0,1
veh_9217,0,0,0,1,0,0.0,0.0,1
veh_9218,0,0,0,1,0,0.0,0.0,0
veh_9219,0,0,0,1,0,0.0,0.0,0
veh_9220,0,0,0,1,0,0.0,0.0,1
veh_9221,0,0,0,1,0,0.0,0.0,1
veh_9222,0,0,0,1,0,0.0,0.0,1
veh_9223,0,0,0,1,0,0.0,0.0,1
veh_9224,0,0,0,1,0,0.0,0.0,1
veh_9225,0,0,0,1,0,0.0,0.0,0
veh_9226,0,0,0,1,0,0.0,0.0,1
veh_9227,0,0,0,1,0,0.0,0.0,1
veh_9228,0,0,0,1,0,0.0,0.0,1
veh_9229,0,0,0,1,0,0.0,0.0,1
veh_9230,0,0,0,1,0,0.0,0.0,1
veh_9231,0,0,0,1,0,0.0,0.0,0
veh_9232,0,0,0,1,0,0.0,0.0,0
veh_9233,0,0,0,1,0,0.0,0.0,1
veh_9234,0,0,0,1,0,0.0,0.0,1
veh_9235,0,0,0,1,0,0.0,0.0,1
veh_9236,0,0,0,1,0,0.0,0.0,1
veh_9237,0,0,0,1,0,0.0,0.0,0
veh_9238,0,0,0,1,0,0.0,0.0,1
veh_9239,0,0,0,1,0,0.0,0.0,1
veh_9240,0,0,0,1,0,0.0,0.0,1
veh_9241,0,0,0,1,0,0.0,0.0,0
veh_9242,0,0,0,1,0,0.0,0.0,1
veh_9243,0,0,0,1,0,0.0,0.0,1
veh_9244,0,0,0,1,0,0.0,0.0,1
veh_9245,0,0,0,1,0,0.0,0.0,1
veh_9246,0,0,0,1,0,0.0,0.0,1
veh_9247,0,0,0,1,0,0.0,0.0,1
veh_9248,0,0,0,1,0,0.0,0.0,1
veh_9249,0,0,0,1,0,0.0,0.0,1
veh_9250,0,0,0,1,0,0.0,0.0,0
veh_9251,0,0,0,1,0,0.0,0.0,1
veh_9252,0,0,0,1,0,0.0,0.0,1
veh_9253,0,0,0,1,0,0.0,0.0,1
veh_9254,0,0,0,1,0,0.0,0.0,1
veh_9255,0,0,0,1,0,0.0,0.0,1
veh_9256,0,0,0,1,0,0.0,0.0,1
veh_9257,0,0,0,1,0,0.0,0.0,1
veh_9258,0,0,0,1,0,0.0,0.0,1
veh_9259,0,0,0,1,0,0.0,0.0,1
veh_9260,0,0,0,1,0,0.0,0.0,1
veh_9261,0,0,0,1,0,0.0,0.0,0
veh_9262,0,0,0,1,0,0.0,0.0,1
veh_9263,0,0,0,1,0,0.0,0.0,1
veh_9264,0,0,0,1,0,0.0,0.0,1
veh_9265,0,0,0,1,0,0.0,0.0,1
veh_9266,0,0,0,1,0,0.0,0.0,1
veh_9267,0,0,0,1,0,0.0,0.0,1
veh_9268,0,0,0,1,0,0.0,0.0,1
veh_9269,0,0,0,1,0,0.0,0.0,1
veh_9270,0,0,0,1,0,0.0,0.0,1
veh_9271,0,0,0,1,0,0.0,0.0,1
veh_9272,0,0,0,1,0,0.0,0.0,0
veh_9273,0,0,0,1,0,0.0,0.0,1
veh_9274,0,0,0,1,0,0.0,0.0,0
veh_9275,0,0,0,1,0,0.0,0.0,1
veh_9276,0,0,0,1,0,0.0,0.0,1
veh_9277,0,0,0,1,0,0.0,0.0,0
veh_9278,0,0,0,1,0,0.0,0.0,1
veh_9279,0,0,0,1,0,0.0,0.0,1
veh_9280,0,0,0,1,0,0.0,0.0,0
veh_9281,0,0,0,1,0,0.0,0.0,0
veh_9282,0,0,0,1,0,0.0,0.0,1
veh_9283,0,0,0,1,0,0.0,0.0,0
veh_9284,0,0,0,1,0,0.0,0.0,1
veh_9285,0,0,0,1,0,0.0,0.0,1
veh_9286,0,0,0,1,0,0.0,0.0,1
veh_9287,0,0,0,1,0,0.0,0.0,1
veh_9288,0,0,0,1,0,0.0,0.0,1
veh_9289,0,0,0,1,0,0.0,0.0,1
veh_9290,0,0,0,1,0,0.0,0.0,1
veh_9291,0,0,0,1,0,0.0,0.0,1
veh_9292,0,0,0,1,0,0.0,0.0,1
veh_9293,0,0,0,1,0,0.0,0.0,1
veh_9294,0,0,0,1,0,0.0,0.0,1
veh_9295,0,0,0,1,0,0.0,0.0,1
veh_9296,0,0,0,1,0,0.0,0.0,1
veh_9297,0,0,0,1,0,0.0,0.0,1
veh_9298,0,0,0,1,0,0.0,0.0,1
veh_9299,0,0,0,1,0,0.0,0.0,1
veh_9300,0,0,0,1,0,0.0,0.0,1
veh_9301,0,0,0,1,0,0.0,0.0,1
veh_9302,0,0,0,1,0,0.0,0.0,1
veh_9303,0,0,0,1,0,0.0,0.0,1
veh_9304,0,0,0,1,0,0.0,0.0,1
veh_9305,0,0,0,1,0,0.0,0.0,1
veh_9306,0,0,0,1,0,0.0,0.0,0
veh_9307,0,0,0,1,0,0.0,0.0,1
veh_9308,0,0,0,1,0,0.0,0.0,1
veh_9309,0,0,0,1,0,0.0,0.0,1
veh_9310,0,0,0,1,0,0.0,0.0,1
veh_9311,0,0,0,1,0,0.0,0.0,0
veh_9312,0,0,0,1,0,0.0,0.0,1
veh_9313,0,0,0,1,0,0.0,0.0,1
veh_9314,0,0,0,1,0,0.0,0.0,1
veh_9315,0,0,0,1,0,0.0,0.0,1
veh_9316,0,0,0,1,0,0.0,0.0,1
veh_9317,0,0,0,1,0,0.0,0.0,1
veh_9318,0,0,0,1,0,0.0,0.0,1
veh_9319,0,0,0,1,0,0.0,0.0,0
veh_9320,0,0,0,1,0,0.0,0.0,1
veh_9321,0,0,0,1,0,0.0,0.0,0
veh_9322,0,0,0,1,0,0.0,0.0,1
veh_9323,0,0,0,1,0,0.0,0.0,1
veh_9324,0,0,0,1,0,0.0,0.0,0
veh_9325,0,0,0,1,0,0.0,0.0,1
veh_9326,0,0,0,1,0,0.0,0.0,1
veh_9327,0,0,0,1,0,0.0,0.0,0
veh_9328,0,0,0,1,0,0.0,0.0,1
veh_9329,0,0,0,1,0,0.0,0.0,1
veh_9330,0,0,0,1,0,0.0,0.0,1
veh_9331,0,0,0,1,0,0.0,0.0,1
veh_9332,0,0,0,1,0,0.0,0.0,1
veh_9333,0,0,0,1,0,0.0,0.0,1
veh_9334,0,0,0,1,0,0.0,0.0,1
veh_9335,0,0,0,1,0,0.0,0.0,1
veh_9336,0,0,0,1,0,0.0,0.0,0
veh_9337,0,0,0,1,0,0.0,0.0,1
veh_9338,0,0,0,1,0,0.0,0.0,1
veh_9339,0,0,0,1,0,0.0,0.0,1
veh_9340,0,0,0,1,0,0.0,0.0,1
veh_9341,0,0,0,1,0,0.0,0.0,1
veh_9342,0,0,0,1,0,0.0,0.0,0
veh_9343,0,0,0,1,0,0.0,0.0,1
veh_9344,0,0,0,1,0,0.0,0.0,0
veh_9345,0,0,0,1,0,0.0,0.0,1
veh_9346,0,0,0,1,0,0.0,0.0,1
veh_9347,0,0,0,1,0,0.0,0.0,1
veh_9348,0,0,0,1,0,0.0,0.0,0
veh_9349,0,0,0,1,0,0.0,0.0,1
veh_9350,0,0,0,1,0,0.0,0.0,1
veh_9351,0,0,0,1,0,0.0,0.0,1
veh_9352,0,0,0,1,0,0.0,0.0,1
veh_9353,0,0,0,1,0,0.0,0.0,1
veh_9354,0,0,0,1,0,0.0,0.0,1
veh_9355,0,0,0,1,0,0.0,0.0,1
veh_9356,0,0,0,1,0,0.0,0.0,1
veh_9357,0,0,0,1,0,0.0,0.0,1
veh_9358,0,0,0,1,0,0.0,0.0,0
veh_9359,0,0,0,1,0,0.0,0.0,1
veh_9360,0,0,0,1,0,0.0,0.0,0
veh_9361,0,0,0,1,0,0.0,0.0,1
veh_9362,0,0,0,1,0,0.0,0.0,0
veh_9363,0,0,0,1,0,0.0,0.0,1
veh_9364,0,0,0,1,0,0.0,0.0,1
veh_9365,0,0,0,1,0,0.0,0.0,0
veh_9366,0,0,0,1,0,0.0,0.0,0
veh_9367,0,0,0,1,0,0.0,0.0,1
veh_9368,0,0,0,1,0,0.0,0.0,0
veh_9369,0,0,0,1,0,0.0,0.0,1
veh_9370,0,0,0,1,0,0.0,0.0,1
veh_9371,0,0,0,1,0,0.0,0.0,0
veh_9372,0,0,0,1,0,0.0,0.0,1
veh_9373,0,0,0,1,0,0.0,0.0,0
veh_9374,0,0,0,1,0,0.0,0.0,1
veh_9375,0,0,0,1,0,0.0,0.0,1
veh_9376,0,0,0,1,0,0.0,0.0,1
veh_9377,0,0,0,1,0,0.0,0.0,1
veh_9378,0,0,0,1,0,0.0,0.0,1
veh_9379,0,0,0,1,0,0.0,0.0,1
veh_9380,0,0,0,1,0,0.0,0.0,1
veh_9381,0,0,0,1,0,0.0,0.0,1
veh_9382,0,0,0,1,0,0.0,0.0,1
veh_9383,0,0,0,1,0,0.0,0.0,0
veh_9384,0,0,0,1,0,0.0,0.0,1
veh_9385,0,0,0,1,0,0.0,0.0,1
veh_9386,0,0,0,1,0,0.0,0.0,1
veh_9387,0,0,0,1,0,0.0,0.0,1
veh_9388,0,0,0,1,0,0.0,0.0,1
veh_9389,0,0,0,1,0,0.0,0.0,1
veh_9390,0,0,0,1,0,0.0,0.0,0
veh_9391,0,0,0,1,0,0.0,0.0,1
veh_9392,0,0,0,1,0,0.0,0.0,1
veh_9393,0,0,0,1,0,0.0,0.0,1
veh_9394,0,0,0,1,0,0.0,0.0,1
veh_9395,0,0,0,1,0,0.0,0.0,0
veh_9396,0,0,0,1,0,0.0,0.0,1
veh_9397,0,0,0,1,0,0.0,0.0,0
veh_9398,0,0,0,1,0,0.0,0.0,0
veh_9399,0,0,0,1,0,0.0,0.0,1
veh_9400,0,0,0,1,0,0.0,0.0,1
veh_9401,0,0,0,1,0,0.0,0.0,1
veh_9402,0,0,0,1,0,0.0,0.0,1
veh_9403,0,0,0,1,0,0.0,0.0,1
veh_9404,0,0,0,1,0,0.0,0.0,1
veh_9405,0,0,0,1,0,0.0,0.0,1
veh_9406,0,0,0,1,0,0.0,0.0,1
veh_9407,0,0,0,1,0,0.0,0.0,1
veh_9408,0,0,0,1,0,0.0,0.0,1
veh_9409,0,0,0,1,0,0.0,0.0,1
veh_9410,0,0,0,1,0,0.0,0.0,0
veh_9411,0,0,0,1,0,0.0,0.0,1
veh_9412,0,0,0,1,0,0.0,0.0,0
veh_9413,0,0,0,1,0,0.0,0.0,1
veh_9414,0,0,0,1,0,0.0,0.0,1
veh_9415,0,0,0,1,0,0.0,0.0,1
veh_9416,0,0,0,1,0,0.0,0.0,1
veh_9417,0,0,0,1,0,0.0,0.0,0
veh_9418,0,0,0,1,0,0.0,0.0,1
veh_9419,0,0,0,1,0,0.0,0.0,1
veh_9420,0,0,0,1,0,0.0,0.0,1
veh_9421,0,0,0,1,0,0.0,0.0,0
veh_9422,0,0,0,1,0,0.0,0.0,0
veh_9423,0,0,0,1,0,0.0,0.0,1
veh_9424,0,0,0,1,0,0.0,0.0,1
veh_9425,0,0,0,1,0,0.0,0.0,1
veh_9426,0,0,0,1,0,0.0,0.0,1
veh_9427,0,0,0,1,0,0.0,0.0,1
veh_9428,0,0,0,1,0,0.0,0.0,1
veh_9429,0,0,0,1,0,0.0,0.0,1
veh_9430,0,0,0,1,0,0.0,0.0,1
veh_9431,0,0,0,1,0,0.0,0.0,1
veh_9432,0,0,0,1,0,0.0,0.0,1
veh_9433,0,0,0,1,0,0.0,0.0,1
veh_9434,0,0,0,1,0,0.0,0.0,1
veh_9435,0,0,0,1,0,0.0,0.0,1
veh_9436,0,0,0,1,0,0.0,0.0,1
veh_9437,0,0,0,1,0,0.0,0.0,1
veh_9438,0,0,0,1,0,0.0,0.0,1
veh_9439,0,0,0,1,0,0.0,0.0,1
veh_9440,0,0,0,1,0,0.0,0.0,0
veh_9441,0,0,0,1,0,0.0,0.0,1
veh_9442,0,0,0,1,0,0.0,0.0,0
veh_9443,0,0,0,1,0,0.0,0.0,1
veh_9444,0,0,0,1,0,0.0,0.0,1
veh_9445,0,0,0,1,0,0.0,0.0,1
veh_9446,0,0,0,1,0,0.0,0.0,1
veh_9447,0,0,0,1,0,0.0,0.0,0
veh_9448,0,0,0,1,0,0.0,0.0,1
veh_9449,0,0,0,1,0,0.0,0.0,1
veh_9450,0,0,0,1,0,0.0,0.0,1
veh_9451,0,0,0,1,0,0.0,0.0,1
veh_9452,0,0,0,1,0,0.0,0.0,1
veh_9453,0,0,0,1,0,0.0,0.0,1
veh_9454,0,0,0,1,0,0.0,0.0,1
veh_9455,0,0,0,1,0,0.0,0.0,1
veh_9456,0,0,0,1,0,0.0,0.0,1
veh_9457,0,0,0,1,0,0.0,0.0,1
veh_9458,0,0,0,1,0,0.0,0.0,1
veh_9459,0,0,0,1,0,0.0,0.0,0
veh_9460,0,0,0,1,0,0.0,0.0,1
veh_9461,0,0,0,1,0,0.0,0.0,1
veh_9462,0,0,0,1,0,0.0,0.0,1
veh_9463,0,0,0,1,0,0.0,0.0,1
veh_9464,0,0,0,1,0,0.0,0.0,0
veh_9465,0,0,0,1,0,0.0,0.0,1
veh_9466,0,0,0,1,0,0.0,0.0,1
veh_9467,0,0,0,1,0,0.0,0.0,1
veh_9468,0,0,0,1,0,0.0,0.0,1
veh_9469,0,0,0,1,0,0.0,0.0,1
veh_9470,0,0,0,1,0,0.0,0.0,1
veh_9471,0,0,0,1,0,0.0,0.0,1
veh_9472,0,0,0,1,0,0.0,0.0,0
veh_9473,0,0,0,1,0,0.0,0.0,1
veh_9474,0,0,0,1,0,0.0,0.0,1
veh_9475,0,0,0,1,0,0.0,0.0,1
veh_9476,0,0,0,1,0,0.0,0.0,1
veh_9477,0,0,0,1,0,0.0,0.0,1
veh_9478,0,0,0,1,0,0.0,0.0,1
veh_9479,0,0,0,1,0,0.0,0.0,1
veh_9480,0,0,0,1,0,0.0,0.0,1
veh_9481,0,0,0,1,0,0.0,0.0,1
veh_9482,0,0,0,1,0,0.0,0.0,1
veh_9483,0,0,0,1,0,0.0,0.0,0
veh_9484,0,0,0,1,0,0.0,0.0,1
veh_9485,0,0,0,1,0,0.0,0.0,1
veh_9486,0,0,0,1,0,0.0,0.0,0
veh_9487,0,0,0,1,0,0.0,0.0,1
veh_9488,0,0,0,1,0,0.0,0.0,1
veh_9489,0,0,0,1,0,0.0,0.0,1
veh_9490,0,0,0,1,0,0.0,0.0,1
veh_9491,0,0,0,1,0,0.0,0.0,1
veh_9492,0,0,0,1,0,0.0,0.0,1
veh_9493,0,0,0,1,0,0.0,0.0,1
veh_9494,0,0,0,1,0,0.0,0.0,1
veh_9495,0,0,0,1,0,0.0,0.0,0
veh_9496,0,0,0,1,0,0.0,0.0,1
veh_9497,0,0,0,1,0,0.0,0.0,1
veh_9498,0,0,0,1,0,0.0,0.0,1
veh_9499,0,0,0,1,0,0.0,0.0,1
veh_9500,0,0,0,1,0,0.0,0.0,1
veh_9501,0,0,0,1,0,0.0,0.0,1
veh_9502,0,0,0,1,0,0.0,0.0,1
veh_9503,0,0,0,1,0,0.0,0.0,0
veh_9504,0,0,0,1,0,0.0,0.0,1
veh_9505,0,0,0,1,0,0.0,0.0,1
veh_9506,0,0,0,1,0,0.0,0.0,1
veh_9507,0,0,0,1,0,0.0,0.0,0
veh_9508,0,0,0,1,0,0.0,0.0,1
veh_9509,0,0,0,1,0,0.0,0.0,1
veh_9510,0,0,0,1,0,0.0,0.0,1
veh_9511,0,0,0,1,0,0.0,0.0,0
veh_9512,0,0,0,1,0,0.0,0.0,1
veh_9513,0,0,0,1,0,0.0,0.0,0
veh_9514,0,0,0,1,0,0.0,0.0,1
veh_9515,0,0,0,1,0,0.0,0.0,1
veh_9516,0,0,0,1,0,0.0,0.0,1
veh_9517,0,0,0,1,0,0.0,0.0,1
veh_9518,0,0,0,1,0,0.0,0.0,1
veh_9519,0,0,0,1,0,0.0,0.0,1
veh_9520,0,0,0,1,0,0.0,0.0,1
veh_9521,0,0,0,1,0,0.0,0.0,1
veh_9522,0,0,0,1,0,0.0,0.0,1
veh_9523,0,0,0,1,0,0.0,0.0,1
veh_9524,0,0,0,1,0,0.0,0.0,1
veh_9525,0,0,0,1,0,0.0,0.0,1
veh_9526,0,0,0,1,0,0.0,0.0,1
veh_9527,0,0,0,1,0,0.0,0.0,0
veh_9528,0,0,0,1,0,0.0,0.0,1
veh_9529,0,0,0,1,0,0.0,0.0,1
veh_9530,0,0,0,1,0,0.0,0.0,0
veh_9531,0,0,0,1,0,0.0,0.0,1
veh_9532,0,0,0,1,0,0.0,0.0,1
veh_9533,0,0,0,1,0,0.0,0.0,1
veh_9534,0,0,0,1,0,0.0,0.0,1
veh_9535,0,0,0,1,0,0.0,0.0,1
veh_9536,0,0,0,1,0,0.0,0.0,1
veh_9537,0,0,0,1,0,0.0,0.0,1
veh_9538,0,0,0,1,0,0.0,0.0,1
veh_9539,0,0,0,1,0,0.0,0.0,1
veh_9540,0,0,0,1,0,0.0,0.0,0
veh_9541,0,0,0,1,0,0.0,0.0,1
veh_9542,0,0,0,1,0,0.0,0.0,1
veh_9543,0,0,0,1,0,0.0,0.0,1
veh_9544,0,0,0,1,0,0.0,0.0,1
veh_9545,0,0,0,1,0,0.0,0.0,1
veh_9546,0,0,0,1,0,0.0,0.0,1
veh_9547,0,0,0,1,0,0.0,0.0,1
veh_9548,0,0,0,1,0,0.0,0.0,1
veh_9549,0,0,0,1,0,0.0,0.0,1
veh_9550,0,0,0,1,0,0.0,0.0,1
veh_9551,0,0,0,1,0,0.0,0.0,1
veh_9552,0,0,0,1,0,0.0,0.0,1
veh_9553,0,0,0,1,0,0.0,0.0,1
veh_9554,0,0,0,1,0,0.0,0.0,1
veh_9555,0,0,0,1,0,0.0,0.0,1
veh_9556,0,0,0,1,0,0.0,0.0,1
veh_9557,0,0,0,1,0,0.0,0.0,0
veh_9558,0,0,0,1,0,0.0,0.0,1
veh_9559,0,0,0,1,0,0.0,0.0,1
veh_9560,0,0,0,1,0,0.0,0.0,1
veh_9561,0,0,0,1,0,0.0,0.0,1
veh_9562,0,0,0,1,0,0.0,0.0,1
veh_9563,0,0,0,1,0,0.0,0.0,1
veh_9564,0,0,0,1,0,0.0,0.0,1
veh_9565,0,0,0,1,0,0.0,0.0,1
veh_9566,0,0,0,1,0,0.0,0.0,1
veh_9567,0,0,0,1,0,0.0,0.0,1
veh_9568,0,0,0,1,0,0.0,0.0,1
veh_9569,0,0,0,1,0,0.0,0.0,1
veh_9570,0,0,0,1,0,0.0,0.0,1
veh_9571,0,0,0,1,0,0.0,0.0,1
veh_9572,0,0,0,1,0,0.0,0.0,0
veh_9573,0,0,0,1,0,0.0,0.0,0
veh_9574,0,0,0,1,0,0.0,0.0,1
veh_9575,0,0,0,1,0,0.0,0.0,1
veh_9576,0,0,0,1,0,0.0,0.0,1
veh_9577,0,0,0,1,0,0.0,0.0,0
veh_9578,0,0,0,1,0,0.0,0.0,0
veh_9579,0,0,0,1,0,0.0,0.0,1
veh_9580,0,0,0,1,0,0.0,0.0,1
veh_9581,0,0,0,1,0,0.0,0.0,1
veh_9582,0,0,0,1,0,0.0,0.0,1
veh_9583,0,0,0,1,0,0.0,0.0,1
veh_9584,0,0,0,1,0,0.0,0.0,1
veh_9585,0,0,0,1,0,0.0,0.0,1
veh_9586,0,0,0,1,0,0.0,0.0,1
veh_9587,0,0,0,1,0,0.0,0.0,0
veh_9588,0,0,0,1,0,0.0,0.0,0
veh_9589,0,0,0,1,0,0.0,0.0,1
veh_9590,0,0,0,1,0,0.0,0.0,1
veh_9591,0,0,0,1,0,0.0,0.0,1
veh_9592,0,0,0,1,0,0.0,0.0,1
veh_9593,0,0,0,1,0,0.0,0.0,0
veh_9594,0,0,0,1,0,0.0,0.0,0
veh_9595,0,0,0,1,0,0.0,0.0,1
veh_9596,0,0,0,1,0,0.0,0.0,1
veh_9597,0,0,0,1,0,0.0,0.0,1
veh_9598,0,0,0,1,0,0.0,0.0,1
veh_9599,0,0,0,1,0,0.0,0.0,1
veh_9600,0,0,0,1,0,0.0,0.0,1
veh_9601,0,0,0,1,0,0.0,0.0,1
veh_9602,0,0,0,1,0,0.0,0.0,1
veh_9603,0,0,0,1,0,0.0,0.0,1
veh_9604,0,0,0,1,0,0.0,0.0,1
veh_9605,0,0,0,1,0,0.0,0.0,1
veh_9606,0,0,0,1,0,0.0,0.0,0
veh_9607,0,0,0,1,0,0.0,0.0,1
veh_9608,0,0,0,1,0,0.0,0.0,1
veh_9609,0,0,0,1,0,0.0,0.0,0
veh_9610,0,0,0,1,0,0.0,0.0,0
veh_9611,0,0,0,1,0,0.0,0.0,1
veh_9612,0,0,0,1,0,0.0,0.0,1
veh_9613,0,0,0,1,0,0.0,0.0,1
veh_9614,0,0,0,1,0,0.0,0.0,1
veh_9615,0,0,0,1,0,0.0,0.0,1
veh_9616,0,0,0,1,0,0.0,0.0,1
veh_9617,0,0,0,1,0,0.0,0.0,0
veh_9618,0,0,0,1,0,0.0,0.0,0
veh_9619,0,0,0,1,0,0.0,0.0,1
veh_9620,0,0,0,1,0,0.0,0.0,1
veh_9621,0,0,0,1,0,0.0,0.0,1
veh_9622,0,0,0,1,0,0.0,0.0,1
veh_9623,0,0,0,1,0,0.0,0.0,0
veh_9624,0,0,0,1,0,0.0,0.0,1
veh_9625,0,0,0,1,0,0.0,0.0,0
veh_9626,0,0,0,1,0,0.0,0.0,1
veh_9627,0,0,0,1,0,0.0,0.0,1
veh_9628,0,0,0,1,0,0.0,0.0,0
veh_9629,0,0,0,1,0,0.0,0.0,1
veh_9630,0,0,0,1,0,0.0,0.0,1
veh_9631,0,0,0,1,0,0.0,0.0,1
veh_9632,0,0,0,1,0,0.0,0.0,1
veh_9633,0,0,0,1,0,0.0,0.0,0
veh_9634,0,0,0,1,0,0.0,0.0,1
veh_9635,0,0,0,1,0,0.0,0.0,1
veh_9636,0,0,0,1,0,0.0,0.0,1
veh_9637,0,0,0,1,0,0.0,0.0,1
veh_9638,0,0,0,1,0,0.0,0.0,1
veh_9639,0,0,0,1,0,0.0,0.0,1
veh_9640,0,0,0,1,0,0.0,0.0,1
veh_9641,0,0,0,1,0,0.0,0.0,0
veh_9642,0,0,0,1,0,0.0,0.0,0
veh_9643,0,0,0,1,0,0.0,0.0,1
veh_9644,0,0,0,1,0,0.0,0.0,1
veh_9645,0,0,0,1,0,0.0,0.0,1
veh_9646,0,0,0,1,0,0.0,0.0,1
veh_9647,0,0,0,1,0,0.0,0.0,0
veh_9648,0,0,0,1,0,0.0,0.0,1
veh_9649,0,0,0,1,0,0.0,0.0,1
veh_9650,0,0,0,1,0,0.0,0.0,1
veh_9651,0,0,0,1,0,0.0,0.0,1
veh_9652,0,0,0,1,0,0.0,0.0,1
veh_9653,0,0,0,1,0,0.0,0.0,1
veh_9654,0,0,0,1,0,0.0,0.0,1
veh_9655,0,0,0,1,0,0.0,0.0,1
veh_9656,0,0,0,1,0,0.0,0.0,0
veh_9657,0,0,0,1,0,0.0,0.0,1
veh_9658,0,0,0,1,0,0.0,0.0,1
veh_9659,0,0,0,1,0,0.0,0.0,1
veh_9660,0,0,0,1,0,0.0,0.0,1
veh_9661,0,0,0,1,0,0.0,0.0,1
veh_9662,0,0,0,1,0,0.0,0.0,1
veh_9663,0,0,0,1,0,0.0,0.0,1
veh_9664,0,0,0,1,0,0.0,0.0,1
veh_9665,0,0,0,1,0,0.0,0.0,1
veh_9666,0,0,0,1,0,0.0,0.0,0
veh_9667,0,0,0,1,0,0.0,0.0,1
veh_9668,0,0,0,1,0,0.0,0.0,1
veh_9669,0,0,0,1,0,0.0,0.0,1
veh_9670,0,0,0,1,0,0.0,0.0,1
veh_9671,0,0,0,1,0,0.0,0.0,1
veh_9672,0,0,0,1,0,0.0,0.0,0
veh_9673,0,0,0,1,0,0.0,0.0,1
veh_9674,0,0,0,1,0,0.0,0.0,1
veh_9675,0,0,0,1,0,0.0,0.0,1
veh_9676,0,0,0,1,0,0.0,0.0,1
veh_9677,0,0,0,1,0,0.0,0.0,1
veh_9678,0,0,0,1,0,0.0,0.0,1
veh_9679,0,0,0,1,0,0.0,0.0,1
veh_9680,0,0,0,1,0,0.0,0.0,0
veh_9681,0,0,0,1,0,0.0,0.0,1
veh_9682,0,0,0,1,0,0.0,0.0,1
veh_9683,0,0,0,1,0,0.0,0.0,1
veh_9684,0,0,0,1,0,0.0,0.0,1
veh_9685,0,0,0,1,0,0.0,0.0,1
veh_9686,0,0,0,1,0,0.0,0.0,1
veh_9687,0,0,0,1,0,0.0,0.0,1
veh_9688,0,0,0,1,0,0.0,0.0,0
veh_9689,0,0,0,1,0,0.0,0.0,1
veh_9690,0,0,0,1,0,0.0,0.0,1
veh_9691,0,0,0,1,0,0.0,0.0,1
veh_9692,0,0,0,1,0,0.0,0.0,1
veh_9693,0,0,0,1,0,0.0,0.0,1
veh_9694,0,0,0,1,0,0.0,0.0,1
veh_9695,0,0,0,1,0,0.0,0.0,1
veh_9696,0,0,0,1,0,0.0,0.0,1
veh_9697,0,0,0,1,0,0.0,0.0,1
veh_9698,0,0,0,1,0,0.0,0.0,1
veh_9699,0,0,0,1,0,0.0,0.0,0
veh_9700,0,0,0,1,0,0.0,0.0,1
veh_9701,0,0,0,1,0,0.0,0.0,1
veh_9702,0,0,0,1,0,0.0,0.0,1
veh_9703,0,0,0,1,0,0.0,0.0,1
veh_9704,0,0,0,1,0,0.0,0.0,0
veh_9705,0,0,0,1,0,0.0,0.0,1
veh_9706,0,0,0,1,0,0.0,0.0,1
veh_9707,0,0,0,1,0,0.0,0.0,1
veh_9708,0,0,0,1,0,0.0,0.0,1
veh_9709,0,0,0,1,0,0.0,0.0,1
veh_9710,0,0,0,1,0,0.0,0.0,1
veh_9711,0,0,0,1,0,0.0,0.0,1
veh_9712,0,0,0,1,0,0.0,0.0,1
veh_9713,0,0,0,1,0,0.0,0.0,1
veh_9714,0,0,0,1,0,0.0,0.0,1
veh_9715,0,0,0,1,0,0.0,0.0,0
veh_9716,0,0,0,1,0,0.0,0.0,0
veh_9717,0,0,0,1,0,0.0,0.0,1
veh_9718,0,0,0,1,0,0.0,0.0,1
veh_9719,0,0,0,1,0,0.0,0.0,1
veh_9720,0,0,0,1,0,0.0,0.0,1
veh_9721,0,0,0,1,0,0.0,0.0,1
veh_9722,0,0,0,1,0,0.0,0.0,1
veh_9723,0,0,0,1,0,0.0,0.0,1
veh_9724,0,0,0,1,0,0.0,0.0,1
veh_9725,0,0,0,1,0,0.0,0.0,0
veh_9726,0,0,0,1,0,0.0,0.0,1
veh_9727,0,0,0,1,0,0.0,0.0,1
veh_9728,0,0,0,1,0,0.0,0.0,1
veh_9729,0,0,0,1,0,0.0,0.0,1
veh_9730,0,0,0,1,0,0.0,0.0,0
veh_9731,0,0,0,1,0,0.0,0.0,1
veh_9732,0,0,0,1,0,0.0,0.0,1
veh_9733,0,0,0,1,0,0.0,0.0,1
veh_9734,0,0,0,1,0,0.0,0.0,1
veh_9735,0,0,0,1,0,0.0,0.0,0
veh_9736,0,0,0,1,0,0.0,0.0,1
veh_9737,0,0,0,1,0,0.0,0.0,1
veh_9738,0,0,0,1,0,0.0,0.0,1
veh_9739,0,0,0,1,0,0.0,0.0,1
veh_9740,0,0,0,1,0,0.0,0.0,1
veh_9741,0,0,0,1,0,0.0,0.0,0
veh_9742,0,0,0,1,0,0.0,0.0,1
veh_9743,0,0,0,1,0,0.0,0.0,0
veh_9744,0,0,0,1,0,0.0,0.0,1
veh_9745,0,0,0,1,0,0.0,0.0,1
veh_9746,0,0,0,1,0,0.0,0.0,1
veh_9747,0,0,0,1,0,0.0,0.0,1
veh_9748,0,0,0,1,0,0.0,0.0,1
veh_9749,0,0,0,1,0,0.0,0.0,1
veh_9750,0,0,0,1,0,0.0,0.0,1
veh_9751,0,0,0,1,0,0.0,0.0,1
veh_9752,0,0,0,1,0,0.0,0.0,1
veh_9753,0,0,0,1,0,0.0,0.0,1
veh_9754,0,0,0,1,0,0.0,0.0,1
veh_9755,0,0,0,1,0,0.0,0.0,1
veh_9756,0,0,0,1,0,0.0,0.0,1
veh_9757,0,0,0,1,0,0.0,0.0,1
veh_9758,0,0,0,1,0,0.0,0.0,1
veh_9759,0,0,0,1,0,0.0,0.0,1
veh_9760,0,0,0,1,0,0.0,0.0,1
veh_9761,0,0,0,1,0,0.0,0.0,1
veh_9762,0,0,0,1,0,0.0,0.0,0
veh_9763,0,0,0,1,0,0.0,0.0,1
veh_9764,0,0,0,1,0,0.0,0.0,1
veh_9765,0,0,0,1,0,0.0,0.0,1
veh_9766,0,0,0,1,0,0.0,0.0,0
veh_9767,0,0,0,1,0,0.0,0.0,1
veh_9768,0,0,0,1,0,0.0,0.0,1
veh_9769,0,0,0,1,0,0.0,0.0,1
veh_9770,0,0,0,1,0,0.0,0.0,1
veh_9771,0,0,0,1,0,0.0,0.0,1
veh_9772,0,0,0,1,0,0.0,0.0,1
veh_9773,0,0,0,1,0,0.0,0.0,0
veh_9774,0,0,0,1,0,0.0,0.0,1
veh_9775,0,0,0,1,0,0.0,0.0,1
veh_9776,0,0,0,1,0,0.0,0.0,1
veh_9777,0,0,0,1,0,0.0,0.0,1
veh_9778,0,0,0,1,0,0.0,0.0,1
veh_9779,0,0,0,1,0,0.0,0.0,1
veh_9780,0,0,0,1,0,0.0,0.0,0
veh_9781,0,0,0,1,0,0.0,0.0,1
veh_9782,0,0,0,1,0,0.0,0.0,1
veh_9783,0,0,0,1,0,0.0,0.0,0
veh_9784,0,0,0,1,0,0.0,0.0,1
veh_9785,0,0,0,1,0,0.0,0.0,0
veh_9786,0,0,0,1,0,0.0,0.0,1
veh_9787,0,0,0,1,0,0.0,0.0,1
veh_9788,0,0,0,1,0,0.0,0.0,1
veh_9789,0,0,0,1,0,0.0,0.0,1
veh_9790,0,0,0,1,0,0.0,0.0,1
veh_9791,0,0,0,1,0,0.0,0.0,1
veh_9792,0,0,0,1,0,0.0,0.0,1
veh_9793,0,0,0,1,0,0.0,0.0,1
veh_9794,0,0,0,1,0,0.0,0.0,0
veh_9795,0,0,0,1,0,0.0,0.0,1
veh_9796,0,0,0,1,0,0.0,0.0,1
veh_9797,0,0,0,1,0,0.0,0.0,0
veh_9798,0,0,0,1,0,0.0,0.0,1
veh_9799,0,0,0,1,0,0.0,0.0,1
veh_9800,0,0,0,1,0,0.0,0.0,0
veh_9801,0,0,0,1,0,0.0,0.0,1
veh_9802,0,0,0,1,0,0.0,0.0,1
veh_9803,0,0,0,1,0,0.0,0.0,1
veh_9804,0,0,0,1,0,0.0,0.0,1
veh_9805,0,0,0,1,0,0.0,0.0,1
veh_9806,0,0,0,1,0,0.0,0.0,1
veh_9807,0,0,0,1,0,0.0,0.0,0
veh_9808,0,0,0,1,0,0.0,0.0,1
veh_9809,0,0,0,1,0,0.0,0.0,0
veh_9810,0,0,0,1,0,0.0,0.0,1
veh_9811,0,0,0,1,0,0.0,0.0,1
veh_9812,0,0,0,1,0,0.0,0.0,1
veh_9813,0,0,0,1,0,0.0,0.0,0
veh_9814,0,0,0,1,0,0.0,0.0,1
veh_9815,0,0,0,1,0,0.0,0.0,1
veh_9816,0,0,0,1,0,0.0,0.0,1
veh_9817,0,0,0,1,0,0.0,0.0,1
veh_9818,0,0,0,1,0,0.0,0.0,1
veh_9819,0,0,0,1,0,0.0,0.0,1
veh_9820,0,0,0,1,0,0.0,0.0,1
veh_9821,0,0,0,1,0,0.0,0.0,1
veh_9822,0,0,0,1,0,0.0,0.0,1
veh_9823,0,0,0,1,0,0.0,0.0,1
veh_9824,0,0,0,1,0,0.0,0.0,1
veh_9825,0,0,0,1,0,0.0,0.0,0
veh_9826,0,0,0,1,0,0.0,0.0,0
veh_9827,0,0,0,1,0,0.0,0.0,1
veh_9828,0,0,0,1,0,0.0,0.0,0
veh_9829,0,0,0,1,0,0.0,0.0,1
veh_9830,0,0,0,1,0,0.0,0.0,1
veh_9831,0,0,0,1,0,0.0,0.0,1
veh_9832,0,0,0,1,0,0.0,0.0,1
veh_9833,0,0,0,1,0,0.0,0.0,1
veh_9834,0,0,0,1,0,0.0,0.0,1
veh_9835,0,0,0,1,0,0.0,0.0,0
veh_9836,0,0,0,1,0,0.0,0.0,1
veh_9837,0,0,0,1,0,0.0,0.0,1
veh_9838,0,0,0,1,0,0.0,0.0,1
veh_9839,0,0,0,1,0,0.0,0.0,1
veh_9840,0,0,0,1,0,0.0,0.0,1
veh_9841,0,0,0,1,0,0.0,0.0,1
veh_9842,0,0,0,1,0,0.0,0.0,1
veh_9843,0,0,0,1,0,0.0,0.0,1
veh_9844,0,0,0,1,0,0.0,0.0,1
veh_9845,0,0,0,1,0,0.0,0.0,1
veh_9846,0,0,0,1,0,0.0,0.0,1
veh_9847,0,0,0,1,0,0.0,0.0,1
veh_9848,0,0,0,1,0,0.0,0.0,1
veh_9849,0,0,0,1,0,0.0,0.0,0
veh_9850,0,0,0,1,0,0.0,0.0,1
veh_9851,0,0,0,1,0,0.0,0.0,1
veh_9852,0,0,0,1,0,0.0,0.0,1
veh_9853,0,0,0,1,0,0.0,0.0,0
veh_9854,0,0,0,1,0,0.0,0.0,1
veh_9855,0,0,0,1,0,0.0,0.0,1
veh_9856,0,0,0,1,0,0.0,0.0,0
veh_9857,0,0,0,1,0,0.0,0.0,1
veh_9858,0,0,0,1,0,0.0,0.0,1
veh_9859,0,0,0,1,0,0.0,0.0,1
veh_9860,0,0,0,1,0,0.0,0.0,0
veh_9861,0,0,0,1,0,0.0,0.0,1
veh_9862,0,0,0,1,0,0.0,0.0,1
veh_9863,0,0,0,1,0,0.0,0.0,1
veh_9864,0,0,0,1,0,0.0,0.0,1
veh_9865,0,0,0,1,0,0.0,0.0,1
veh_9866,0,0,0,1,0,0.0,0.0,1
veh_9867,0,0,0,1,0,0.0,0.0,1
veh_9868,0,0,0,1,0,0.0,0.0,1
veh_9869,0,0,0,1,0,0.0,0.0,1
veh_9870,0,0,0,1,0,0.0,0.0,0
veh_9871,0,0,0,1,0,0.0,0.0,1
veh_9872,0,0,0,1,0,0.0,0.0,1
veh_9873,0,0,0,1,0,0.0,0.0,0
veh_9874,0,0,0,1,0,0.0,0.0,0
veh_9875,0,0,0,1,0,0.0,0.0,1
veh_9876,0,0,0,1,0,0.0,0.0,0
veh_9877,0,0,0,1,0,0.0,0.0,1
veh_9878,0,0,0,1,0,0.0,0.0,1
veh_9879,0,0,0,1,0,0.0,0.0,1
veh_9880,0,0,0,1,0,0.0,0.0,1
veh_9881,0,0,0,1,0,0.0,0.0,1
veh_9882,0,0,0,1,0,0.0,0.0,0
veh_9883,0,0,0,1,0,0.0,0.0,1
veh_9884,0,0,0,1,0,0.0,0.0,0
veh_9885,0,0,0,1,0,0.0,0.0,1
veh_9886,0,0,0,1,0,0.0,0.0,1
veh_9887,0,0,0,1,0,0.0,0.0,0
veh_9888,0,0,0,1,0,0.0,0.0,1
veh_9889,0,0,0,1,0,0.0,0.0,1
veh_9890,0,0,0,1,0,0.0,0.0,1
veh_9891,0,0,0,1,0,0.0,0.0,1
veh_9892,0,0,0,1,0,0.0,0.0,1
veh_9893,0,0,0,1,0,0.0,0.0,1
veh_9894,0,0,0,1,0,0.0,0.0,1
veh_9895,0,0,0,1,0,0.0,0.0,1
veh_9896,0,0,0,1,0,0.0,0.0,1
veh_9897,0,0,0,1,0,0.0,0.0,1
veh_9898,0,0,0,1,0,0.0,0.0,1
veh_9899,0,0,0,1,0,0.0,0.0,1
veh_9900,0,0,0,1,0,0.0,0.0,1
veh_9901,0,0,0,1,0,0.0,0.0,1
veh_9902,0,0,0,1,0,0.0,0.0,1
veh_9903,0,0,0,1,0,0.0,0.0,1
veh_9904,0,0,0,1,0,0.0,0.0,1
veh_9905,0,0,0,1,0,0.0,0.0,1
veh_9906,0,0,0,1,0,0.0,0.0,1
veh_9907,0,0,0,1,0,0.0,0.0,1
veh_9908,0,0,0,1,0,0.0,0.0,0
veh_9909,0,0,0,1,0,0.0,0.0,1
veh_9910,0,0,0,1,0,0.0,0.0,1
veh_9911,0,0,0,1,0,0.0,0.0,1
veh_9912,0,0,0,1,0,0.0,0.0,1
veh_9913,0,0,0,1,0,0.0,0.0,1
veh_9914,0,0,0,1,0,0.0,0.0,1
veh_9915,0,0,0,1,0,0.0,0.0,1
veh_9916,0,0,0,1,0,0.0,0.0,1
veh_9917,0,0,0,1,0,0.0,0.0,1
veh_9918,0,0,0,1,0,0.0,0.0,1
veh_9919,0,0,0,1,0,0.0,0.0,1
veh_9920,0,0,0,1,0,0.0,0.0,0
veh_9921,0,0,0,1,0,0.0,0.0,1
veh_9922,0,0,0,1,0,0.0,0.0,1
veh_9923,0,0,0,1,0,0.0,0.0,1
veh_9924,0,0,0,1,0,0.0,0.0,1
veh_9925,0,0,0,1,0,0.0,0.0,1
veh_9926,0,0,0,1,0,0.0,0.0,0
veh_9927,0,0,0,1,0,0.0,0.0,0
veh_9928,0,0,0,1,0,0.0,0.0,1
veh_9929,0,0,0,1,0,0.0,0.0,1
veh_9930,0,0,0,1,0,0.0,0.0,0
veh_9931,0,0,0,1,0,0.0,0.0,1
veh_9932,0,0,0,1,0,0.0,0.0,1
veh_9933,0,0,0,1,0,0.0,0.0,1
veh_9934,0,0,0,1,0,0.0,0.0,1
veh_9935,0,0,0,1,0,0.0,0.0,1
veh_9936,0,0,0,1,0,0.0,0.0,1
veh_9937,0,0,0,1,0,0.0,0.0,1
veh_9938,0,0,0,1,0,0.0,0.0,1
veh_9939,0,0,0,1,0,0.0,0.0,1
veh_9940,0,0,0,1,0,0.0,0.0,1
veh_9941,0,0,0,1,0,0.0,0.0,1
veh_9942,0,0,0,1,0,0.0,0.0,0
veh_9943,0,0,0,1,0,0.0,0.0,1
veh_9944,0,0,0,1,0,0.0,0.0,1
veh_9945,0,0,0,1,0,0.0,0.0,0
veh_9946,0,0,0,1,0,0.0,0.0,1
veh_9947,0,0,0,1,0,0.0,0.0,1
veh_9948,0,0,0,1,0,0.0,0.0,1
veh_9949,0,0,0,1,0,0.0,0.0,0
veh_9950,0,0,0,1,0,0.0,0.0,1
veh_9951,0,0,0,1,0,0.0,0.0,1
veh_9952,0,0,0,1,0,0.0,0.0,0
veh_9953,0,0,0,1,0,0.0,0.0,1
veh_9954,0,0,0,1,0,0.0,0.0,0
veh_9955,0,0,0,1,0,0.0,0.0,0
veh_9956,0,0,0,1,0,0.0,0.0,1
veh_9957,0,0,0,1,0,0.0,0.0,1
veh_9958,0,0,0,1,0,0.0,0.0,1
veh_9959,0,0,0,1,0,0.0,0.0,1
veh_9960,0,0,0,1,0,0.0,0.0,1
veh_9961,0,0,0,1,0,0.0,0.0,1
veh_9962,0,0,0,1,0,0.0,0.0,1
veh_9963,0,0,0,1,0,0.0,0.0,1
veh_9964,0,0,0,1,0,0.0,0.0,1
veh_9965,0,0,0,1,0,0.0,0.0,0
veh_9966,0,0,0,1,0,0.0,0.0,1
veh_9967,0,0,0,1,0,0.0,0.0,0
veh_9968,0,0,0,1,0,0.0,0.0,0
veh_9969,0,0,0,1,0,0.0,0.0,1
veh_9970,0,0,0,1,0,0.0,0.0,1
veh_9971,0,0,0,1,0,0.0,0.0,0
veh_9972,0,0,0,1,0,0.0,0.0,1
veh_9973,0,0,0,1,0,0.0,0.0,1
veh_9974,0,0,0,1,0,0.0,0.0,0
veh_9975,0,0,0,1,0,0.0,0.0,1
veh_9976,0,0,0,1,0,0.0,0.0,1
veh_9977,0,0,0,1,0,0.0,0.0,0
veh_9978,0,0,0,1,0,0.0,0.0,0
veh_9979,0,0,0,1,0,0.0,0.0,0
veh_9980,0,0,0,1,0,0.0,0.0,1
veh_9981,0,0,0,1,0,0.0,0.0,1
veh_9982,0,0,0,1,0,0.0,0.0,1
veh_9983,0,0,0,1,0,0.0,0.0,1
veh_9984,0,0,0,1,0,0.0,0.0,1
veh_9985,0,0,0,1,0,0.0,0.0,0
veh_9986,0,0,0,1,0,0.0,0.0,1
veh_9987,0,0,0,1,0,0.0,0.0,1
veh_9988,0,0,0,1,0,0.0,0.0,1
veh_9989,0,0,0,1,0,0.0,0.0,1
veh_9990,0,0,0,1,0,0.0,0.0,1
veh_9991,0,0,0,1,0,0.0,0.0,0
veh_9992,0,0,0,1,0,0.0,0.0,1
veh_9993,0,0,0,1,0,0.0,0.0,1
veh_9994,0,0,0,1,0,0.0,0.0,1
veh_9995,0,0,0,1,0,0.0,0.0,1
veh_9996,0,0,0,1,0,0.0,0.0,1
veh_9997,0,0,0,1,0,0.0,0.0,1
veh_9998,0,0,0,1,0,0.0,0.0,1
veh_9999,0,0,0,1,0,0.0,0.0,1
rsu_0,16,0,0,17,16,0.0,0.0,1
rsu_1,16,0,0,17,16,0.0,0.0,1
rsu_2,16,0,0,17,16,0.0,0.0,1
rsu_3,16,0,0,17,16,0.0,0.0,1
rsu_4,16,0,0,17,16,0.0,0.0,1
rsu_5,16,0,0,17,16,0.0,0.0,1
rsu_6,16,0,0,17,16,0.0,0.0,1
rsu_7,16,0,0,17,16,0.0,0.0,1
rsu_8,16,0,0,17,16,0.0,0.0,1
rsu_9,16,0,0,17,16,0.0,0.0,1
rsu_10,16,0,0,17,16,0.0,0.0,1
rsu_11,16,0,0,17,16,0.0,0.0,1
rsu_12,16,0,0,17,16,0.0,0.0,1
rsu_13,16,0,0,17,16,0.0,0.0,1
rsu_14,16,0,0,17,16,0.0,0.0,1
rsu_15,16,0,0,17,16,0.0,0.0,0
rsu_16,16,0,0,17,16,0.0,0.0,1
rsu_17,16,0,0,17,16,0.0,0.0,1
rsu_18,16,0,0,17,16,0.0,0.0,1
rsu_19,16,0,0,17,16,0.0,0.0,1
rsu_20,16,0,0,17,16,0.0,0.0,1
rsu_21,16,0,0,17,16,0.0,0.0,1
rsu_22,16,0,0,17,16,0.0,0.0,0
rsu_23,16,0,0,17,16,0.0,0.0,1
rsu_24,16,0,0,17,16,0.0,0.0,1
rsu_25,16,0,0,17,16,0.0,0.0,1
rsu_26,16,0,0,17,16,0.0,0.0,1
rsu_27,16,0,0,17,16,0.0,0.0,0
rsu_28,16,0,0,17,16,0.0,0.0,1
rsu_29,16,0,0,17,16,0.0,0.0,1
rsu_30,16,0,0,17,16,0.0,0.0,1
rsu_31,16,0,0,17,16,0.0,0.0,1
rsu_32,16,0,0,17,16,0.0,0.0,1
rsu_33,16,0,0,17,16,0.0,0.0,1
rsu_34,16,0,0,17,16,0.0,0.0,1
rsu_35,16,0,0,17,16,0.0,0.0,1
rsu_36,16,0,0,17,16,0.0,0.0,1
rsu_37,16,0,0,17,16,0.0,0.0,1
rsu_38,16,0,0,17,16,0.0,0.0,1
rsu_39,16,0,0,17,16,0.0,0.0,0
rsu_40,16,0,0,17,16,0.0,0.0,1
rsu_41,15,0,0,16,15,0.0,0.0,0
rsu_42,15,0,0,16,15,0.0,0.0,1
rsu_43,15,0,0,16,15,0.0,0.0,1
rsu_44,15,0,0,16,15,0.0,0.0,1
rsu_45,16,0,0,17,16,0.0,0.0,0
rsu_46,15,0,0,16,15,0.0,0.0,1
rsu_47,15,0,0,16,15,0.0,0.0,1
rsu_48,15,0,0,16,15,0.0,0.0,1
rsu_49,15,0,0,16,15,0.0,0.0,1
rsu_50,16,0,0,17,16,0.0,0.0,1
rsu_51,15,0,0,16,15,0.0,0.0,1
rsu_52,15,0,0,16,15,0.0,0.0,0
rsu_53,15,0,0,16,15,0.0,0.0,1
rsu_54,15,0,0,16,15,0.0,0.0,1
rsu_55,16,0,0,17,16,0.0,0.0,0
rsu_56,14,0,0,15,14,0.0,0.0,1
rsu_57,14,0,0,15,14,0.0,0.0,0
rsu_58,14,0,0,15,14,0.0,0.0,1
rsu_59,14,0,0,15,14,0.0,0.0,0
rsu_60,15,0,0,16,15,0.0,0.0,1
rsu_61,15,0,0,16,15,0.0,0.0,1
rsu_62,15,0,0,16,15,0.0,0.0,1
rsu_63,10,0,0,11,10,0.0,0.0,0
rsu_64,2,0,0,3,2,0.0,0.0,1
rsu_65,15,0,0,16,15,0.0,0.0,1
rsu_66,15,0,0,16,15,0.0,0.0,0
rsu_67,15,0,0,16,15,0.0,0.0,1
rsu_68,10,0,0,11,10,0.0,0.0,1
rsu_69,2,0,0,3,2,0.0,0.0,1
rsu_70,15,0,0,16,15,0.0,0.0,1
rsu_71,15,0,0,16,15,0.0,0.0,1
rsu_72,15,0,0,16,15,0.0,0.0,1
rsu_73,10,0,0,11,10,0.0,0.0,1
rsu_74,2,0,0,3,2,0.0,0.0,1
rsu_75,14,0,0,15,14,0.0,0.0,1
rsu_76,14,0,0,15,14,0.0,0.0,1
rsu_77,14,0,0,15,14,0.0,0.0,1
rsu_78,10,0,0,11,10,0.0,0.0,1
rsu_79,2,0,0,3,2,0.0,0.0,1
rsu_80,5,0,0,6,5,0.0,0.0,0
rsu_81,5,0,0,6,5,0.0,0.0,0
rsu_82,5,0,0,6,5,0.0,0.0,0
rsu_83,5,0,0,6,5,0.0,0.0,0
rsu_84,5,0,0,6,5,0.0,0.0,1
rsu_85,5,0,0,6,5,0.0,0.0,1
rsu_86,5,0,0,6,5,0.0,0.0,1
rsu_87,5,0,0,6,5,0.0,0.0,1
rsu_88,5,0,0,6,5,0.0,0.0,1
rsu_89,5,0,0,6,5,0.0,0.0,1
rsu_90,5,0,0,6,5,0.0,0.0,1
rsu_91,5,0,0,6,5,0.0,0.0,1
rsu_92,5,0,0,6,5,0.0,0.0,1
rsu_93,5,0,0,6,5,0.0,0.0,0
rsu_94,5,0,0,6,5,0.0,0.0,1
rsu_95,4,0,0,5,4,0.0,0.0,1
rsu_96,4,0,0,5,4,0.0,0.0,1
rsu_97,4,0,0,5,4,0.0,0.0,1
rsu_98,4,0,0,5,4,0.0,0.0,1
rsu_99,4,0,0,5,4,0.0,0.0,1
rsu_100,16,0,0,17,16,0.0,0.0,1
rsu_101,16,0,0,17,16,0.0,0.0,1
rsu_102,16,0,0,17,16,0.0,0.0,1
rsu_103,16,0,0,17,16,0.0,0.0,1
rsu_104,16,0,0,17,16,0.0,0.0,0
rsu_105,16,0,0,17,16,0.0,0.0,1
rsu_106,16,0,0,17,16,0.0,0.0,1
rsu_107,16,0,0,17,16,0.0,0.0,1
rsu_108,16,0,0,17,16,0.0,0.0,0
rsu_109,16,0,0,17,16,0.0,0.0,1
rsu_110,16,0,0,17,16,0.0,0.0,0
rsu_111,16,0,0,17,16,0.0,0.0,1
rsu_112,16,0,0,17,16,0.0,0.0,1
rsu_113,16,0,0,17,16,0.0,0.0,0
rsu_114,16,0,0,17,16,0.0,0.0,1
rsu_115,16,0,0,17,16,0.0,0.0,1
rsu_116,16,0,0,17,16,0.0,0.0,1
rsu_117,16,0,0,17,16,0.0,0.0,1
rsu_118,16,0,0,17,16,0.0,0.0,0
rsu_119,16,0,0,17,16,0.0,0.0,1
rsu_120,16,0,0,17,16,0.0,0.0,0
rsu_121,16,0,0,17,16,0.0,0.0,1
rsu_122,16,0,0,17,16,0.0,0.0,1
rsu_123,16,0,0,17,16,0.0,0.0,1
rsu_124,16,0,0,17,16,0.0,0.0,1
rsu_125,16,0,0,17,16,0.0,0.0,1
rsu_126,16,0,0,17,16,0.0,0.0,1
rsu_127,16,0,0,17,16,0.0,0.0,0
rsu_128,16,0,0,17,16,0.0,0.0,1
rsu_129,16,0,0,17,16,0.0,0.0,1
rsu_130,16,0,0,17,16,0.0,0.0,1
rsu_131,16,0,0,17,16,0.0,0.0,1
rsu_132,16,0,0,17,16,0.0,0.0,0
rsu_133,16,0,0,17,16,0.0,0.0,1
rsu_134,16,0,0,17,16,0.0,0.0,0
rsu_135,16,0,0,17,16,0.0,0.0,1
rsu_136,16,0,0,17,16,0.0,0.0,1
rsu_137,16,0,0,17,16,0.0,0.0,1
rsu_138,16,0,0,17,16,0.0,0.0,1
rsu_139,16,0,0,17,16,0.0,0.0,1
rsu_140,16,0,0,17,16,0.0,0.0,1
rsu_141,14,0,0,15,14,0.0,0.0,1
rsu_142,14,0,0,15,14,0.0,0.0,1
rsu_143,14,0,0,15,14,0.0,0.0,1
rsu_144,14,0,0,15,14,0.0,0.0,0
rsu_145,16,0,0,17,16,0.0,0.0,0
rsu_146,15,0,0,16,15,0.0,0.0,0
rsu_147,15,0,0,16,15,0.0,0.0,1
rsu_148,15,0,0,16,15,0.0,0.0,1
rsu_149,15,0,0,16,15,0.0,0.0,1
rsu_150,16,0,0,17,16,0.0,0.0,1
rsu_151,15,0,0,16,15,0.0,0.0,1
rsu_152,15,0,0,16,15,0.0,0.0,1
rsu_153,15,0,0,16,15,0.0,0.0,1
rsu_154,15,0,0,16,15,0.0,0.0,1
rsu_155,16,0,0,17,16,0.0,0.0,1
rsu_156,14,0,0,15,14,0.0,0.0,1
rsu_157,14,0,0,15,14,0.0,0.0,1
rsu_158,14,0,0,15,14,0.0,0.0,1
rsu_159,14,0,0,15,14,0.0,0.0,1
rsu_160,14,0,0,15,14,0.0,0.0,1
rsu_161,14,0,0,15,14,0.0,0.0,0
rsu_162,14,0,0,15,14,0.0,0.0,1
rsu_163,10,0,0,11,10,0.0,0.0,1
rsu_164,2,0,0,3,2,0.0,0.0,0
rsu_165,15,0,0,16,15,0.0,0.0,1
rsu_166,15,0,0,16,15,0.0,0.0,1
rsu_167,15,0,0,16,15,0.0,0.0,0
rsu_168,10,0,0,11,10,0.0,0.0,0
rsu_169,2,0,0,3,2,0.0,0.0,1
rsu_170,15,0,0,16,15,0.0,0.0,1
rsu_171,15,0,0,16,15,0.0,0.0,1
rsu_172,15,0,0,16,15,0.0,0.0,1
rsu_173,10,0,0,11,10,0.0,0.0,0
rsu_174,2,0,0,3,2,0.0,0.0,1
rsu_175,14,0,0,15,14,0.0,0.0,0
rsu_176,14,0,0,15,14,0.0,0.0,1
rsu_177,14,0,0,15,14,0.0,0.0,1
rsu_178,10,0,0,11,10,0.0,0.0,1
rsu_179,2,0,0,3,2,0.0,0.0,1
rsu_180,4,0,0,5,4,0.0,0.0,1
rsu_181,4,0,0,5,4,0.0,0.0,1
rsu_182,4,0,0,5,4,0.0,0.0,1
rsu_183,4,0,0,5,4,0.0,0.0,1
rsu_184,4,0,0,5,4,0.0,0.0,1
rsu_185,5,0,0,6,5,0.0,0.0,0
rsu_186,5,0,0,6,5,0.0,0.0,1
rsu_187,5,0,0,6,5,0.0,0.0,1
rsu_188,5,0,0,6,5,0.0,0.0,1
rsu_189,5,0,0,6,5,0.0,0.0,1
rsu_190,5,0,0,6,5,0.0,0.0,1
rsu_191,5,0,0,6,5,0.0,0.0,1
rsu_192,5,0,0,6,5,0.0,0.0,1
rsu_193,5,0,0,6,5,0.0,0.0,1
rsu_194,5,0,0,6,5,0.0,0.0,1
rsu_195,4,0,0,5,4,0.0,0.0,1
rsu_196,4,0,0,5,4,0.0,0.0,0
rsu_197,4,0,0,5,4,0.0,0.0,0
rsu_198,4,0,0,5,4,0.0,0.0,1
rsu_199,4,0,0,5,4,0.0,0.0,1
rsu_200,16,0,0,17,16,0.0,0.0,0
rsu_201,16,0,0,17,16,0.0,0.0,1
rsu_202,16,0,0,17,16,0.0,0.0,1
rsu_203,16,0,0,17,16,0.0,0.0,1
rsu_204,16,0,0,17,16,0.0,0.0,1
rsu_205,16,0,0,17,16,0.0,0.0,1
rsu_206,16,0,0,17,16,0.0,0.0,1
rsu_207,16,0,0,17,16,0.0,0.0,0
rsu_208,16,0,0,17,16,0.0,0.0,1
rsu_209,16,0,0,17,16,0.0,0.0,1
rsu_210,16,0,0,17,16,0.0,0.0,1
rsu_211,16,0,0,17,16,0.0,0.0,1
rsu_212,16,0,0,17,16,0.0,0.0,1
rsu_213,16,0,0,17,16,0.0,0.0,0
rsu_214,16,0,0,17,16,0.0,0.0,1
rsu_215,16,0,0,17,16,0.0,0.0,1
rsu_216,16,0,0,17,16,0.0,0.0,1
rsu_217,16,0,0,17,16,0.0,0.0,1
rsu_218,16,0,0,17,16,0.0,0.0,1
rsu_219,16,0,0,17,16,0.0,0.0,0
rsu_220,16,0,0,17,16,0.0,0.0,0
rsu_221,16,0,0,17,16,0.0,0.0,1
rsu_222,16,0,0,17,16,0.0,0.0,1
rsu_223,16,0,0,17,16,0.0,0.0,1
rsu_224,16,0,0,17,16,0.0,0.0,0
rsu_225,16,0,0,17,16,0.0,0.0,1
rsu_226,16,0,0,17,16,0.0,0.0,1
rsu_227,16,0,0,17,16,0.0,0.0,1
rsu_228,16,0,0,17,16,0.0,0.0,1
rsu_229,16,0,0,17,16,0.0,0.0,1
rsu_230,16,0,0,17,16,0.0,0.0,1
rsu_231,16,0,0,17,16,0.0,0.0,0
rsu_232,16,0,0,17,16,0.0,0.0,1
rsu_233,16,0,0,17,16,0.0,0.0,1
rsu_234,16,0,0,17,16,0.0,0.0,1
rsu_235,16,0,0,17,16,0.0,0.0,1
rsu_236,16,0,0,17,16,0.0,0.0,0
rsu_237,16,0,0,17,16,0.0,0.0,1
rsu_238,16,0,0,17,16,0.0,0.0,0
rsu_239,16,0,0,17,16,0.0,0.0,1
rsu_240,16,0,0,17,16,0.0,0.0,1
rsu_241,14,0,0,15,14,0.0,0.0,1
rsu_242,14,0,0,15,14,0.0,0.0,0
rsu_243,14,0,0,15,14,0.0,0.0,1
rsu_244,14,0,0,15,14,0.0,0.0,1
rsu_245,16,0,0,17,16,0.0,0.0,1
rsu_246,15,0,0,16,15,0.0,0.0,1
rsu_247,15,0,0,16,15,0.0,0.0,0
rsu_248,15,0,0,16,15,0.0,0.0,1
rsu_249,15,0,0,16,15,0.0,0.0,1
rsu_250,16,0,0,17,16,0.0,0.0,1
rsu_251,15,0,0,16,15,0.0,0.0,1
rsu_252,15,0,0,16,15,0.0,0.0,1
rsu_253,15,0,0,16,15,0.0,0.0,1
rsu_254,15,0,0,16,15,0.0,0.0,0
rsu_255,16,0,0,17,16,0.0,0.0,1
rsu_256,15,0,0,16,15,0.0,0.0,1
rsu_257,15,0,0,16,15,0.0,0.0,1
rsu_258,15,0,0,16,15,0.0,0.0,1
rsu_259,15,0,0,16,15,0.0,0.0,1
rsu_260,14,0,0,15,14,0.0,0.0,1
rsu_261,14,0,0,15,14,0.0,0.0,1
rsu_262,14,0,0,15,14,0.0,0.0,1
rsu_263,10,0,0,11,10,0.0,0.0,1
rsu_264,2,0,0,3,2,0.0,0.0,1
rsu_265,15,0,0,16,15,0.0,0.0,1
rsu_266,15,0,0,16,15,0.0,0.0,1
rsu_267,15,0,0,16,15,0.0,0.0,1
rsu_268,10,0,0,11,10,0.0,0.0,0
rsu_269,2,0,0,3,2,0.0,0.0,0
rsu_270,15,0,0,16,15,0.0,0.0,1
rsu_271,15,0,0,16,15,0.0,0.0,0
rsu_272,15,0,0,16,15,0.0,0.0,1
rsu_273,10,0,0,11,10,0.0,0.0,1
rsu_274,2,0,0,3,2,0.0,0.0,1
rsu_275,15,0,0,16,15,0.0,0.0,1
rsu_276,15,0,0,16,15,0.0,0.0,0
rsu_277,15,0,0,16,15,0.0,0.0,0
rsu_278,10,0,0,11,10,0.0,0.0,1
rsu_279,2,0,0,3,2,0.0,0.0,1
rsu_280,4,0,0,5,4,0.0,0.0,0
rsu_281,4,0,0,5,4,0.0,0.0,1
rsu_282,4,0,0,5,4,0.0,0.0,1
rsu_283,4,0,0,5,4,0.0,0.0,0
rsu_284,4,0,0,5,4,0.0,0.0,0
rsu_285,5,0,0,6,5,0.0,0.0,1
rsu_286,5,0,0,6,5,0.0,0.0,1
rsu_287,5,0,0,6,5,0.0,0.0,0
rsu_288,5,0,0,6,5,0.0,0.0,1
rsu_289,5,0,0,6,5,0.0,0.0,1
rsu_290,5,0,0,6,5,0.0,0.0,1
rsu_291,5,0,0,6,5,0.0,0.0,1
rsu_292,5,0,0,6,5,0.0,0.0,1
rsu_293,5,0,0,6,5,0.0,0.0,1
rsu_294,5,0,0,6,5,0.0,0.0,1
rsu_295,5,0,0,6,5,0.0,0.0,1
rsu_296,5,0,0,6,5,0.0,0.0,1
rsu_297,5,0,0,6,5,0.0,0.0,1
rsu_298,5,0,0,6,5,0.0,0.0,1
rsu_299,5,0,0,6,5,0.0,0.0,0
rsu_300,16,0,0,17,16,0.0,0.0,1
rsu_301,16,0,0,17,16,0.0,0.0,1
rsu_302,16,0,0,17,16,0.0,0.0,1
rsu_303,16,0,0,17,16,0.0,0.0,0
rsu_304,16,0,0,17,16,0.0,0.0,1
rsu_305,16,0,0,17,16,0.0,0.0,1
rsu_306,16,0,0,17,16,0.0,0.0,0
rsu_307,16,0,0,17,16,0.0,0.0,1
rsu_308,16,0,0,17,16,0.0,0.0,0
rsu_309,16,0,0,17,16,0.0,0.0,0
rsu_310,16,0,0,17,16,0.0,0.0,1
rsu_311,16,0,0,17,16,0.0,0.0,1
rsu_312,16,0,0,17,16,0.0,0.0,1
rsu_313,16,0,0,17,16,0.0,0.0,1
rsu_314,16,0,0,17,16,0.0,0.0,0
rsu_315,16,0,0,17,16,0.0,0.0,1
rsu_316,16,0,0,17,16,0.0,0.0,1
rsu_317,16,0,0,17,16,0.0,0.0,1
rsu_318,16,0,0,17,16,0.0,0.0,1
rsu_319,16,0,0,17,16,0.0,0.0,1
rsu_320,16,0,0,17,16,0.0,0.0,1
rsu_321,16,0,0,17,16,0.0,0.0,1
rsu_322,16,0,0,17,16,0.0,0.0,1
rsu_323,16,0,0,17,16,0.0,0.0,0
rsu_324,16,0,0,17,16,0.0,0.0,1
rsu_325,16,0,0,17,16,0.0,0.0,0
rsu_326,16,0,0,17,16,0.0,0.0,1
rsu_327,16,0,0,17,16,0.0,0.0,1
rsu_328,16,0,0,17,16,0.0,0.0,1
rsu_329,16,0,0,17,16,0.0,0.0,1
rsu_330,16,0,0,17,16,0.0,0.0,1
rsu_331,16,0,0,17,16,0.0,0.0,0
rsu_332,16,0,0,17,16,0.0,0.0,1
rsu_333,16,0,0,17,16,0.0,0.0,1
rsu_334,16,0,0,17,16,0.0,0.0,1
rsu_335,16,0,0,17,16,0.0,0.0,1
rsu_336,16,0,0,17,16,0.0,0.0,1
rsu_337,16,0,0,17,16,0.0,0.0,1
rsu_338,16,0,0,17,16,0.0,0.0,0
rsu_339,16,0,0,17,16,0.0,0.0,1
rsu_340,16,0,0,17,16,0.0,0.0,0
rsu_341,15,0,0,16,15,0.0,0.0,1
rsu_342,15,0,0,16,15,0.0,0.0,1
rsu_343,15,0,0,16,15,0.0,0.0,1
rsu_344,15,0,0,16,15,0.0,0.0,1
rsu_345,16,0,0,17,16,0.0,0.0,1
rsu_346,14,0,0,15,14,0.0,0.0,1
rsu_347,14,0,0,15,14,0.0,0.0,0
rsu_348,14,0,0,15,14,0.0,0.0,1
rsu_349,14,0,0,15,14,0.0,0.0,1
rsu_350,16,0,0,17,16,0.0,0.0,1
rsu_351,15,0,0,16,15,0.0,0.0,1
rsu_352,15,0,0,16,15,0.0,0.0,1
rsu_353,15,0,0,16,15,0.0,0.0,1
rsu_354,15,0,0,16,15,0.0,0.0,1
rsu_355,16,0,0,17,16,0.0,0.0,1
rsu_356,15,0,0,16,15,0.0,0.0,1
rsu_357,15,0,0,16,15,0.0,0.0,1
rsu_358,15,0,0,16,15,0.0,0.0,1
rsu_359,15,0,0,16,15,0.0,0.0,1
rsu_360,15,0,0,16,15,0.0,0.0,1
rsu_361,15,0,0,16,15,0.0,0.0,1
rsu_362,15,0,0,16,15,0.0,0.0,0
rsu_363,10,0,0,11,10,0.0,0.0,1
rsu_364,2,0,0,3,2,0.0,0.0,1
rsu_365,14,0,0,15,14,0.0,0.0,1
rsu_366,14,0,0,15,14,0.0,0.0,1
rsu_367,14,0,0,15,14,0.0,0.0,1
rsu_368,10,0,0,11,10,0.0,0.0,1
rsu_369,2,0,0,3,2,0.0,0.0,1
rsu_370,15,0,0,16,15,0.0,0.0,0
rsu_371,15,0,0,16,15,0.0,0.0,1
rsu_372,15,0,0,16,15,0.0,0.0,1
rsu_373,10,0,0,11,10,0.0,0.0,1
rsu_374,2,0,0,3,2,0.0,0.0,1
rsu_375,15,0,0,16,15,0.0,0.0,1
rsu_376,15,0,0,16,15,0.0,0.0,0
rsu_377,15,0,0,16,15,0.0,0.0,1
rsu_378,10,0,0,11,10,0.0,0.0,1
rsu_379,2,0,0,3,2,0.0,0.0,1
rsu_380,5,0,0,6,5,0.0,0.0,1
rsu_381,5,0,0,6,5,0.0,0.0,1
rsu_382,5,0,0,6,5,0.0,0.0,1
rsu_383,5,0,0,6,5,0.0,0.0,1
rsu_384,5,0,0,6,5,0.0,0.0,1
rsu_385,4,0,0,5,4,0.0,0.0,1
rsu_386,4,0,0,5,4,0.0,0.0,1
rsu_387,4,0,0,5,4,0.0,0.0,1
rsu_388,4,0,0,5,4,0.0,0.0,1
rsu_389,4,0,0,5,4,0.0,0.0,1
rsu_390,5,0,0,6,5,0.0,0.0,1
rsu_391,5,0,0,6,5,0.0,0.0,1
rsu_392,5,0,0,6,5,0.0,0.0,0
rsu_393,5,0,0,6,5,0.0,0.0,0
rsu_394,5,0,0,6,5,0.0,0.0,0
rsu_395,5,0,0,6,5,0.0,0.0,0
rsu_396,5,0,0,6,5,0.0,0.0,0
rsu_397,5,0,0,6,5,0.0,0.0,1
rsu_398,5,0,0,6,5,0.0,0.0,1
rsu_399,5,0,0,6,5,0.0,0.0,1
0,16,0,14,17,16,0.823529,0.823529,1
1,10,0,8,11,10,0.727273,0.727273,1
10,16,0,9,17,16,0.529412,0.529412,1
2,8,0,13,9,8,1.444444,1.444444,1
3,14,0,12,15,14,0.8,0.8,1
4,7,0,10,8,7,1.25,1.25,1
5,13,0,7,14,13,0.5,0.5,1
6,5,0,7,6,5,1.166667,1.166667,1
7,13,0,16,14,13,1.142857,1.142857,1
9,0,4,77,5,0,15.4,15.4,0
11,3,0,3,4,3,0.75,0.75,1
12,14,0,17,15,14,1.133333,1.133333,1
13,8,0,2,9,8,0.222222,0.222222,1
14,8,0,13,9,8,1.444444,1.444444,1
15,1,3,38,5,1,7.6,7.6,0
16,16,0,12,17,16,0.705882,0.705882,1
17,8,0,8,9,8,0.888889,0.888889,1
18,14,0,8,15,14,0.533333,0.533333,1
19,7,0,7,8,7,0.875,0.875,1
20,1,0,8,2,1,4.0,4.0,1
21,9,0,4,10,9,0.4,0.4,1
22,16,0,6,17,16,0.352941,0.352941,1
23,17,0,5,18,17,0.277778,0.277778,1
24,4,0,4,5,4,0.8,0.8,1
25,4,0,12,5,4,2.4,2.4,1
26,8,0,9,9,8,1.0,1.0,1
28,19,0,15,20,19,0.75,0.75,1
29,2,0,15,3,2,5.0,5.0,1
30,17,0,6,18,17,0.333333,0.333333,1
27,18,0,12,19,18,0.631579,0.631579,1
31,18,0,16,19,18,0.842105,0.842105,1
32,12,0,12,13,12,0.923077,0.923077,1
34,4,0,8,5,4,1.6,1.6,1
35,19,0,20,20,19,1.0,1.0,1
36,13,0,12,14,13,0.857143,0.857143,1
37,3,8,100,12,3,8.333333,8.333333,0
38,5,14,89,20,5,4.45,4.45,0
39,1,10,110,12,1,9.166667,9.166667,0
40,6,0,4,7,6,0.571429,0.571429,1
8,7,0,12,8,7,1.5,1.5,1
41,12,0,7,13,12,0.538462,0.538462,1
42,1,3,22,5,1,4.4,4.4,0
43,2,13,108,16,2,6.75,6.75,0
44,11,0,11,12,11,0.916667,0.916667,1
45,8,0,9,9,8,1.0,1.0,1
46,5,0,9,6,5,1.5,1.5,1
47,13,0,11,14,13,0.785714,0.785714,1
49,2,5,83,8,2,10.375,10.375,0
50,5,13,99,19,5,5.210526,5.210526,0
33,1,3,28,5,1,5.6,5.6,0
51,1,4,50,6,1,8.333333,8.333333,0
52,8,0,12,9,8,1.333333,1.333333,1
53,4,7,98,12,4,8.166667,8.166667,0
54,13,0,11,14,13,0.785714,0.785714,1
56,9,0,18,10,9,1.8,1.8,1
57,6,0,9,7,6,1.285714,1.285714,1
58,12,0,22,13,12,1.692308,1.692308,1
59,4,0,8,5,4,1.6,1.6,1
60,20,0,13,21,20,0.619048,0.619048,1
55,17,0,16,18,17,0.888889,0.888889,1
61,15,0,11,16,15,0.6875,0.6875,1
62,12,0,17,13,12,1.307692,1.307692,1
63,14,0,13,15,14,0.866667,0.866667,1
64,6,0,11,7,6,1.571429,1.571429,1
65,3,9,64,13,3,4.923077,4.923077,0
67,9,0,15,10,9,1.5,1.5,1
68,12,0,6,13,12,0.461538,0.461538,1
69,8,0,7,9,8,0.777778,0.777778,1
70,9,0,10,10,9,1.0,1.0,1
48,6,0,15,7,6,2.142857,2.142857,1
71,9,0,11,10,9,1.1,1.1,1
72,12,0,6,13,12,0.461538,0.461538,1
73,0,5,34,6,0,5.666667,5.666667,0
74,4,0,4,5,4,0.8,0.8,1
75,16,0,14,17,16,0.823529,0.823529,1
76,1,4,32,6,1,5.333333,5.333333,0
77,4,0,5,5,4,1.0,1.0,1
78,2,8,66,11,2,6.0,6.0,0
79,2,0,2,3,2,0.666667,0.666667,1
80,11,0,10,12,11,0.833333,0.833333,1
81,14,0,11,15,14,0.733333,0.733333,1
82,10,0,7,11,10,0.636364,0.636364,1
83,7,0,13,8,7,1.625,1.625,1
84,1,0,12,2,1,6.0,6.0,1
85,11,0,8,12,11,0.666667,0.666667,1
86,18,0,19,19,18,1.0,1.0,1
87,23,0,10,24,23,0.416667,0.416667,1
88,4,10,102,15,4,6.8,6.8,0
90,15,0,18,16,15,1.125,1.125,1
100,2,10,66,13,2,5.076923,5.076923,0
66,6,0,5,7,6,0.714286,0.714286,1
91,13,0,8,14,13,0.571429,0.571429,1
92,6,0,11,7,6,1.571429,1.571429,1
93,14,0,18,15,14,1.2,1.2,1
94,8,0,6,9,8,0.666667,0.666667,1
95,10,0,14,11,10,1.272727,1.272727,1
96,14,0,12,15,14,0.8,0.8,1
97,13,0,11,14,13,0.785714,0.785714,1
98,9,0,12,10,9,1.2,1.2,1
99,21,0,8,22,21,0.363636,0.363636,1
101,11,0,13,12,11,1.083333,1.083333,1
102,2,0,5,3,2,1.666667,1.666667,1
103,13,0,11,14,13,0.785714,0.785714,1
104,7,0,10,8,7,1.25,1.25,1
105,10,0,11,11,10,1.0,1.0,1
106,2,14,76,17,2,4.470588,4.470588,0
107,9,0,10,10,9,1.0,1.0,1
108,12,0,2,13,12,0.153846,0.153846,1
109,6,0,8,7,6,1.142857,1.142857,1
89,10,0,12,11,10,1.090909,1.090909,1
111,2,0,8,3,2,2.666667,2.666667,1
112,5,0,7,6,5,1.166667,1.166667,1
113,17,0,8,18,17,0.444444,0.444444,1
114,7,0,11,8,7,1.375,1.375,1
115,10,0,23,11,10,2.090909,2.090909,1
116,10,0,5,11,10,0.454545,0.454545,1
117,5,0,10,6,5,1.666667,1.666667,1
118,14,0,11,15,14,0.733333,0.733333,1
120,11,0,12,12,11,1.0,1.0,1
110,14,0,9,15,14,0.6,0.6,1
121,7,0,13,8,7,1.625,1.625,1
122,5,6,101,12,5,8.416667,8.416667,0
123,1,15,100,17,1,5.882353,5.882353,0
124,6,0,8,7,6,1.142857,1.142857,1
125,2,7,93,10,2,9.3,9.3,0
126,10,0,12,11,10,1.090909,1.090909,1
127,8,0,6,9,8,0.666667,0.666667,1
128,3,0,4,4,3,1.0,1.0,1
130,5,0,2,6,5,0.333333,0.333333,1
129,19,0,11,20,19,0.55,0.55,1
131,9,0,10,10,9,1.0,1.0,1
132,12,0,13,13,12,1.0,1.0,1
133,11,0,7,12,11,0.583333,0.583333,1
134,3,0,12,4,3,3.0,3.0,1
135,7,0,16,8,7,2.0,2.0,1
136,11,0,6,12,11,0.5,0.5,1
137,0,5,30,6,0,5.0,5.0,0
138,10,0,14,11,10,1.272727,1.272727,1
139,0,10,87,11,0,7.909091,7.909091,0
140,15,0,12,16,15,0.75,0.75,1
119,0,9,27,10,0,2.7,2.7,0
141,10,0,9,11,10,0.818182,0.818182,1
142,7,0,8,8,7,1.0,1.0,1
143,11,0,13,12,11,1.083333,1.083333,1
144,12,0,21,13,12,1.615385,1.615385,1
145,11,0,14,12,11,1.166667,1.166667,1
146,18,0,13,19,18,0.684211,0.684211,1
147,12,0,7,13,12,0.538462,0.538462,1
148,4,0,12,5,4,2.4,2.4,1
149,15,0,8,16,15,0.5,0.5,1
150,1,3,63,5,1,12.6,12.6,0
151,7,0,10,8,7,1.25,1.25,1
152,1,6,111,8,1,13.875,13.875,0
153,8,0,13,9,8,1.444444,1.444444,1
154,1,9,38,11,1,3.454545,3.454545,0
155,4,6,54,11,4,4.909091,4.909091,0
156,3,0,8,4,3,2.0,2.0,1
157,15,0,6,16,15,0.375,0.375,1
158,1,6,51,8,1,6.375,6.375,0
159,1,0,9,2,1,4.5,4.5,1
160,11,0,7,12,11,0.583333,0.583333,1
161,4,0,5,5,4,1.0,1.0,1
162,16,0,15,17,16,0.882353,0.882353,1
163,5,0,4,6,5,0.666667,0.666667,1
164,11,0,2,12,11,0.166667,0.166667,1
166,21,0,14,22,21,0.636364,0.636364,1
167,6,0,7,7,6,1.0,1.0,1
168,2,0,10,3,2,3.333333,3.333333,1
169,12,0,2,13,12,0.153846,0.153846,1
170,15,0,7,16,15,0.4375,0.4375,1
172,8,0,9,9,8,1.0,1.0,1
173,1,3,33,5,1,6.6,6.6,0
174,12,0,13,13,12,1.0,1.0,1
175,17,0,6,18,17,0.333333,0.333333,1
176,16,0,10,17,16,0.588235,0.588235,1
177,15,0,12,16,15,0.75,0.75,1
178,1,7,95,9,1,10.555556,10.555556,0
179,4,0,6,5,4,1.2,1.2,1
180,16,0,8,17,16,0.470588,0.470588,1
181,9,0,10,10,9,1.0,1.0,1
182,9,0,8,10,9,0.8,0.8,1
183,3,8,96,12,3,8.0,8.0,0
184,9,0,18,10,9,1.8,1.8,1
185,1,2,31,4,1,7.75,7.75,0
186,10,0,3,11,10,0.272727,0.272727,1
187,3,11,41,15,3,2.733333,2.733333,0
188,1,9,80,11,1,7.272727,7.272727,0
189,5,0,6,6,5,1.0,1.0,1
190,8,0,9,9,8,1.0,1.0,1
165,12,0,14,13,12,1.076923,1.076923,1
171,5,0,2,6,5,0.333333,0.333333,1
191,3,0,1,4,3,0.25,0.25,1
192,16,0,5,17,16,0.294118,0.294118,1
193,0,8,30,9,0,3.333333,3.333333,0
195,9,0,8,10,9,0.8,0.8,1
196,1,3,54,5,1,10.8,10.8,0
198,10,0,17,11,10,1.545455,1.545455,1
199,5,0,4,6,5,0.666667,0.666667,1
200,7,0,7,8,7,0.875,0.875,1
194,2,4,47,7,2,6.714286,6.714286,0
201,10,0,11,11,10,1.0,1.0,1
202,23,0,9,24,23,0.375,0.375,1
203,0,5,70,6,0,11.666667,11.666667,0
204,3,0,8,4,3,2.0,2.0,1
205,1,5,41,7,1,5.857143,5.857143,0
206,4,0,8,5,4,1.6,1.6,1
207,3,0,0,4,3,0.0,0.0,1
208,11,0,14,12,11,1.166667,1.166667,1
209,7,0,10,8,7,1.25,1.25,1
210,11,0,3,12,11,0.25,0.25,1
197,0,4,48,5,0,9.6,9.6,0
211,8,0,12,9,8,1.333333,1.333333,1
212,11,0,6,12,11,0.5,0.5,1
214,2,9,90,12,2,7.5,7.5,0
215,10,0,11,11,10,1.0,1.0,1
216,7,0,17,8,7,2.125,2.125,1
217,11,0,8,12,11,0.666667,0.666667,1
218,1,5,60,7,1,8.571429,8.571429,0
219,1,13,116,15,1,7.733333,7.733333,0
220,7,0,13,8,7,1.625,1.625,1
213,19,0,9,20,19,0.45,0.45,1
221,3,0,9,4,3,2.25,2.25,1
222,13,0,12,14,13,0.857143,0.857143,1
223,6,0,10,7,6,1.428571,1.428571,1
224,29,0,17,30,29,0.566667,0.566667,1
225,13,0,8,14,13,0.571429,0.571429,1
227,13,0,2,14,13,0.142857,0.142857,1
228,5,0,9,6,5,1.5,1.5,1
229,9,0,7,10,9,0.7,0.7,1
230,8,0,9,9,8,1.0,1.0,1
226,8,0,9,9,8,1.0,1.0,1
231,8,0,5,9,8,0.555556,0.555556,1
232,8,0,12,9,8,1.333333,1.333333,1
233,17,0,15,18,17,0.833333,0.833333,1
234,3,10,76,14,3,5.428571,5.428571,0
235,7,0,8,8,7,1.0,1.0,1
236,12,0,6,13,12,0.461538,0.461538,1
237,11,0,7,12,11,0.583333,0.583333,1
238,8,0,7,9,8,0.777778,0.777778,1
239,9,0,4,10,9,0.4,0.4,1
240,9,0,8,10,9,0.8,0.8,1
241,21,0,11,22,21,0.5,0.5,1
242,4,0,2,5,4,0.4,0.4,1
244,13,0,7,14,13,0.5,0.5,1
245,5,0,4,6,5,0.666667,0.666667,1
246,12,0,10,13,12,0.769231,0.769231,1
247,0,5,73,6,0,12.166667,12.166667,0
248,7,0,8,8,7,1.0,1.0,1
249,14,0,12,15,14,0.8,0.8,1
250,0,8,81,9,0,9.0,9.0,0
251,7,0,10,8,7,1.25,1.25,1
252,6,0,15,7,6,2.142857,2.142857,1
253,10,0,7,11,10,0.636364,0.636364,1
254,6,0,13,7,6,1.857143,1.857143,1
255,0,5,35,6,0,5.833333,5.833333,0
256,6,0,10,7,6,1.428571,1.428571,1
257,2,8,31,11,2,2.818182,2.818182,0
258,5,0,7,6,5,1.166667,1.166667,1
259,4,12,104,17,4,6.117647,6.117647,0
260,26,0,9,27,26,0.333333,0.333333,1
243,21,0,12,22,21,0.545455,0.545455,1
261,15,0,12,16,15,0.75,0.75,1
263,1,9,83,11,1,7.545455,7.545455,0
265,8,0,9,9,8,1.0,1.0,1
266,7,0,13,8,7,1.625,1.625,1
267,2,6,58,9,2,6.444444,6.444444,0
268,15,0,14,16,15,0.875,0.875,1
269,5,9,110,15,5,7.333333,7.333333,0
270,8,15,56,24,8,2.333333,2.333333,0
271,4,0,5,5,4,1.0,1.0,1
272,5,0,9,6,5,1.5,1.5,1
273,2,6,96,9,2,10.666667,10.666667,0
274,3,12,101,16,3,6.3125,6.3125,0
275,13,0,4,14,13,0.285714,0.285714,1
276,2,4,94,7,2,13.428571,13.428571,0
277,1,8,115,10,1,11.5,11.5,0
278,4,0,13,5,4,2.6,2.6,1
279,6,0,10,7,6,1.428571,1.428571,1
280,7,0,8,8,7,1.0,1.0,1
264,18,0,7,19,18,0.368421,0.368421,1
281,10,0,17,11,10,1.545455,1.545455,1
282,1,2,76,4,1,19.0,19.0,0
283,10,0,6,11,10,0.545455,0.545455,1
284,5,0,9,6,5,1.5,1.5,1
285,19,0,4,20,19,0.2,0.2,1
286,5,10,85,16,5,5.3125,5.3125,0
287,15,0,17,16,15,1.0625,1.0625,1
288,3,13,97,17,3,5.705882,5.705882,0
289,0,7,72,8,0,9.0,9.0,0
262,10,0,11,11,10,1.0,1.0,1
291,13,0,9,14,13,0.642857,0.642857,1
292,8,0,13,9,8,1.444444,1.444444,1
293,15,0,4,16,15,0.25,0.25,1
294,14,0,15,15,14,1.0,1.0,1
296,10,0,9,11,10,0.818182,0.818182,1
297,3,13,84,17,3,4.941176,4.941176,0
298,21,0,11,22,21,0.5,0.5,1
299,22,0,8,23,22,0.347826,0.347826,1
300,21,0,12,22,21,0.545455,0.545455,1
295,2,5,79,8,2,9.875,9.875,0
301,13,0,7,14,13,0.5,0.5,1
302,9,0,9,10,9,0.9,0.9,1
303,11,0,12,12,11,1.0,1.0,1
304,9,0,6,10,9,0.6,0.6,1
305,13,0,9,14,13,0.642857,0.642857,1
306,2,5,32,8,2,4.0,4.0,0
307,1,4,25,6,1,4.166667,4.166667,0
308,8,0,6,9,8,0.666667,0.666667,1
309,10,0,3,11,10,0.272727,0.272727,1
310,4,10,47,15,4,3.133333,3.133333,0
290,2,12,87,15,2,5.8,5.8,0
311,2,4,46,7,2,6.571429,6.571429,0
312,17,0,8,18,17,0.444444,0.444444,1
313,8,0,6,9,8,0.666667,0.666667,1
314,12,0,13,13,12,1.0,1.0,1
315,11,0,7,12,11,0.583333,0.583333,1
316,9,0,8,10,9,0.8,0.8,1
317,6,0,5,7,6,0.714286,0.714286,1
318,5,0,17,6,5,2.833333,2.833333,1
320,16,0,8,17,16,0.470588,0.470588,1
321,3,9,73,13,3,5.615385,5.615385,0
322,5,0,5,6,5,0.833333,0.833333,1
323,14,0,16,15,14,1.066667,1.066667,1
324,2,5,87,8,2,10.875,10.875,0
326,5,0,7,6,5,1.166667,1.166667,1
327,6,14,81,21,6,3.857143,3.857143,0
328,1,8,105,10,1,10.5,10.5,0
329,3,0,5,4,3,1.25,1.25,1
330,10,0,9,11,10,0.818182,0.818182,1
331,4,0,7,5,4,1.4,1.4,1
332,1,11,106,13,1,8.153846,8.153846,0
333,6,0,13,7,6,1.857143,1.857143,1
334,9,0,2,10,9,0.2,0.2,1
335,1,20,76,22,1,3.454545,3.454545,0
336,12,0,10,13,12,0.769231,0.769231,1
337,3,0,3,4,3,0.75,0.75,1
338,2,4,55,7,2,7.857143,7.857143,0
339,0,0,5,1,0,5.0,5.0,1
340,4,0,15,5,4,3.0,3.0,1
319,10,0,4,11,10,0.363636,0.363636,1
325,0,1,72,2,0,36.0,36.0,0
341,9,0,8,10,9,0.8,0.8,1
342,2,7,88,10,2,8.8,8.8,0
343,12,0,11,13,12,0.846154,0.846154,1
344,2,4,79,7,2,11.285714,11.285714,0
345,21,0,14,22,21,0.636364,0.636364,1
346,1,8,77,10,1,7.7,7.7,0
347,12,0,10,13,12,0.769231,0.769231,1
349,9,0,10,10,9,1.0,1.0,1
350,6,14,99,21,6,4.714286,4.714286,0
351,14,0,18,15,14,1.2,1.2,1
352,4,0,11,5,4,2.2,2.2,1
353,15,0,6,16,15,0.375,0.375,1
354,13,0,8,14,13,0.571429,0.571429,1
355,4,0,0,5,4,0.0,0.0,1
356,10,0,10,11,10,0.909091,0.909091,1
357,19,0,14,20,19,0.7,0.7,1
358,10,0,17,11,10,1.545455,1.545455,1
359,9,0,4,10,9,0.4,0.4,1
360,17,0,8,18,17,0.444444,0.444444,1
348,1,2,21,4,1,5.25,5.25,0
361,9,0,7,10,9,0.7,0.7,1
362,13,0,5,14,13,0.357143,0.357143,1
363,15,0,7,16,15,0.4375,0.4375,1
365,18,0,9,19,18,0.473684,0.473684,1
366,12,0,7,13,12,0.538462,0.538462,1
367,7,0,7,8,7,0.875,0.875,1
368,8,0,10,9,8,1.111111,1.111111,1
369,1,7,43,9,1,4.777778,4.777778,0
370,0,8,32,9,0,3.555556,3.555556,0
371,1,0,56,2,1,28.0,28.0,0
373,13,0,11,14,13,0.785714,0.785714,1
374,2,0,3,3,2,1.0,1.0,1
375,9,0,10,10,9,1.0,1.0,1
376,6,0,5,7,6,0.714286,0.714286,1
377,4,10,89,15,4,5.933333,5.933333,0
378,12,0,10,13,12,0.769231,0.769231,1
379,4,0,9,5,4,1.8,1.8,1
380,7,0,10,8,7,1.25,1.25,1
364,6,0,10,7,6,1.428571,1.428571,1
372,6,0,11,7,6,1.571429,1.571429,1
381,14,0,15,15,14,1.0,1.0,1
382,16,0,11,17,16,0.647059,0.647059,1
383,13,0,14,14,13,1.0,1.0,1
384,12,0,15,13,12,1.153846,1.153846,1
385,6,0,7,7,6,1.0,1.0,1
386,16,0,18,17,16,1.058824,1.058824,1
387,13,0,7,14,13,0.5,0.5,1
388,4,0,6,5,4,1.2,1.2,1
389,15,0,12,16,15,0.75,0.75,1
390,10,0,13,11,10,1.181818,1.181818,1
391,15,0,6,16,15,0.375,0.375,1
392,25,0,15,26,25,0.576923,0.576923,1
393,8,0,9,9,8,1.0,1.0,1
395,3,4,101,8,3,12.625,12.625,0
396,0,5,12,6,0,2.0,2.0,0
397,9,0,13,10,9,1.3,1.3,1
398,14,0,4,15,14,0.266667,0.266667,1
399,4,0,9,5,4,1.8,1.8,1
400,14,0,6,15,14,0.4,0.4,1
401,11,0,13,12,11,1.083333,1.083333,1
402,12,0,12,13,12,0.923077,0.923077,1
403,9,0,5,10,9,0.5,0.5,1
405,22,0,9,23,22,0.391304,0.391304,1
406,5,0,10,6,5,1.666667,1.666667,1
407,9,0,15,10,9,1.5,1.5,1
408,6,0,18,7,6,2.571429,2.571429,1
409,21,0,18,22,21,0.818182,0.818182,1
410,16,0,9,17,16,0.529412,0.529412,1
394,8,0,3,9,8,0.333333,0.333333,1
411,14,0,11,15,14,0.733333,0.733333,1
413,10,0,8,11,10,0.727273,0.727273,1
414,8,0,10,9,8,1.111111,1.111111,1
415,6,0,6,7,6,0.857143,0.857143,1
416,5,0,9,6,5,1.5,1.5,1
417,11,0,6,12,11,0.5,0.5,1
418,8,0,5,9,8,0.555556,0.555556,1
419,21,0,11,22,21,0.5,0.5,1
420,15,0,9,16,15,0.5625,0.5625,1
412,23,0,12,24,23,0.5,0.5,1
421,12,0,10,13,12,0.769231,0.769231,1
422,9,0,1,10,9,0.1,0.1,1
423,11,0,15,12,11,1.25,1.25,1
424,1,7,68,9,1,7.555556,7.555556,0
425,10,0,6,11,10,0.545455,0.545455,1
426,11,0,8,12,11,0.666667,0.666667,1
427,12,0,3,13,12,0.230769,0.230769,1
428,7,0,7,8,7,0.875,0.875,1
429,9,0,7,10,9,0.7,0.7,1
431,9,0,14,10,9,1.4,1.4,1
432,10,0,8,11,10,0.727273,0.727273,1
433,8,0,4,9,8,0.444444,0.444444,1
434,6,0,8,7,6,1.142857,1.142857,1
435,1,9,42,11,1,3.818182,3.818182,0
436,3,17,90,21,3,4.285714,4.285714,0
438,8,0,6,9,8,0.666667,0.666667,1
439,15,0,8,16,15,0.5,0.5,1
440,6,0,2,7,6,0.285714,0.285714,1
404,20,0,12,21,20,0.571429,0.571429,1
441,6,0,16,7,6,2.285714,2.285714,1
442,2,2,92,5,2,18.4,18.4,0
443,8,0,9,9,8,1.0,1.0,1
444,13,0,13,14,13,0.928571,0.928571,1
445,20,0,11,21,20,0.52381,0.52381,1
446,2,8,79,11,2,7.181818,7.181818,0
447,1,0,6,2,1,3.0,3.0,1
448,13,0,16,14,13,1.142857,1.142857,1
449,6,0,4,7,6,0.571429,0.571429,1
450,2,5,65,8,2,8.125,8.125,0
430,8,0,10,9,8,1.111111,1.111111,1
451,21,0,5,22,21,0.227273,0.227273,1
452,14,0,15,15,14,1.0,1.0,1
453,13,0,8,14,13,0.571429,0.571429,1
454,13,0,10,14,13,0.714286,0.714286,1
455,1,8,84,10,1,8.4,8.4,0
456,2,4,109,7,2,15.571429,15.571429,0
457,1,1,47,3,1,15.666667,15.666667,0
458,1,0,5,2,1,2.5,2.5,1
459,6,0,20,7,6,2.857143,2.857143,1
460,2,0,4,3,2,1.333333,1.333333,1
461,5,0,9,6,5,1.5,1.5,1
462,14,0,12,15,14,0.8,0.8,1
463,15,0,12,16,15,0.75,0.75,1
464,1,3,92,5,1,18.4,18.4,0
465,1,9,97,11,1,8.818182,8.818182,0
466,5,0,4,6,5,0.666667,0.666667,1
467,15,0,11,16,15,0.6875,0.6875,1
468,10,0,18,11,10,1.636364,1.636364,1
469,13,0,10,14,13,0.714286,0.714286,1
470,12,0,13,13,12,1.0,1.0,1
471,7,0,12,8,7,1.5,1.5,1
472,4,0,17,5,4,3.4,3.4,1
473,16,0,13,17,16,0.764706,0.764706,1
474,11,0,6,12,11,0.5,0.5,1
475,11,0,10,12,11,0.833333,0.833333,1
477,15,0,8,16,15,0.5,0.5,1
478,10,0,10,11,10,0.909091,0.909091,1
479,5,0,7,6,5,1.166667,1.166667,1
480,6,0,2,7,6,0.285714,0.285714,1
437,9,0,19,10,9,1.9,1.9,1
481,4,14,94,19,4,4.947368,4.947368,0
482,17,0,10,18,17,0.555556,0.555556,1
483,0,9,72,10,0,7.2,7.2,0
484,16,0,13,17,16,0.764706,0.764706,1
485,6,0,5,7,6,0.714286,0.714286,1
487,3,0,1,4,3,0.25,0.25,1
488,7,0,10,8,7,1.25,1.25,1
489,1,0,12,2,1,6.0,6.0,1
490,12,0,2,13,12,0.153846,0.153846,1
486,6,0,4,7,6,0.571429,0.571429,1
491,8,0,9,9,8,1.0,1.0,1
493,9,0,10,10,9,1.0,1.0,1
494,3,0,5,4,3,1.25,1.25,1
495,1,8,69,10,1,6.9,6.9,0
496,5,0,2,6,5,0.333333,0.333333,1
497,6,0,9,7,6,1.285714,1.285714,1
498,10,0,10,11,10,0.909091,0.909091,1
500,0,3,81,4,0,20.25,20.25,0
476,2,0,1,3,2,0.333333,0.333333,1
492,1,5,38,7,1,5.428571,5.428571,0
501,5,0,11,6,5,1.833333,1.833333,1
502,10,0,8,11,10,0.727273,0.727273,1
503,2,0,6,3,2,2.0,2.0,1
504,7,0,10,8,7,1.25,1.25,1
505,18,0,7,19,18,0.368421,0.368421,1
506,11,0,8,12,11,0.666667,0.666667,1
507,5,0,7,6,5,1.166667,1.166667,1
508,8,0,11,9,8,1.222222,1.222222,1
509,7,0,9,8,7,1.125,1.125,1
510,6,0,3,7,6,0.428571,0.428571,1
511,20,0,14,21,20,0.666667,0.666667,1
512,13,0,8,14,13,0.571429,0.571429,1
513,12,0,9,13,12,0.692308,0.692308,1
514,4,0,4,5,4,0.8,0.8,1
515,11,0,4,12,11,0.333333,0.333333,1
516,2,5,80,8,2,10.0,10.0,0
517,9,0,10,10,9,1.0,1.0,1
518,0,2,25,3,0,8.333333,8.333333,0
519,2,0,6,3,2,2.0,2.0,1
499,1,6,29,8,1,3.625,3.625,0
520,2,7,83,10,2,8.3,8.3,0
521,3,4,108,8,3,13.5,13.5,0
522,12,0,9,13,12,0.692308,0.692308,1
523,5,0,9,6,5,1.5,1.5,1
524,15,0,17,16,15,1.0625,1.0625,1
525,2,0,4,3,2,1.333333,1.333333,1
526,3,9,93,13,3,7.153846,7.153846,0
527,4,0,19,5,4,3.8,3.8,1
528,16,0,8,17,16,0.470588,0.470588,1
529,8,0,6,9,8,0.666667,0.666667,1
530,1,11,97,13,1,7.461538,7.461538,0
531,2,11,92,14,2,6.571429,6.571429,0
532,10,0,12,11,10,1.090909,1.090909,1
533,18,0,11,19,18,0.578947,0.578947,1
534,1,15,65,17,1,3.823529,3.823529,0
535,14,0,9,15,14,0.6,0.6,1
536,10,0,13,11,10,1.181818,1.181818,1
537,1,11,52,13,1,4.0,4.0,0
538,10,0,19,11,10,1.727273,1.727273,1
539,0,3,76,4,0,19.0,19.0,0
540,11,0,8,12,11,0.666667,0.666667,1
541,2,0,17,3,2,5.666667,5.666667,1
542,5,0,10,6,5,1.666667,1.666667,1
543,24,0,12,25,24,0.48,0.48,1
544,5,0,12,6,5,2.0,2.0,1
545,17,0,7,18,17,0.388889,0.388889,1
546,11,0,13,12,11,1.083333,1.083333,1
547,8,0,9,9,8,1.0,1.0,1
548,20,0,9,21,20,0.428571,0.428571,1
549,6,0,4,7,6,0.571429,0.571429,1
550,1,2,38,4,1,9.5,9.5,0
551,5,0,17,6,5,2.833333,2.833333,1
552,1,6,108,8,1,13.5,13.5,0
554,11,0,6,12,11,0.5,0.5,1
555,6,0,12,7,6,1.714286,1.714286,1
556,3,14,125,18,3,6.944444,6.944444,0
557,12,0,14,13,12,1.076923,1.076923,1
558,11,0,9,12,11,0.75,0.75,1
559,1,5,95,7,1,13.571429,13.571429,0
560,10,0,1,11,10,0.090909,0.090909,1
553,14,0,14,15,14,0.933333,0.933333,1
561,15,0,2,16,15,0.125,0.125,1
562,3,5,114,9,3,12.666667,12.666667,0
563,0,7,35,8,0,4.375,4.375,0
564,3,0,4,4,3,1.0,1.0,1
565,7,0,9,8,7,1.125,1.125,1
567,6,0,7,7,6,1.0,1.0,1
568,8,0,8,9,8,0.888889,0.888889,1
569,7,0,10,8,7,1.25,1.25,1
570,4,8,87,13,4,6.692308,6.692308,0
566,9,0,9,10,9,0.9,0.9,1
571,7,0,8,8,7,1.0,1.0,1
572,5,0,6,6,5,1.0,1.0,1
573,0,4,62,5,0,12.4,12.4,0
574,9,0,10,10,9,1.0,1.0,1
575,16,0,10,17,16,0.588235,0.588235,1
576,2,5,81,8,2,10.125,10.125,0
577,3,0,5,4,3,1.25,1.25,1
578,7,0,7,8,7,0.875,0.875,1
579,0,6,82,7,0,11.714286,11.714286,0
580,6,0,5,7,6,0.714286,0.714286,1
581,7,0,5,8,7,0.625,0.625,1
582,12,0,6,13,12,0.461538,0.461538,1
583,0,10,46,11,0,4.181818,4.181818,0
584,2,0,13,3,2,4.333333,4.333333,1
585,6,0,10,7,6,1.428571,1.428571,1
586,0,6,51,7,0,7.285714,7.285714,0
588,13,0,13,14,13,0.928571,0.928571,1
590,2,7,50,10,2,5.0,5.0,0
589,7,0,3,8,7,0.375,0.375,1
591,6,0,8,7,6,1.142857,1.142857,1
592,4,0,5,5,4,1.0,1.0,1
593,7,0,14,8,7,1.75,1.75,1
594,3,0,4,4,3,1.0,1.0,1
595,4,0,17,5,4,3.4,3.4,1
596,4,0,5,5,4,1.0,1.0,1
597,7,0,12,8,7,1.5,1.5,1
598,6,0,8,7,6,1.142857,1.142857,1
599,13,0,11,14,13,0.785714,0.785714,1
600,15,0,13,16,15,0.8125,0.8125,1
601,5,0,2,6,5,0.333333,0.333333,1
602,5,0,4,6,5,0.666667,0.666667,1
603,11,0,4,12,11,0.333333,0.333333,1
604,7,0,19,8,7,2.375,2.375,1
606,8,0,11,9,8,1.222222,1.222222,1
607,0,0,2,1,0,2.0,2.0,1
608,7,0,10,8,7,1.25,1.25,1
609,13,0,10,14,13,0.714286,0.714286,1
610,12,0,11,13,12,0.846154,0.846154,1
587,3,0,6,4,3,1.5,1.5,1
611,11,0,10,12,11,0.833333,0.833333,1
612,4,10,73,15,4,4.866667,4.866667,0
613,6,0,1,7,6,0.142857,0.142857,1
614,3,5,59,9,3,6.555556,6.555556,0
615,13,0,11,14,13,0.785714,0.785714,1
616,8,0,9,9,8,1.0,1.0,1
617,11,0,5,12,11,0.416667,0.416667,1
618,6,0,6,7,6,0.857143,0.857143,1
619,5,0,16,6,5,2.666667,2.666667,1
620,9,0,7,10,9,0.7,0.7,1
605,7,0,10,8,7,1.25,1.25,1
621,6,0,8,7,6,1.142857,1.142857,1
622,1,12,66,14,1,4.714286,4.714286,0
623,17,0,20,18,17,1.111111,1.111111,1
624,9,0,14,10,9,1.4,1.4,1
625,2,0,16,3,2,5.333333,5.333333,1
626,7,0,10,8,7,1.25,1.25,1
627,9,0,7,10,9,0.7,0.7,1
628,6,0,4,7,6,0.571429,0.571429,1
629,2,6,92,9,2,10.222222,10.222222,0
630,1,0,5,2,1,2.5,2.5,1
631,5,0,16,6,5,2.666667,2.666667,1
632,10,0,11,11,10,1.0,1.0,1
633,17,0,10,18,17,0.555556,0.555556,1
634,13,0,8,14,13,0.571429,0.571429,1
635,2,4,39,7,2,5.571429,5.571429,0
636,19,0,16,20,19,0.8,0.8,1
637,1,7,49,9,1,5.444444,5.444444,0
638,7,0,10,8,7,1.25,1.25,1
639,6,0,9,7,6,1.285714,1.285714,1
640,0,8,74,9,0,8.222222,8.222222,0
641,3,0,3,4,3,0.75,0.75,1
642,7,0,3,8,7,0.375,0.375,1
643,8,0,7,9,8,0.777778,0.777778,1
644,9,0,17,10,9,1.7,1.7,1
645,3,10,80,14,3,5.714286,5.714286,0
646,8,0,5,9,8,0.555556,0.555556,1
647,3,2,51,6,3,8.5,8.5,0
648,12,0,15,13,12,1.153846,1.153846,1
649,15,0,14,16,15,0.875,0.875,1
650,18,0,12,19,18,0.631579,0.631579,1
651,5,9,94,15,5,6.266667,6.266667,0
652,7,0,10,8,7,1.25,1.25,1
653,4,6,120,11,4,10.909091,10.909091,0
654,3,0,1,4,3,0.25,0.25,1
655,3,1,49,5,3,9.8,9.8,0
656,16,0,10,17,16,0.588235,0.588235,1
657,0,0,2,1,0,2.0,2.0,1
658,6,0,9,7,6,1.285714,1.285714,1
659,4,0,10,5,4,2.0,2.0,1
660,12,0,5,13,12,0.384615,0.384615,1
661,5,0,15,6,5,2.5,2.5,1
662,17,0,16,18,17,0.888889,0.888889,1
664,8,0,10,9,8,1.111111,1.111111,1
665,7,0,13,8,7,1.625,1.625,1
666,1,4,21,6,1,3.5,3.5,0
667,3,8,91,12,3,7.583333,7.583333,0
668,1,6,58,8,1,7.25,7.25,0
669,5,0,5,6,5,0.833333,0.833333,1
670,7,0,7,8,7,0.875,0.875,1
663,8,0,11,9,8,1.222222,1.222222,1
674,3,0,14,4,3,3.5,3.5,1
675,13,0,16,14,13,1.142857,1.142857,1
676,2,8,53,11,2,4.818182,4.818182,0
677,2,0,4,3,2,1.333333,1.333333,1
678,11,0,8,12,11,0.666667,0.666667,1
680,7,0,11,8,7,1.375,1.375,1
672,0,9,81,10,0,8.1,8.1,0
673,1,0,13,2,1,6.5,6.5,1
681,11,0,3,12,11,0.25,0.25,1
682,1,0,12,2,1,6.0,6.0,1
683,5,0,6,6,5,1.0,1.0,1
685,0,5,61,6,0,10.166667,10.166667,0
686,4,0,12,5,4,2.4,2.4,1
687,2,8,76,11,2,6.909091,6.909091,0
688,15,0,11,16,15,0.6875,0.6875,1
689,9,0,12,10,9,1.2,1.2,1
690,5,0,3,6,5,0.5,0.5,1
671,21,0,8,22,21,0.363636,0.363636,1
679,7,0,11,8,7,1.375,1.375,1
684,2,6,81,9,2,9.0,9.0,0
691,0,2,46,3,0,15.333333,15.333333,0
692,5,9,57,15,5,3.8,3.8,0
693,21,0,7,22,21,0.318182,0.318182,1
694,1,8,80,10,1,8.0,8.0,0
695,9,0,6,10,9,0.6,0.6,1
696,7,0,2,8,7,0.25,0.25,1
698,2,6,37,9,2,4.111111,4.111111,0
699,3,0,6,4,3,1.5,1.5,1
700,1,0,5,2,1,2.5,2.5,1
701,1,2,90,4,1,22.5,22.5,0
702,1,8,100,10,1,10.0,10.0,0
704,4,0,11,5,4,2.2,2.2,1
705,6,0,2,7,6,0.285714,0.285714,1
706,6,0,9,7,6,1.285714,1.285714,1
707,1,11,51,13,1,3.923077,3.923077,0
708,1,11,65,13,1,5.0,5.0,0
709,12,0,14,13,12,1.076923,1.076923,1
710,8,0,3,9,8,0.333333,0.333333,1
697,8,0,2,9,8,0.222222,0.222222,1
703,3,0,16,4,3,4.0,4.0,1
711,10,0,11,11,10,1.0,1.0,1
712,6,0,7,7,6,1.0,1.0,1
713,0,4,74,5,0,14.8,14.8,0
714,10,0,13,11,10,1.181818,1.181818,1
715,0,2,81,3,0,27.0,27.0,0
716,3,4,38,8,3,4.75,4.75,0
717,17,0,14,18,17,0.777778,0.777778,1
718,2,5,41,8,2,5.125,5.125,0
719,7,0,6,8,7,0.75,0.75,1
720,12,0,16,13,12,1.230769,1.230769,1
721,3,9,102,13,3,7.846154,7.846154,0
722,3,0,7,4,3,1.75,1.75,1
723,4,0,7,5,4,1.4,1.4,1
725,2,0,8,3,2,2.666667,2.666667,1
726,10,0,14,11,10,1.272727,1.272727,1
727,5,8,81,14,5,5.785714,5.785714,0
728,4,0,6,5,4,1.2,1.2,1
729,4,0,14,5,4,2.8,2.8,1
730,13,0,14,14,13,1.0,1.0,1
724,4,0,5,5,4,1.0,1.0,1
731,14,0,7,15,14,0.466667,0.466667,1
732,9,0,11,10,9,1.1,1.1,1
733,15,0,10,16,15,0.625,0.625,1
734,0,3,67,4,0,16.75,16.75,0
735,6,0,9,7,6,1.285714,1.285714,1
736,16,0,9,17,16,0.529412,0.529412,1
737,5,0,3,6,5,0.5,0.5,1
738,4,9,76,14,4,5.428571,5.428571,0
739,2,9,52,12,2,4.333333,4.333333,0
740,12,0,12,13,12,0.923077,0.923077,1
741,0,8,100,9,0,11.111111,11.111111,0
744,12,0,9,13,12,0.692308,0.692308,1
746,17,0,13,18,17,0.722222,0.722222,1
747,10,0,6,11,10,0.545455,0.545455,1
748,14,0,11,15,14,0.733333,0.733333,1
749,16,0,10,17,16,0.588235,0.588235,1
750,2,7,43,10,2,4.3,4.3,0
743,6,0,9,7,6,1.285714,1.285714,1
751,5,0,8,6,5,1.333333,1.333333,1
752,17,0,8,18,17,0.444444,0.444444,1
753,2,0,8,3,2,2.666667,2.666667,1
754,9,0,5,10,9,0.5,0.5,1
755,8,0,8,9,8,0.888889,0.888889,1
757,4,0,9,5,4,1.8,1.8,1
758,4,0,15,5,4,3.0,3.0,1
759,2,7,83,10,2,8.3,8.3,0
762,2,9,32,12,2,2.666667,2.666667,0
763,4,0,14,5,4,2.8,2.8,1
764,4,14,70,19,4,3.684211,3.684211,0
765,5,0,13,6,5,2.166667,2.166667,1
766,0,4,30,5,0,6.0,6.0,0
767,15,0,14,16,15,0.875,0.875,1
768,9,0,5,10,9,0.5,0.5,1
769,0,11,83,12,0,6.916667,6.916667,0
770,22,0,15,23,22,0.652174,0.652174,1
742,6,0,8,7,6,1.142857,1.142857,1
745,0,7,69,8,0,8.625,8.625,0
756,3,0,8,4,3,2.0,2.0,1
760,3,0,11,4,3,2.75,2.75,1
771,10,0,6,11,10,0.545455,0.545455,1
772,22,0,14,23,22,0.608696,0.608696,1
773,9,0,10,10,9,1.0,1.0,1
774,14,0,13,15,14,0.866667,0.866667,1
775,5,0,7,6,5,1.166667,1.166667,1
776,2,4,49,7,2,7.0,7.0,0
777,1,5,75,7,1,10.714286,10.714286,0
778,4,0,12,5,4,2.4,2.4,1
779,7,0,8,8,7,1.0,1.0,1
780,5,0,4,6,5,0.666667,0.666667,1
761,13,0,12,14,13,0.857143,0.857143,1
781,4,0,15,5,4,3.0,3.0,1
782,13,0,22,14,13,1.571429,1.571429,1
783,8,0,8,9,8,0.888889,0.888889,1
784,19,0,6,20,19,0.3,0.3,1
785,10,0,12,11,10,1.090909,1.090909,1
786,16,0,11,17,16,0.647059,0.647059,1
787,5,0,9,6,5,1.5,1.5,1
788,14,0,8,15,14,0.533333,0.533333,1
790,18,0,10,19,18,0.526316,0.526316,1
789,2,6,70,9,2,7.777778,7.777778,0
791,11,0,5,12,11,0.416667,0.416667,1
792,3,0,1,4,3,0.25,0.25,1
793,8,0,9,9,8,1.0,1.0,1
795,11,0,9,12,11,0.75,0.75,1
796,11,0,10,12,11,0.833333,0.833333,1
799,16,0,14,17,16,0.823529,0.823529,1
800,4,0,22,5,4,4.4,4.4,1
794,11,0,7,12,11,0.583333,0.583333,1
797,4,0,11,5,4,2.2,2.2,1
801,10,0,12,11,10,1.090909,1.090909,1
803,16,0,8,17,16,0.470588,0.470588,1
804,3,0,8,4,3,2.0,2.0,1
805,14,0,14,15,14,0.933333,0.933333,1
806,15,0,11,16,15,0.6875,0.6875,1
807,10,0,8,11,10,0.727273,0.727273,1
808,3,9,35,13,3,2.692308,2.692308,0
809,6,0,6,7,6,0.857143,0.857143,1
810,11,0,11,12,11,0.916667,0.916667,1
798,0,5,88,6,0,14.666667,14.666667,0
802,2,7,73,10,2,7.3,7.3,0
811,14,0,9,15,14,0.6,0.6,1
813,7,0,9,8,7,1.125,1.125,1
814,6,0,8,7,6,1.142857,1.142857,1
815,2,8,71,11,2,6.454545,6.454545,0
816,12,0,10,13,12,0.769231,0.769231,1
817,14,0,17,15,14,1.133333,1.133333,1
818,9,0,9,10,9,0.9,0.9,1
819,5,0,4,6,5,0.666667,0.666667,1
820,1,2,82,4,1,20.5,20.5,0
821,5,0,5,6,5,0.833333,0.833333,1
822,2,13,72,16,2,4.5,4.5,0
823,14,0,11,15,14,0.733333,0.733333,1
824,3,2,45,6,3,7.5,7.5,0
825,7,0,6,8,7,0.75,0.75,1
826,10,0,8,11,10,0.727273,0.727273,1
829,10,0,8,11,10,0.727273,0.727273,1
830,11,0,9,12,11,0.75,0.75,1
812,14,0,17,15,14,1.133333,1.133333,1
827,3,0,3,4,3,0.75,0.75,1
828,4,0,11,5,4,2.2,2.2,1
831,8,0,7,9,8,0.777778,0.777778,1
832,2,12,97,15,2,6.466667,6.466667,0
833,16,0,11,17,16,0.647059,0.647059,1
834,11,0,8,12,11,0.666667,0.666667,1
835,3,0,11,4,3,2.75,2.75,1
837,9,0,2,10,9,0.2,0.2,1
838,6,0,5,7,6,0.714286,0.714286,1
839,9,0,9,10,9,0.9,0.9,1
840,7,0,9,8,7,1.125,1.125,1
836,6,0,12,7,6,1.714286,1.714286,1
841,1,7,98,9,1,10.888889,10.888889,0
843,17,0,9,18,17,0.5,0.5,1
844,0,8,79,9,0,8.777778,8.777778,0
845,7,0,2,8,7,0.25,0.25,1
846,8,0,11,9,8,1.222222,1.222222,1
847,13,0,10,14,13,0.714286,0.714286,1
848,6,0,4,7,6,0.571429,0.571429,1
849,1,7,41,9,1,4.555556,4.555556,0
850,2,0,8,3,2,2.666667,2.666667,1
852,2,4,77,7,2,11.0,11.0,0
854,3,4,63,8,3,7.875,7.875,0
855,7,0,5,8,7,0.625,0.625,1
856,1,10,93,12,1,7.75,7.75,0
857,2,6,93,9,2,10.333333,10.333333,0
858,1,6,64,8,1,8.0,8.0,0
859,3,9,77,13,3,5.923077,5.923077,0
860,4,0,7,5,4,1.4,1.4,1
842,8,0,14,9,8,1.555556,1.555556,1
851,2,0,3,3,2,1.0,1.0,1
862,1,0,2,2,1,1.0,1.0,1
863,4,0,8,5,4,1.6,1.6,1
864,7,0,11,8,7,1.375,1.375,1
865,3,0,0,4,3,0.0,0.0,1
866,20,0,7,21,20,0.333333,0.333333,1
868,19,0,15,20,19,0.75,0.75,1
869,10,0,14,11,10,1.272727,1.272727,1
861,21,0,8,22,21,0.363636,0.363636,1
871,15,0,5,16,15,0.3125,0.3125,1
873,14,0,5,15,14,0.333333,0.333333,1
874,4,0,2,5,4,0.4,0.4,1
875,5,9,77,15,5,5.133333,5.133333,0
876,15,0,14,16,15,0.875,0.875,1
877,9,0,14,10,9,1.4,1.4,1
878,2,4,32,7,2,4.571429,4.571429,0
879,10,0,5,11,10,0.454545,0.454545,1
880,1,10,81,12,1,6.75,6.75,0
853,11,0,12,12,11,1.0,1.0,1
881,16,0,12,17,16,0.705882,0.705882,1
884,4,0,4,5,4,0.8,0.8,1
885,9,0,8,10,9,0.8,0.8,1
886,5,0,9,6,5,1.5,1.5,1
887,4,0,13,5,4,2.6,2.6,1
888,11,0,12,12,11,1.0,1.0,1
890,2,2,29,5,2,5.8,5.8,0
867,3,0,11,4,3,2.75,2.75,1
870,6,0,7,7,6,1.0,1.0,1
889,8,0,8,9,8,0.888889,0.888889,1
892,0,4,17,5,0,3.4,3.4,0
893,0,5,63,6,0,10.5,10.5,0
894,1,5,53,7,1,7.571429,7.571429,0
895,0,3,64,4,0,16.0,16.0,0
896,15,0,15,16,15,0.9375,0.9375,1
897,2,0,12,3,2,4.0,4.0,1
898,20,0,5,21,20,0.238095,0.238095,1
900,6,0,4,7,6,0.571429,0.571429,1
872,15,0,16,16,15,1.0,1.0,1
883,10,0,13,11,10,1.181818,1.181818,1
901,3,0,9,4,3,2.25,2.25,1
902,10,0,9,11,10,0.818182,0.818182,1
903,8,0,15,9,8,1.666667,1.666667,1
904,12,0,9,13,12,0.692308,0.692308,1
905,16,0,12,17,16,0.705882,0.705882,1
907,5,0,15,6,5,2.5,2.5,1
908,6,0,11,7,6,1.571429,1.571429,1
909,10,0,11,11,10,1.0,1.0,1
910,3,7,99,11,3,9.0,9.0,0
882,7,0,11,8,7,1.375,1.375,1
891,10,0,5,11,10,0.454545,0.454545,1
912,11,0,5,12,11,0.416667,0.416667,1
914,0,5,24,6,0,4.0,4.0,0
916,7,0,8,8,7,1.0,1.0,1
917,11,0,9,12,11,0.75,0.75,1
918,0,7,73,8,0,9.125,9.125,0
919,0,3,80,4,0,20.0,20.0,0
920,1,7,117,9,1,13.0,13.0,0
913,1,11,73,13,1,5.615385,5.615385,0
921,8,0,5,9,8,0.555556,0.555556,1
923,9,0,5,10,9,0.5,0.5,1
924,5,0,17,6,5,2.833333,2.833333,1
925,5,0,11,6,5,1.833333,1.833333,1
926,0,6,102,7,0,14.571429,14.571429,0
927,18,0,6,19,18,0.315789,0.315789,1
929,10,0,8,11,10,0.727273,0.727273,1
930,8,0,11,9,8,1.222222,1.222222,1
899,17,0,11,18,17,0.611111,0.611111,1
911,9,0,11,10,9,1.1,1.1,1
931,5,0,14,6,5,2.333333,2.333333,1
933,0,2,40,3,0,13.333333,13.333333,0
936,2,10,86,13,2,6.615385,6.615385,0
938,9,0,7,10,9,0.7,0.7,1
940,11,0,1,12,11,0.083333,0.083333,1
906,7,6,67,14,7,4.785714,4.785714,0
922,9,0,8,10,9,0.8,0.8,1
928,12,0,13,13,12,1.0,1.0,1
941,10,0,3,11,10,0.272727,0.272727,1
942,6,0,4,7,6,0.571429,0.571429,1
943,4,0,4,5,4,0.8,0.8,1
944,12,0,22,13,12,1.692308,1.692308,1
945,14,0,6,15,14,0.4,0.4,1
946,21,0,16,22,21,0.727273,0.727273,1
947,1,0,6,2,1,3.0,3.0,1
948,14,0,12,15,14,0.8,0.8,1
949,2,3,81,6,2,13.5,13.5,0
950,10,0,18,11,10,1.636364,1.636364,1
932,7,0,8,8,7,1.0,1.0,1
939,8,0,2,9,8,0.222222,0.222222,1
951,11,0,12,12,11,1.0,1.0,1
952,13,0,8,14,13,0.571429,0.571429,1
953,11,0,13,12,11,1.083333,1.083333,1
954,6,0,9,7,6,1.285714,1.285714,1
955,8,0,6,9,8,0.666667,0.666667,1
956,10,0,19,11,10,1.727273,1.727273,1
957,11,0,9,12,11,0.75,0.75,1
959,2,0,19,3,2,6.333333,6.333333,1
958,7,0,4,8,7,0.5,0.5,1
961,8,0,6,9,8,0.666667,0.666667,1
962,2,6,87,9,2,9.666667,9.666667,0
965,12,0,19,13,12,1.461538,1.461538,1
966,14,0,9,15,14,0.6,0.6,1
967,3,0,12,4,3,3.0,3.0,1
969,3,9,82,13,3,6.307692,6.307692,0
970,10,0,12,11,10,1.090909,1.090909,1
934,3,8,33,12,3,2.75,2.75,0
937,2,0,7,3,2,2.333333,2.333333,1
972,6,0,13,7,6,1.857143,1.857143,1
973,19,0,12,20,19,0.6,0.6,1
974,1,4,45,6,1,7.5,7.5,0
975,0,4,80,5,0,16.0,16.0,0
976,1,12,83,14,1,5.928571,5.928571,0
977,7,0,6,8,7,0.75,0.75,1
978,7,0,4,8,7,0.5,0.5,1
979,6,0,4,7,6,0.571429,0.571429,1
980,15,0,7,16,15,0.4375,0.4375,1
960,7,0,16,8,7,2.0,2.0,1
971,11,0,3,12,11,0.25,0.25,1
981,3,3,62,7,3,8.857143,8.857143,0
982,9,0,9,10,9,0.9,0.9,1
984,8,0,5,9,8,0.555556,0.555556,1
985,8,0,18,9,8,2.0,2.0,1
986,0,3,74,4,0,18.5,18.5,0
987,7,0,5,8,7,0.625,0.625,1
988,4,0,1,5,4,0.2,0.2,1
989,2,0,3,3,2,1.0,1.0,1
990,6,0,4,7,6,0.571429,0.571429,1
1000,7,0,11,8,7,1.375,1.375,1
915,1,7,27,9,1,3.0,3.0,0
968,4,0,14,5,4,2.8,2.8,1
983,12,0,6,13,12,0.461538,0.461538,1
991,0,0,8,1,0,8.0,8.0,1
992,6,0,13,7,6,1.857143,1.857143,1
993,15,0,5,16,15,0.3125,0.3125,1
994,5,0,11,6,5,1.833333,1.833333,1
995,7,0,10,8,7,1.25,1.25,1
996,11,0,10,12,11,0.833333,0.833333,1
997,7,0,14,8,7,1.75,1.75,1
999,4,7,68,12,4,5.666667,5.666667,0
1002,4,6,90,11,4,8.181818,8.181818,0
1003,2,11,29,14,2,2.071429,2.071429,0
1004,5,0,6,6,5,1.0,1.0,1
1006,4,0,5,5,4,1.0,1.0,1
1007,13,0,11,14,13,0.785714,0.785714,1
1008,9,0,4,10,9,0.4,0.4,1
1009,12,0,9,13,12,0.692308,0.692308,1
1010,16,0,5,17,16,0.294118,0.294118,1
935,13,0,5,14,13,0.357143,0.357143,1
1005,11,0,9,12,11,0.75,0.75,1
1011,2,4,71,7,2,10.142857,10.142857,0
1012,8,0,6,9,8,0.666667,0.666667,1
1013,1,3,94,5,1,18.8,18.8,0
1015,13,0,10,14,13,0.714286,0.714286,1
1016,4,0,13,5,4,2.6,2.6,1
1017,17,0,9,18,17,0.5,0.5,1
1019,4,0,11,5,4,2.2,2.2,1
1020,11,0,11,12,11,0.916667,0.916667,1
963,1,0,2,2,1,1.0,1.0,1
1001,4,0,19,5,4,3.8,3.8,1
1023,9,0,10,10,9,1.0,1.0,1
1024,14,0,15,15,14,1.0,1.0,1
1026,6,0,8,7,6,1.142857,1.142857,1
1030,1,8,63,10,1,6.3,6.3,0
964,11,0,3,12,11,0.25,0.25,1
998,2,2,69,5,2,13.8,13.8,0
1018,12,0,8,13,12,0.615385,0.615385,1
1021,0,4,51,5,0,10.2,10.2,0
1025,4,11,104,16,4,6.5,6.5,0
1029,7,0,2,8,7,0.25,0.25,1
1031,9,0,12,10,9,1.2,1.2,1
1032,2,0,3,3,2,1.0,1.0,1
1033,2,2,46,5,2,9.2,9.2,0
1036,29,0,11,30,29,0.366667,0.366667,1
1037,3,0,14,4,3,3.5,3.5,1
1039,6,0,8,7,6,1.142857,1.142857,1
1040,7,13,85,21,7,4.047619,4.047619,0
1028,5,0,10,6,5,1.666667,1.666667,1
1041,3,2,52,6,3,8.666667,8.666667,0
1044,10,0,5,11,10,0.454545,0.454545,1
1045,9,0,5,10,9,0.5,0.5,1
1046,3,0,15,4,3,3.75,3.75,1
1047,5,0,16,6,5,2.666667,2.666667,1
1049,3,0,4,4,3,1.0,1.0,1
1050,1,7,33,9,1,3.666667,3.666667,0
1027,6,0,7,7,6,1.0,1.0,1
1034,3,7,80,11,3,7.272727,7.272727,0
1038,10,0,7,11,10,0.636364,0.636364,1
1051,9,0,5,10,9,0.5,0.5,1
1052,17,0,7,18,17,0.388889,0.388889,1
1053,7,0,2,8,7,0.25,0.25,1
1054,9,0,12,10,9,1.2,1.2,1
1055,12,0,12,13,12,0.923077,0.923077,1
1056,8,0,15,9,8,1.666667,1.666667,1
1057,7,0,10,8,7,1.25,1.25,1
1058,2,6,89,9,2,9.888889,9.888889,0
1060,12,0,13,13,12,1.0,1.0,1
1022,10,0,6,11,10,0.545455,0.545455,1
1035,0,10,65,11,0,5.909091,5.909091,0
1042,10,0,16,11,10,1.454545,1.454545,1
1043,11,0,7,12,11,0.583333,0.583333,1
1059,3,0,7,4,3,1.75,1.75,1
1061,15,0,11,16,15,0.6875,0.6875,1
1062,7,10,106,18,7,5.888889,5.888889,0
1063,4,0,6,5,4,1.2,1.2,1
1064,5,0,8,6,5,1.333333,1.333333,1
1065,1,7,96,9,1,10.666667,10.666667,0
1066,2,6,75,9,2,8.333333,8.333333,0
1067,11,0,8,12,11,0.666667,0.666667,1
1068,13,0,10,14,13,0.714286,0.714286,1
1069,2,2,34,5,2,6.8,6.8,0
1070,6,0,10,7,6,1.428571,1.428571,1
1014,2,6,76,9,2,8.444444,8.444444,0
1048,6,0,21,7,6,3.0,3.0,1
1071,2,0,9,3,2,3.0,3.0,1
1074,5,0,3,6,5,0.5,0.5,1
1075,8,0,9,9,8,1.0,1.0,1
1076,2,7,81,10,2,8.1,8.1,0
1077,2,4,56,7,2,8.0,8.0,0
1078,9,0,14,10,9,1.4,1.4,1
1080,7,0,11,8,7,1.375,1.375,1
1072,5,0,4,6,5,0.666667,0.666667,1
1073,17,0,14,18,17,0.777778,0.777778,1
1079,15,0,11,16,15,0.6875,0.6875,1
1082,7,0,5,8,7,0.625,0.625,1
1083,8,0,6,9,8,0.666667,0.666667,1
1085,6,0,9,7,6,1.285714,1.285714,1
1086,5,0,7,6,5,1.166667,1.166667,1
1087,12,0,7,13,12,0.538462,0.538462,1
1088,10,0,11,11,10,1.0,1.0,1
1089,10,0,15,11,10,1.363636,1.363636,1
1090,2,3,94,6,2,15.666667,15.666667,0
1091,9,0,8,10,9,0.8,0.8,1
1092,7,0,14,8,7,1.75,1.75,1
1093,15,0,10,16,15,0.625,0.625,1
1094,2,10,67,13,2,5.153846,5.153846,0
1096,4,0,7,5,4,1.4,1.4,1
1099,1,5,47,7,1,6.714286,6.714286,0
1100,11,0,11,12,11,0.916667,0.916667,1
1081,3,2,32,6,3,5.333333,5.333333,0
1084,4,3,92,8,4,11.5,11.5,0
1095,2,8,118,11,2,10.727273,10.727273,0
1098,16,0,12,17,16,0.705882,0.705882,1
1101,5,0,10,6,5,1.666667,1.666667,1
1102,5,0,7,6,5,1.166667,1.166667,1
1103,4,8,93,13,4,7.153846,7.153846,0
1104,11,0,4,12,11,0.333333,0.333333,1
1105,8,0,14,9,8,1.555556,1.555556,1
1106,6,0,3,7,6,0.428571,0.428571,1
1107,2,4,34,7,2,4.857143,4.857143,0
1109,9,0,12,10,9,1.2,1.2,1
1110,0,3,85,4,0,21.25,21.25,0
1108,0,7,26,8,0,3.25,3.25,0
1111,3,2,58,6,3,9.666667,9.666667,0
1112,13,0,7,14,13,0.5,0.5,1
1113,7,0,9,8,7,1.125,1.125,1
1114,0,5,101,6,0,16.833333,16.833333,0
1115,12,0,9,13,12,0.692308,0.692308,1
1116,10,0,14,11,10,1.272727,1.272727,1
1117,5,0,8,6,5,1.333333,1.333333,1
1118,0,0,2,1,0,2.0,2.0,1
1120,4,0,4,5,4,0.8,0.8,1
1097,1,8,79,10,1,7.9,7.9,0
1121,6,0,5,7,6,0.714286,0.714286,1
1122,16,0,6,17,16,0.352941,0.352941,1
1123,9,0,4,10,9,0.4,0.4,1
1124,4,0,6,5,4,1.2,1.2,1
1125,6,0,8,7,6,1.142857,1.142857,1
1127,2,4,77,7,2,11.0,11.0,0
1128,3,5,58,9,3,6.444444,6.444444,0
1129,2,0,6,3,2,2.0,2.0,1
1130,17,0,8,18,17,0.444444,0.444444,1
1119,2,0,8,3,2,2.666667,2.666667,1
1131,5,0,6,6,5,1.0,1.0,1
1132,2,5,25,8,2,3.125,3.125,0
1133,6,0,13,7,6,1.857143,1.857143,1
1135,13,0,8,14,13,0.571429,0.571429,1
1136,10,0,9,11,10,0.818182,0.818182,1
1137,3,0,2,4,3,0.5,0.5,1
1139,2,3,21,6,2,3.5,3.5,0
1138,5,0,3,6,5,0.5,0.5,1
1141,1,2,64,4,1,16.0,16.0,0
1143,10,0,10,11,10,0.909091,0.909091,1
1144,6,0,9,7,6,1.285714,1.285714,1
1146,9,0,10,10,9,1.0,1.0,1
1148,7,0,7,8,7,0.875,0.875,1
1149,0,4,28,5,0,5.6,5.6,0
1150,5,0,7,6,5,1.166667,1.166667,1
1126,1,0,7,2,1,3.5,3.5,1
1134,9,0,9,10,9,0.9,0.9,1
1151,11,0,13,12,11,1.083333,1.083333,1
1152,12,0,8,13,12,0.615385,0.615385,1
1153,17,0,14,18,17,0.777778,0.777778,1
1154,5,0,6,6,5,1.0,1.0,1
1155,15,0,14,16,15,0.875,0.875,1
1156,4,0,19,5,4,3.8,3.8,1
1157,6,0,12,7,6,1.714286,1.714286,1
1158,2,0,3,3,2,1.0,1.0,1
1159,4,0,13,5,4,2.6,2.6,1
1163,18,0,10,19,18,0.526316,0.526316,1
1164,16,0,7,17,16,0.411765,0.411765,1
1165,17,0,10,18,17,0.555556,0.555556,1
1166,13,0,4,14,13,0.285714,0.285714,1
1167,10,0,5,11,10,0.454545,0.454545,1
1168,11,0,6,12,11,0.5,0.5,1
1169,4,0,2,5,4,0.4,0.4,1
1170,1,12,78,14,1,5.571429,5.571429,0
1140,13,0,9,14,13,0.642857,0.642857,1
1161,6,0,13,7,6,1.857143,1.857143,1
1172,4,0,3,5,4,0.6,0.6,1
1173,7,0,4,8,7,0.5,0.5,1
1174,7,0,9,8,7,1.125,1.125,1
1176,3,0,3,4,3,0.75,0.75,1
1177,9,0,13,10,9,1.3,1.3,1
1178,15,0,10,16,15,0.625,0.625,1
1179,16,0,7,17,16,0.411765,0.411765,1
1145,22,0,16,23,22,0.695652,0.695652,1
1160,14,0,9,15,14,0.6,0.6,1
1162,15,0,13,16,15,0.8125,0.8125,1
1175,8,0,5,9,8,0.555556,0.555556,1
1181,3,0,8,4,3,2.0,2.0,1
1183,3,0,4,4,3,1.0,1.0,1
1184,8,0,14,9,8,1.555556,1.555556,1
1186,8,0,10,9,8,1.111111,1.111111,1
1187,9,0,10,10,9,1.0,1.0,1
1188,12,0,14,13,12,1.076923,1.076923,1
1189,6,0,2,7,6,0.285714,0.285714,1
1171,1,0,6,2,1,3.0,3.0,1
1185,10,0,13,11,10,1.181818,1.181818,1
1190,18,0,13,19,18,0.684211,0.684211,1
1191,8,0,13,9,8,1.444444,1.444444,1
1193,0,4,85,5,0,17.0,17.0,0
1194,8,0,7,9,8,0.777778,0.777778,1
1195,5,0,11,6,5,1.833333,1.833333,1
1196,4,0,5,5,4,1.0,1.0,1
1197,12,0,4,13,12,0.307692,0.307692,1
1198,2,4,90,7,2,12.857143,12.857143,0
1199,8,0,10,9,8,1.111111,1.111111,1
1200,23,0,3,24,23,0.125,0.125,1
1201,18,0,9,19,18,0.473684,0.473684,1
1202,1,4,69,6,1,11.5,11.5,0
1203,2,0,1,3,2,0.333333,0.333333,1
1204,1,6,93,8,1,11.625,11.625,0
1205,0,2,50,3,0,16.666667,16.666667,0
1206,9,0,10,10,9,1.0,1.0,1
1208,3,0,6,4,3,1.5,1.5,1
1209,2,0,5,3,2,1.666667,1.666667,1
1210,8,0,7,9,8,0.777778,0.777778,1
1147,6,0,11,7,6,1.571429,1.571429,1
1207,9,0,17,10,9,1.7,1.7,1
1211,7,0,7,8,7,0.875,0.875,1
1212,7,0,6,8,7,0.75,0.75,1
1213,5,0,13,6,5,2.166667,2.166667,1
1215,0,2,14,3,0,4.666667,4.666667,0
1217,9,0,10,10,9,1.0,1.0,1
1218,7,0,6,8,7,0.75,0.75,1
1220,6,0,8,7,6,1.142857,1.142857,1
1142,5,0,8,6,5,1.333333,1.333333,1
1192,13,0,18,14,13,1.285714,1.285714,1
1214,18,0,4,19,18,0.210526,0.210526,1
1219,6,0,14,7,6,2.0,2.0,1
1221,4,0,10,5,4,2.0,2.0,1
1222,7,0,4,8,7,0.5,0.5,1
1223,7,0,14,8,7,1.75,1.75,1
1226,7,0,8,8,7,1.0,1.0,1
1227,6,0,9,7,6,1.285714,1.285714,1
1228,15,0,13,16,15,0.8125,0.8125,1
1180,4,0,3,5,4,0.6,0.6,1
1182,7,0,11,8,7,1.375,1.375,1
1225,22,0,8,23,22,0.347826,0.347826,1
1229,8,0,3,9,8,0.333333,0.333333,1
1230,2,0,11,3,2,3.666667,3.666667,1
1231,0,0,2,1,0,2.0,2.0,1
1232,11,0,3,12,11,0.25,0.25,1
1233,16,0,19,17,16,1.117647,1.117647,1
1234,6,0,11,7,6,1.571429,1.571429,1
1235,8,0,6,9,8,0.666667,0.666667,1
1236,4,0,5,5,4,1.0,1.0,1
1237,9,0,13,10,9,1.3,1.3,1
1238,3,0,3,4,3,0.75,0.75,1
1239,8,0,6,9,8,0.666667,0.666667,1
1240,6,0,16,7,6,2.285714,2.285714,1
1241,6,0,10,7,6,1.428571,1.428571,1
1242,10,0,3,11,10,0.272727,0.272727,1
1245,11,0,9,12,11,0.75,0.75,1
1246,3,0,3,4,3,0.75,0.75,1
1247,1,0,8,2,1,4.0,4.0,1
1249,5,0,6,6,5,1.0,1.0,1
1250,2,0,2,3,2,0.666667,0.666667,1
1224,5,0,15,6,5,2.5,2.5,1
1243,8,0,14,9,8,1.555556,1.555556,1
1244,3,0,13,4,3,3.25,3.25,1
1251,8,0,3,9,8,0.333333,0.333333,1
1252,4,0,20,5,4,4.0,4.0,1
1253,15,0,6,16,15,0.375,0.375,1
1254,7,0,5,8,7,0.625,0.625,1
1255,10,0,10,11,10,0.909091,0.909091,1
1256,8,0,10,9,8,1.111111,1.111111,1
1257,6,0,6,7,6,0.857143,0.857143,1
1258,4,0,6,5,4,1.2,1.2,1
1259,6,0,7,7,6,1.0,1.0,1
1260,4,3,38,8,4,4.75,4.75,0
1261,1,1,91,3,1,30.333333,30.333333,0
1262,1,7,93,9,1,10.333333,10.333333,0
1263,6,0,9,7,6,1.285714,1.285714,1
1265,4,0,12,5,4,2.4,2.4,1
1267,8,0,6,9,8,0.666667,0.666667,1
1268,5,0,0,6,5,0.0,0.0,1
1269,4,0,6,5,4,1.2,1.2,1
1270,3,0,21,4,3,5.25,5.25,1
1248,2,0,6,3,2,2.0,2.0,1
1272,7,0,3,8,7,0.375,0.375,1
1273,3,2,56,6,3,9.333333,9.333333,0
1274,1,7,81,9,1,9.0,9.0,0
1275,6,0,14,7,6,2.0,2.0,1
1276,14,0,5,15,14,0.333333,0.333333,1
1277,7,0,10,8,7,1.25,1.25,1
1278,10,0,7,11,10,0.636364,0.636364,1
1279,3,0,10,4,3,2.5,2.5,1
1280,1,11,88,13,1,6.769231,6.769231,0
1216,9,0,11,10,9,1.1,1.1,1
1264,1,0,10,2,1,5.0,5.0,1
1281,13,0,9,14,13,0.642857,0.642857,1
1282,14,0,9,15,14,0.6,0.6,1
1283,4,0,12,5,4,2.4,2.4,1
1284,8,0,13,9,8,1.444444,1.444444,1
1286,0,1,37,2,0,18.5,18.5,0
1287,4,0,15,5,4,3.0,3.0,1
1288,11,0,8,12,11,0.666667,0.666667,1
1289,1,5,84,7,1,12.0,12.0,0
1271,0,5,81,6,0,13.5,13.5,0
1291,2,0,12,3,2,4.0,4.0,1
1292,7,0,7,8,7,0.875,0.875,1
1293,4,0,9,5,4,1.8,1.8,1
1294,5,0,9,6,5,1.5,1.5,1
1295,1,3,10,5,1,2.0,2.0,0
1296,2,4,44,7,2,6.285714,6.285714,0
1298,7,0,5,8,7,0.625,0.625,1
1300,12,0,8,13,12,0.615385,0.615385,1
1266,7,0,6,8,7,0.75,0.75,1
1285,5,0,6,6,5,1.0,1.0,1
1301,4,0,15,5,4,3.0,3.0,1
1302,5,0,3,6,5,0.5,0.5,1
1303,0,3,97,4,0,24.25,24.25,0
1304,9,0,10,10,9,1.0,1.0,1
1305,6,7,63,14,6,4.5,4.5,0
1306,1,7,106,9,1,11.777778,11.777778,0
1307,5,0,3,6,5,0.5,0.5,1
1308,1,5,92,7,1,13.142857,13.142857,0
1309,5,0,7,6,5,1.166667,1.166667,1
1310,9,0,7,10,9,0.7,0.7,1
1290,3,0,9,4,3,2.25,2.25,1
1312,16,0,14,17,16,0.823529,0.823529,1
1313,3,0,3,4,3,0.75,0.75,1
1314,3,0,12,4,3,3.0,3.0,1
1315,4,7,31,12,4,2.583333,2.583333,0
1316,1,5,74,7,1,10.571429,10.571429,0
1318,17,0,8,18,17,0.444444,0.444444,1
1319,1,5,72,7,1,10.285714,10.285714,0
1320,10,0,9,11,10,0.818182,0.818182,1
1299,6,0,11,7,6,1.571429,1.571429,1
1311,0,6,99,7,0,14.142857,14.142857,0
1321,0,1,32,2,0,16.0,16.0,0
1322,5,0,10,6,5,1.666667,1.666667,1
1324,3,0,4,4,3,1.0,1.0,1
1325,0,5,75,6,0,12.5,12.5,0
1326,4,0,4,5,4,0.8,0.8,1
1327,13,0,15,14,13,1.071429,1.071429,1
1329,8,0,12,9,8,1.333333,1.333333,1
1330,4,0,12,5,4,2.4,2.4,1
1297,3,0,5,4,3,1.25,1.25,1
1323,1,7,63,9,1,7.0,7.0,0
1331,10,0,4,11,10,0.363636,0.363636,1
1332,6,0,17,7,6,2.428571,2.428571,1
1334,12,0,12,13,12,0.923077,0.923077,1
1336,28,0,9,29,28,0.310345,0.310345,1
1337,2,0,5,3,2,1.666667,1.666667,1
1339,7,0,6,8,7,0.75,0.75,1
1340,11,0,11,12,11,0.916667,0.916667,1
1317,10,0,5,11,10,0.454545,0.454545,1
1328,4,19,90,24,4,3.75,3.75,0
1341,8,0,15,9,8,1.666667,1.666667,1
1342,8,0,7,9,8,0.777778,0.777778,1
1344,8,0,4,9,8,0.444444,0.444444,1
1345,9,0,16,10,9,1.6,1.6,1
1347,3,4,31,8,3,3.875,3.875,0
1348,1,0,4,2,1,2.0,2.0,1
1349,3,0,4,4,3,1.0,1.0,1
1350,6,0,8,7,6,1.142857,1.142857,1
1335,8,0,13,9,8,1.444444,1.444444,1
1338,15,0,6,16,15,0.375,0.375,1
1343,1,3,51,5,1,10.2,10.2,0
1352,4,0,9,5,4,1.8,1.8,1
1353,14,0,11,15,14,0.733333,0.733333,1
1354,8,0,5,9,8,0.555556,0.555556,1
1355,6,0,2,7,6,0.285714,0.285714,1
1356,1,3,47,5,1,9.4,9.4,0
1357,12,0,17,13,12,1.307692,1.307692,1
1358,9,0,4,10,9,0.4,0.4,1
1359,14,0,13,15,14,0.866667,0.866667,1
1360,3,0,4,4,3,1.0,1.0,1
1333,10,0,9,11,10,0.818182,0.818182,1
1361,1,10,70,12,1,5.833333,5.833333,0
1362,12,0,13,13,12,1.0,1.0,1
1363,6,0,7,7,6,1.0,1.0,1
1365,5,0,15,6,5,2.5,2.5,1
1366,2,6,93,9,2,10.333333,10.333333,0
1367,2,0,13,3,2,4.333333,4.333333,1
1368,10,0,9,11,10,0.818182,0.818182,1
1369,2,0,10,3,2,3.333333,3.333333,1
1351,12,0,7,13,12,0.538462,0.538462,1
1364,9,0,7,10,9,0.7,0.7,1
1371,15,0,9,16,15,0.5625,0.5625,1
1372,12,0,12,13,12,0.923077,0.923077,1
1373,7,0,12,8,7,1.5,1.5,1
1374,3,0,8,4,3,2.0,2.0,1
1375,7,0,6,8,7,0.75,0.75,1
1376,4,0,8,5,4,1.6,1.6,1
1378,3,0,3,4,3,0.75,0.75,1
1379,6,0,7,7,6,1.0,1.0,1
1380,1,3,54,5,1,10.8,10.8,0
1346,3,0,2,4,3,0.5,0.5,1
1377,13,0,16,14,13,1.142857,1.142857,1
1381,8,0,8,9,8,0.888889,0.888889,1
1382,3,19,99,23,3,4.304348,4.304348,0
1383,7,0,7,8,7,0.875,0.875,1
1384,13,0,13,14,13,0.928571,0.928571,1
1385,9,0,16,10,9,1.6,1.6,1
1386,7,0,11,8,7,1.375,1.375,1
1387,3,0,8,4,3,2.0,2.0,1
1390,1,3,77,5,1,15.4,15.4,0
1370,11,0,8,12,11,0.666667,0.666667,1
1389,4,0,5,5,4,1.0,1.0,1
1392,10,0,2,11,10,0.181818,0.181818,1
1393,2,0,12,3,2,4.0,4.0,1
1394,11,0,14,12,11,1.166667,1.166667,1
1395,4,5,61,10,4,6.1,6.1,0
1396,2,16,79,19,2,4.157895,4.157895,0
1397,0,6,93,7,0,13.285714,13.285714,0
1398,0,2,38,3,0,12.666667,12.666667,0
1400,6,0,9,7,6,1.285714,1.285714,1
1401,7,10,83,18,7,4.611111,4.611111,0
1402,6,0,16,7,6,2.285714,2.285714,1
1403,2,1,82,4,2,20.5,20.5,0
1406,9,0,5,10,9,0.5,0.5,1
1407,3,1,81,5,3,16.2,16.2,0
1408,1,0,4,2,1,2.0,2.0,1
1399,19,0,11,20,19,0.55,0.55,1
1404,9,0,8,10,9,0.8,0.8,1
1411,14,0,11,15,14,0.733333,0.733333,1
1412,4,0,9,5,4,1.8,1.8,1
1413,2,0,8,3,2,2.666667,2.666667,1
1414,1,13,96,15,1,6.4,6.4,0
1416,16,0,4,17,16,0.235294,0.235294,1
1417,2,8,85,11,2,7.727273,7.727273,0
1418,9,0,9,10,9,0.9,0.9,1
1419,1,4,62,6,1,10.333333,10.333333,0
1420,0,7,89,8,0,11.125,11.125,0
1391,5,0,8,6,5,1.333333,1.333333,1
1415,13,0,9,14,13,0.642857,0.642857,1
1422,7,0,7,8,7,0.875,0.875,1
1423,8,0,13,9,8,1.444444,1.444444,1
1424,4,0,10,5,4,2.0,2.0,1
1426,10,0,9,11,10,0.818182,0.818182,1
1427,3,0,2,4,3,0.5,0.5,1
1428,13,0,11,14,13,0.785714,0.785714,1
1430,7,0,11,8,7,1.375,1.375,1
1388,4,0,12,5,4,2.4,2.4,1
1409,12,0,5,13,12,0.384615,0.384615,1
1431,14,0,15,15,14,1.0,1.0,1
1432,12,0,15,13,12,1.153846,1.153846,1
1433,2,0,9,3,2,3.0,3.0,1
1434,6,0,6,7,6,0.857143,0.857143,1
1436,2,7,56,10,2,5.6,5.6,0
1437,12,0,11,13,12,0.846154,0.846154,1
1438,10,0,15,11,10,1.363636,1.363636,1
1439,10,0,8,11,10,0.727273,0.727273,1
1440,0,2,127,3,0,42.333333,42.333333,0
1405,2,7,86,10,2,8.6,8.6,0
1425,3,0,9,4,3,2.25,2.25,1
1441,2,2,58,5,2,11.6,11.6,0
1442,6,0,12,7,6,1.714286,1.714286,1
1443,11,0,10,12,11,0.833333,0.833333,1
1444,17,0,4,18,17,0.222222,0.222222,1
1445,18,0,4,19,18,0.210526,0.210526,1
1446,2,0,7,3,2,2.333333,2.333333,1
1447,9,0,7,10,9,0.7,0.7,1
1448,7,0,10,8,7,1.25,1.25,1
1450,2,3,68,6,2,11.333333,11.333333,0
1429,0,4,56,5,0,11.2,11.2,0
1451,7,0,11,8,7,1.375,1.375,1
1452,6,0,12,7,6,1.714286,1.714286,1
1454,8,0,13,9,8,1.444444,1.444444,1
1455,0,4,53,5,0,10.6,10.6,0
1456,4,0,0,5,4,0.0,0.0,1
1457,4,0,13,5,4,2.6,2.6,1
1459,4,0,11,5,4,2.2,2.2,1
1421,13,0,12,14,13,0.857143,0.857143,1
1435,4,0,1,5,4,0.2,0.2,1
1453,8,0,11,9,8,1.222222,1.222222,1
1462,2,6,80,9,2,8.888889,8.888889,0
1463,0,3,66,4,0,16.5,16.5,0
1464,1,9,41,11,1,3.727273,3.727273,0
1465,25,0,13,26,25,0.5,0.5,1
1466,1,4,94,6,1,15.666667,15.666667,0
1467,8,0,9,9,8,1.0,1.0,1
1468,12,0,13,13,12,1.0,1.0,1
1469,15,0,12,16,15,0.75,0.75,1
1470,15,0,11,16,15,0.6875,0.6875,1
1410,11,0,9,12,11,0.75,0.75,1
1449,1,5,77,7,1,11.0,11.0,0
1460,10,0,15,11,10,1.363636,1.363636,1
1472,13,0,8,14,13,0.571429,0.571429,1
1473,18,0,14,19,18,0.736842,0.736842,1
1475,9,0,11,10,9,1.1,1.1,1
1476,10,0,8,11,10,0.727273,0.727273,1
1477,8,0,16,9,8,1.777778,1.777778,1
1480,15,0,6,16,15,0.375,0.375,1
1458,6,0,6,7,6,0.857143,0.857143,1
1479,13,0,7,14,13,0.5,0.5,1
1482,13,0,10,14,13,0.714286,0.714286,1
1483,1,5,106,7,1,15.142857,15.142857,0
1484,14,0,11,15,14,0.733333,0.733333,1
1485,2,4,98,7,2,14.0,14.0,0
1487,3,0,10,4,3,2.5,2.5,1
1488,3,5,70,9,3,7.777778,7.777778,0
1489,2,7,105,10,2,10.5,10.5,0
1471,10,0,3,11,10,0.272727,0.272727,1
1474,15,0,13,16,15,0.8125,0.8125,1
1478,12,0,15,13,12,1.153846,1.153846,1
1491,8,0,11,9,8,1.222222,1.222222,1
1492,5,0,12,6,5,2.0,2.0,1
1493,10,0,2,11,10,0.181818,0.181818,1
1495,5,0,10,6,5,1.666667,1.666667,1
1496,1,15,87,17,1,5.117647,5.117647,0
1498,11,0,5,12,11,0.416667,0.416667,1
1500,7,0,11,8,7,1.375,1.375,1
1461,8,0,9,9,8,1.0,1.0,1
1481,3,0,1,4,3,0.25,0.25,1
1490,8,0,17,9,8,1.888889,1.888889,1
1501,5,0,7,6,5,1.166667,1.166667,1
1504,8,0,10,9,8,1.111111,1.111111,1
1508,4,0,2,5,4,0.4,0.4,1
1509,1,1,58,3,1,19.333333,19.333333,0
1510,10,0,3,11,10,0.272727,0.272727,1
1486,16,0,9,17,16,0.529412,0.529412,1
1494,0,5,80,6,0,13.333333,13.333333,0
1502,13,0,5,14,13,0.357143,0.357143,1
1507,3,0,9,4,3,2.25,2.25,1
1514,7,0,4,8,7,0.5,0.5,1
1519,7,0,10,8,7,1.25,1.25,1
1520,14,0,7,15,14,0.466667,0.466667,1
1499,10,0,4,11,10,0.363636,0.363636,1
1503,7,0,9,8,7,1.125,1.125,1
1506,5,0,9,6,5,1.5,1.5,1
1511,7,0,13,8,7,1.625,1.625,1
1515,9,0,3,10,9,0.3,0.3,1
1518,10,0,8,11,10,0.727273,0.727273,1
1521,4,0,1,5,4,0.2,0.2,1
1522,6,0,7,7,6,1.0,1.0,1
1523,8,0,11,9,8,1.222222,1.222222,1
1524,6,0,11,7,6,1.571429,1.571429,1
1525,5,0,8,6,5,1.333333,1.333333,1
1527,1,8,96,10,1,9.6,9.6,0
1529,9,0,4,10,9,0.4,0.4,1
1530,2,0,11,3,2,3.666667,3.666667,1
1513,8,0,12,9,8,1.333333,1.333333,1
1528,1,9,45,11,1,4.090909,4.090909,0
1531,10,0,16,11,10,1.454545,1.454545,1
1533,2,9,32,12,2,2.666667,2.666667,0
1535,5,0,7,6,5,1.166667,1.166667,1
1537,13,0,5,14,13,0.357143,0.357143,1
1538,11,0,9,12,11,0.75,0.75,1
1540,3,0,4,4,3,1.0,1.0,1
1516,2,3,39,6,2,6.5,6.5,0
1517,13,0,13,14,13,0.928571,0.928571,1
1541,8,0,5,9,8,0.555556,0.555556,1
1542,7,0,6,8,7,0.75,0.75,1
1543,12,0,6,13,12,0.461538,0.461538,1
1544,8,0,9,9,8,1.0,1.0,1
1545,6,0,4,7,6,0.571429,0.571429,1
1546,6,0,16,7,6,2.285714,2.285714,1
1548,6,0,15,7,6,2.142857,2.142857,1
1549,0,0,7,1,0,7.0,7.0,1
1550,17,0,7,18,17,0.388889,0.388889,1
1497,0,4,43,5,0,8.6,8.6,0
1512,3,0,1,4,3,0.25,0.25,1
1539,4,12,75,17,4,4.411765,4.411765,0
1552,4,0,3,5,4,0.6,0.6,1
1553,8,0,7,9,8,0.777778,0.777778,1
1555,4,0,12,5,4,2.4,2.4,1
1556,8,0,6,9,8,0.666667,0.666667,1
1558,7,0,4,8,7,0.5,0.5,1
1559,15,0,13,16,15,0.8125,0.8125,1
1526,5,0,12,6,5,2.0,2.0,1
1532,14,0,12,15,14,0.8,0.8,1
1534,0,6,98,7,0,14.0,14.0,0
1560,12,0,9,13,12,0.692308,0.692308,1
1561,10,0,8,11,10,0.727273,0.727273,1
1562,8,0,6,9,8,0.666667,0.666667,1
1563,4,0,9,5,4,1.8,1.8,1
1564,2,4,33,7,2,4.714286,4.714286,0
1565,5,0,9,6,5,1.5,1.5,1
1567,12,0,7,13,12,0.538462,0.538462,1
1569,0,8,45,9,0,5.0,5.0,0
1554,6,0,13,7,6,1.857143,1.857143,1
1570,14,0,5,15,14,0.333333,0.333333,1
1572,1,7,43,9,1,4.777778,4.777778,0
1574,2,9,42,12,2,3.5,3.5,0
1575,17,0,5,18,17,0.277778,0.277778,1
1577,2,8,86,11,2,7.818182,7.818182,0
1578,4,0,12,5,4,2.4,2.4,1
1579,0,5,75,6,0,12.5,12.5,0
1580,3,0,5,4,3,1.25,1.25,1
1505,13,0,5,14,13,0.357143,0.357143,1
1551,6,0,8,7,6,1.142857,1.142857,1
1576,8,0,7,9,8,0.777778,0.777778,1
1581,8,0,5,9,8,0.555556,0.555556,1
1582,14,0,12,15,14,0.8,0.8,1
1584,3,0,10,4,3,2.5,2.5,1
1585,0,2,20,3,0,6.666667,6.666667,0
1586,8,0,12,9,8,1.333333,1.333333,1
1587,1,11,85,13,1,6.538462,6.538462,0
1588,4,0,7,5,4,1.4,1.4,1
1589,2,5,47,8,2,5.875,5.875,0
1547,10,0,1,11,10,0.090909,0.090909,1
1566,8,0,5,9,8,0.555556,0.555556,1
1568,2,5,15,8,2,1.875,1.875,0
1571,10,0,15,11,10,1.363636,1.363636,1
1583,13,0,9,14,13,0.642857,0.642857,1
1591,7,0,1,8,7,0.125,0.125,1
1592,6,0,14,7,6,2.0,2.0,1
1593,25,0,10,26,25,0.384615,0.384615,1
1595,3,2,57,6,3,9.5,9.5,0
1596,14,0,9,15,14,0.6,0.6,1
1599,8,0,5,9,8,0.555556,0.555556,1
1600,4,0,5,5,4,1.0,1.0,1
1573,9,0,6,10,9,0.6,0.6,1
1597,7,0,5,8,7,0.625,0.625,1
1602,2,2,63,5,2,12.6,12.6,0
1603,7,0,16,8,7,2.0,2.0,1
1604,4,0,9,5,4,1.8,1.8,1
1606,10,0,11,11,10,1.0,1.0,1
1610,9,0,10,10,9,1.0,1.0,1
1594,4,3,83,8,4,10.375,10.375,0
1605,8,0,11,9,8,1.222222,1.222222,1
1608,5,0,9,6,5,1.5,1.5,1
1609,14,0,7,15,14,0.466667,0.466667,1
1611,7,0,12,8,7,1.5,1.5,1
1612,2,0,6,3,2,2.0,2.0,1
1613,7,0,9,8,7,1.125,1.125,1
1614,18,0,9,19,18,0.473684,0.473684,1
1617,0,8,82,9,0,9.111111,9.111111,0
1620,2,4,63,7,2,9.0,9.0,0
1536,15,0,15,16,15,0.9375,0.9375,1
1590,4,0,5,5,4,1.0,1.0,1
1598,3,0,13,4,3,3.25,3.25,1
1601,6,0,15,7,6,2.142857,2.142857,1
1615,0,4,91,5,0,18.2,18.2,0
1616,0,4,38,5,0,7.6,7.6,0
1621,5,0,13,6,5,2.166667,2.166667,1
1622,0,1,34,2,0,17.0,17.0,0
1624,8,0,6,9,8,0.666667,0.666667,1
1626,16,0,9,17,16,0.529412,0.529412,1
1627,9,0,2,10,9,0.2,0.2,1
1628,10,0,8,11,10,0.727273,0.727273,1
1630,0,2,64,3,0,21.333333,21.333333,0
1557,0,8,46,9,0,5.111111,5.111111,0
1607,1,5,66,7,1,9.428571,9.428571,0
1618,3,2,74,6,3,12.333333,12.333333,0
1629,1,5,42,7,1,6.0,6.0,0
1631,11,0,4,12,11,0.333333,0.333333,1
1633,5,0,18,6,5,3.0,3.0,1
1634,11,0,7,12,11,0.583333,0.583333,1
1635,0,0,1,1,0,1.0,1.0,1
1636,4,0,3,5,4,0.6,0.6,1
1637,28,0,15,29,28,0.517241,0.517241,1
1638,8,0,11,9,8,1.222222,1.222222,1
1640,4,0,11,5,4,2.2,2.2,1
1641,3,5,54,9,3,6.0,6.0,0
1643,4,0,5,5,4,1.0,1.0,1
1647,1,2,28,4,1,7.0,7.0,0
1648,5,0,0,6,5,0.0,0.0,1
1649,11,0,11,12,11,0.916667,0.916667,1
1625,6,0,3,7,6,0.428571,0.428571,1
1632,14,0,12,15,14,0.8,0.8,1
1642,6,0,2,7,6,0.285714,0.285714,1
1645,0,4,56,5,0,11.2,11.2,0
1646,0,5,70,6,0,11.666667,11.666667,0
1650,3,0,4,4,3,1.0,1.0,1
1653,10,0,12,11,10,1.090909,1.090909,1
1654,2,5,71,8,2,8.875,8.875,0
1655,7,0,2,8,7,0.25,0.25,1
1657,12,0,10,13,12,0.769231,0.769231,1
1658,4,0,8,5,4,1.6,1.6,1
1659,4,0,12,5,4,2.4,2.4,1
1644,0,0,7,1,0,7.0,7.0,1
1656,4,0,11,5,4,2.2,2.2,1
1660,12,0,14,13,12,1.076923,1.076923,1
1661,10,0,13,11,10,1.181818,1.181818,1
1664,6,0,9,7,6,1.285714,1.285714,1
1665,6,0,12,7,6,1.714286,1.714286,1
1666,7,0,9,8,7,1.125,1.125,1
1667,12,0,3,13,12,0.230769,0.230769,1
1668,0,7,51,8,0,6.375,6.375,0
1669,1,4,56,6,1,9.333333,9.333333,0
1670,5,0,10,6,5,1.666667,1.666667,1
1651,17,0,9,18,17,0.5,0.5,1
1672,14,0,13,15,14,0.866667,0.866667,1
1673,10,0,9,11,10,0.818182,0.818182,1
1674,12,0,11,13,12,0.846154,0.846154,1
1675,10,0,10,11,10,0.909091,0.909091,1
1676,9,0,3,10,9,0.3,0.3,1
1677,12,0,9,13,12,0.692308,0.692308,1
1678,14,0,2,15,14,0.133333,0.133333,1
1679,17,0,9,18,17,0.5,0.5,1
1619,10,0,12,11,10,1.090909,1.090909,1
1652,9,0,7,10,9,0.7,0.7,1
1663,0,3,49,4,0,12.25,12.25,0
1681,10,0,12,11,10,1.090909,1.090909,1
1684,0,1,54,2,0,27.0,27.0,0
1686,2,8,96,11,2,8.727273,8.727273,0
1688,11,0,13,12,11,1.083333,1.083333,1
1623,12,0,9,13,12,0.692308,0.692308,1
1662,11,0,14,12,11,1.166667,1.166667,1
1671,3,6,88,10,3,8.8,8.8,0
1682,8,0,18,9,8,2.0,2.0,1
1687,9,0,10,10,9,1.0,1.0,1
1690,5,0,6,6,5,1.0,1.0,1
1691,16,0,11,17,16,0.647059,0.647059,1
1692,11,0,8,12,11,0.666667,0.666667,1
1693,5,0,12,6,5,2.0,2.0,1
1694,10,0,16,11,10,1.454545,1.454545,1
1695,7,0,10,8,7,1.25,1.25,1
1697,4,0,3,5,4,0.6,0.6,1
1698,12,0,7,13,12,0.538462,0.538462,1
1699,2,6,74,9,2,8.222222,8.222222,0
1700,5,0,5,6,5,0.833333,0.833333,1
1639,17,0,7,18,17,0.388889,0.388889,1
1680,0,2,87,3,0,29.0,29.0,0
1683,5,0,9,6,5,1.5,1.5,1
1685,3,0,13,4,3,3.25,3.25,1
1689,8,0,10,9,8,1.111111,1.111111,1
1701,6,0,7,7,6,1.0,1.0,1
1702,16,0,10,17,16,0.588235,0.588235,1
1703,11,0,6,12,11,0.5,0.5,1
1704,5,0,12,6,5,2.0,2.0,1
1705,4,0,10,5,4,2.0,2.0,1
1706,4,0,18,5,4,3.6,3.6,1
1708,0,0,58,1,0,58.0,58.0,0
1709,14,0,17,15,14,1.133333,1.133333,1
1710,0,2,87,3,0,29.0,29.0,0
1707,11,0,18,12,11,1.5,1.5,1
1712,25,0,13,26,25,0.5,0.5,1
1715,3,0,9,4,3,2.25,2.25,1
1718,1,12,70,14,1,5.0,5.0,0
1711,11,0,8,12,11,0.666667,0.666667,1
1713,3,7,70,11,3,6.363636,6.363636,0
1716,7,0,16,8,7,2.0,2.0,1
1717,9,0,12,10,9,1.2,1.2,1
1720,8,0,11,9,8,1.222222,1.222222,1
1721,12,0,14,13,12,1.076923,1.076923,1
1722,5,0,5,6,5,0.833333,0.833333,1
1724,4,0,7,5,4,1.4,1.4,1
1725,11,0,6,12,11,0.5,0.5,1
1726,1,5,95,7,1,13.571429,13.571429,0
1727,0,4,63,5,0,12.6,12.6,0
1728,6,0,5,7,6,0.714286,0.714286,1
1729,9,0,14,10,9,1.4,1.4,1
1696,2,0,1,3,2,0.333333,0.333333,1
1714,3,0,5,4,3,1.25,1.25,1
1731,10,0,10,11,10,0.909091,0.909091,1
1732,4,0,10,5,4,2.0,2.0,1
1733,4,0,6,5,4,1.2,1.2,1
1735,6,0,9,7,6,1.285714,1.285714,1
1737,2,0,1,3,2,0.333333,0.333333,1
1738,10,0,12,11,10,1.090909,1.090909,1
1739,1,1,53,3,1,17.666667,17.666667,0
1740,10,0,7,11,10,0.636364,0.636364,1
1723,2,0,5,3,2,1.666667,1.666667,1
1734,3,0,9,4,3,2.25,2.25,1
1742,2,0,6,3,2,2.0,2.0,1
1743,5,0,7,6,5,1.166667,1.166667,1
1744,13,0,11,14,13,0.785714,0.785714,1
1747,0,0,36,1,0,36.0,36.0,0
1748,20,0,9,21,20,0.428571,0.428571,1
1750,1,5,77,7,1,11.0,11.0,0
1719,1,6,81,8,1,10.125,10.125,0
1730,9,0,12,10,9,1.2,1.2,1
1736,6,0,4,7,6,0.571429,0.571429,1
1746,10,0,8,11,10,0.727273,0.727273,1
1751,16,0,9,17,16,0.529412,0.529412,1
1753,14,0,8,15,14,0.533333,0.533333,1
1754,7,0,11,8,7,1.375,1.375,1
1755,8,0,8,9,8,0.888889,0.888889,1
1756,8,0,7,9,8,0.777778,0.777778,1
1757,2,0,14,3,2,4.666667,4.666667,1
1758,3,8,81,12,3,6.75,6.75,0
1760,11,0,7,12,11,0.583333,0.583333,1
1741,2,0,9,3,2,3.0,3.0,1
1745,2,0,8,3,2,2.666667,2.666667,1
1752,2,0,9,3,2,3.0,3.0,1
1762,0,5,56,6,0,9.333333,9.333333,0
1763,2,6,87,9,2,9.666667,9.666667,0
1764,12,0,11,13,12,0.846154,0.846154,1
1765,8,0,7,9,8,0.777778,0.777778,1
1766,0,0,3,1,0,3.0,3.0,1
1768,0,6,66,7,0,9.428571,9.428571,0
1770,20,0,8,21,20,0.380952,0.380952,1
1749,11,0,5,12,11,0.416667,0.416667,1
1769,6,0,10,7,6,1.428571,1.428571,1
1772,5,0,5,6,5,0.833333,0.833333,1
1773,1,4,63,6,1,10.5,10.5,0
1775,11,0,6,12,11,0.5,0.5,1
1776,18,0,9,19,18,0.473684,0.473684,1
1779,10,0,9,11,10,0.818182,0.818182,1
1780,3,0,5,4,3,1.25,1.25,1
1759,9,0,13,10,9,1.3,1.3,1
1761,0,3,57,4,0,14.25,14.25,0
1767,12,0,7,13,12,0.538462,0.538462,1
1771,6,0,12,7,6,1.714286,1.714286,1
1783,5,0,10,6,5,1.666667,1.666667,1
1785,16,0,11,17,16,0.647059,0.647059,1
1786,2,0,4,3,2,1.333333,1.333333,1
1787,9,0,8,10,9,0.8,0.8,1
1788,6,0,14,7,6,2.0,2.0,1
1789,5,0,5,6,5,0.833333,0.833333,1
1790,4,0,5,5,4,1.0,1.0,1
1774,10,0,6,11,10,0.545455,0.545455,1
1784,10,0,5,11,10,0.454545,0.454545,1
1791,6,0,5,7,6,0.714286,0.714286,1
1792,1,3,34,5,1,6.8,6.8,0
1794,2,10,37,13,2,2.846154,2.846154,0
1795,1,0,9,2,1,4.5,4.5,1
1797,8,0,19,9,8,2.111111,2.111111,1
1798,6,0,7,7,6,1.0,1.0,1
1777,3,0,9,4,3,2.25,2.25,1
1782,12,0,6,13,12,0.461538,0.461538,1
1801,10,0,10,11,10,0.909091,0.909091,1
1802,2,13,80,16,2,5.0,5.0,0
1803,7,0,8,8,7,1.0,1.0,1
1804,20,0,7,21,20,0.333333,0.333333,1
1805,11,0,11,12,11,0.916667,0.916667,1
1806,5,0,12,6,5,2.0,2.0,1
1807,7,0,9,8,7,1.125,1.125,1
1808,12,0,9,13,12,0.692308,0.692308,1
1810,5,0,5,6,5,0.833333,0.833333,1
1796,5,0,5,6,5,0.833333,0.833333,1
1811,4,0,3,5,4,0.6,0.6,1
1812,1,0,2,2,1,1.0,1.0,1
1813,8,0,12,9,8,1.333333,1.333333,1
1814,4,2,70,7,4,10.0,10.0,0
1816,3,0,9,4,3,2.25,2.25,1
1818,4,0,9,5,4,1.8,1.8,1
1819,0,0,6,1,0,6.0,6.0,1
1820,5,0,2,6,5,0.333333,0.333333,1
1781,0,2,32,3,0,10.666667,10.666667,0
1793,1,10,70,12,1,5.833333,5.833333,0
1809,2,0,5,3,2,1.666667,1.666667,1
1815,1,7,81,9,1,9.0,9.0,0
1817,6,0,4,7,6,0.571429,0.571429,1
1822,3,0,3,4,3,0.75,0.75,1
1824,2,7,65,10,2,6.5,6.5,0
1826,8,0,7,9,8,0.777778,0.777778,1
1829,2,7,33,10,2,3.3,3.3,0
1799,1,4,56,6,1,9.333333,9.333333,0
1800,5,0,11,6,5,1.833333,1.833333,1
1825,6,0,7,7,6,1.0,1.0,1
1828,3,6,94,10,3,9.4,9.4,0
1832,10,0,11,11,10,1.0,1.0,1
1833,7,0,8,8,7,1.0,1.0,1
1834,7,0,9,8,7,1.125,1.125,1
1835,7,0,15,8,7,1.875,1.875,1
1836,10,0,11,11,10,1.0,1.0,1
1837,8,0,7,9,8,0.777778,0.777778,1
1838,5,0,9,6,5,1.5,1.5,1
1840,0,4,38,5,0,7.6,7.6,0
1821,22,0,9,23,22,0.391304,0.391304,1
1823,6,0,6,7,6,0.857143,0.857143,1
1827,6,0,4,7,6,0.571429,0.571429,1
1842,3,0,11,4,3,2.75,2.75,1
1843,4,0,6,5,4,1.2,1.2,1
1845,5,0,8,6,5,1.333333,1.333333,1
1846,8,0,11,9,8,1.222222,1.222222,1
1848,9,0,10,10,9,1.0,1.0,1
1849,5,0,7,6,5,1.166667,1.166667,1
1831,16,0,4,17,16,0.235294,0.235294,1
1839,8,0,12,9,8,1.333333,1.333333,1
1841,5,0,5,6,5,0.833333,0.833333,1
1851,8,0,4,9,8,0.444444,0.444444,1
1853,4,0,11,5,4,2.2,2.2,1
1854,1,2,80,4,1,20.0,20.0,0
1856,3,0,18,4,3,4.5,4.5,1
1857,4,0,10,5,4,2.0,2.0,1
1859,2,11,76,14,2,5.428571,5.428571,0
1860,12,0,9,13,12,0.692308,0.692308,1
1830,2,0,3,3,2,1.0,1.0,1
1847,5,0,2,6,5,0.333333,0.333333,1
1850,5,0,12,6,5,2.0,2.0,1
1861,8,0,9,9,8,1.0,1.0,1
1862,9,0,7,10,9,0.7,0.7,1
1863,0,6,44,7,0,6.285714,6.285714,0
1867,7,0,14,8,7,1.75,1.75,1
1868,8,0,6,9,8,0.666667,0.666667,1
1870,8,0,10,9,8,1.111111,1.111111,1
1778,8,0,14,9,8,1.555556,1.555556,1
1844,2,0,7,3,2,2.333333,2.333333,1
1855,12,0,1,13,12,0.076923,0.076923,1
1871,0,0,1,1,0,1.0,1.0,1
1875,6,0,3,7,6,0.428571,0.428571,1
1876,16,0,13,17,16,0.764706,0.764706,1
1877,2,0,10,3,2,3.333333,3.333333,1
1879,5,0,10,6,5,1.666667,1.666667,1
1880,4,0,8,5,4,1.6,1.6,1
1852,8,0,9,9,8,1.0,1.0,1
1864,9,0,13,10,9,1.3,1.3,1
1865,6,0,8,7,6,1.142857,1.142857,1
1866,5,0,9,6,5,1.5,1.5,1
1872,2,10,54,13,2,4.153846,4.153846,0
1878,11,0,8,12,11,0.666667,0.666667,1
1882,9,0,12,10,9,1.2,1.2,1
1883,10,0,9,11,10,0.818182,0.818182,1
1885,8,0,8,9,8,0.888889,0.888889,1
1886,1,2,25,4,1,6.25,6.25,0
1887,2,0,13,3,2,4.333333,4.333333,1
1888,1,0,7,2,1,3.5,3.5,1
1889,6,0,7,7,6,1.0,1.0,1
1890,11,0,16,12,11,1.333333,1.333333,1
1874,10,0,13,11,10,1.181818,1.181818,1
1881,5,0,10,6,5,1.666667,1.666667,1
1893,5,0,1,6,5,0.166667,0.166667,1
1894,4,0,12,5,4,2.4,2.4,1
1895,2,0,13,3,2,4.333333,4.333333,1
1896,4,0,8,5,4,1.6,1.6,1
1899,3,0,11,4,3,2.75,2.75,1
1858,5,0,0,6,5,0.0,0.0,1
1884,6,0,2,7,6,0.285714,0.285714,1
1897,8,0,6,9,8,0.666667,0.666667,1
1898,3,0,5,4,3,1.25,1.25,1
1900,2,5,70,8,2,8.75,8.75,0
1901,1,2,80,4,1,20.0,20.0,0
1902,4,0,7,5,4,1.4,1.4,1
1903,3,5,28,9,3,3.111111,3.111111,0
1904,6,0,10,7,6,1.428571,1.428571,1
1905,0,6,81,7,0,11.571429,11.571429,0
1906,11,0,14,12,11,1.166667,1.166667,1
1907,3,0,12,4,3,3.0,3.0,1
1908,7,0,11,8,7,1.375,1.375,1
1909,0,0,6,1,0,6.0,6.0,0
1910,8,0,10,9,8,1.111111,1.111111,1
1869,5,0,14,6,5,2.333333,2.333333,1
1892,6,0,6,7,6,0.857143,0.857143,1
1913,8,0,7,9,8,0.777778,0.777778,1
1915,4,0,9,5,4,1.8,1.8,1
1916,4,0,9,5,4,1.8,1.8,1
1917,1,3,35,5,1,7.0,7.0,0
1918,3,0,4,4,3,1.0,1.0,1
1919,5,0,9,6,5,1.5,1.5,1
1920,4,0,6,5,4,1.2,1.2,1
1914,3,0,13,4,3,3.25,3.25,1
1921,7,0,4,8,7,0.5,0.5,1
1922,0,5,41,6,0,6.833333,6.833333,0
1923,3,0,5,4,3,1.25,1.25,1
1924,1,10,73,12,1,6.083333,6.083333,0
1926,12,0,7,13,12,0.538462,0.538462,1
1927,0,2,63,3,0,21.0,21.0,0
1928,1,0,9,2,1,4.5,4.5,1
1930,7,0,4,8,7,0.5,0.5,1
1891,6,0,6,7,6,0.857143,0.857143,1
1911,6,0,12,7,6,1.714286,1.714286,1
1912,10,0,10,11,10,0.909091,0.909091,1
1933,1,1,46,3,1,15.333333,15.333333,0
1934,2,6,58,9,2,6.444444,6.444444,0
1938,5,0,15,6,5,2.5,2.5,1
1939,9,0,10,10,9,1.0,1.0,1
1940,8,0,10,9,8,1.111111,1.111111,1
1873,1,3,73,5,1,14.6,14.6,0
1925,5,0,14,6,5,2.333333,2.333333,1
1942,7,0,9,8,7,1.125,1.125,1
1943,6,0,5,7,6,0.714286,0.714286,1
1945,2,7,82,10,2,8.2,8.2,0
1946,6,0,12,7,6,1.714286,1.714286,1
1947,3,0,5,4,3,1.25,1.25,1
1948,2,0,30,3,2,10.0,10.0,0
1949,5,0,12,6,5,2.0,2.0,1
1950,2,5,45,8,2,5.625,5.625,0
1932,1,3,87,5,1,17.4,17.4,0
1936,10,0,11,11,10,1.0,1.0,1
1937,6,0,14,7,6,2.0,2.0,1
1941,1,6,74,8,1,9.25,9.25,0
1951,5,0,14,6,5,2.333333,2.333333,1
1953,2,0,7,3,2,2.333333,2.333333,1
1955,7,0,2,8,7,0.25,0.25,1
1956,10,0,7,11,10,0.636364,0.636364,1
1957,8,0,6,9,8,0.666667,0.666667,1
1958,4,0,12,5,4,2.4,2.4,1
1959,4,0,6,5,4,1.2,1.2,1
1960,10,0,5,11,10,0.454545,0.454545,1
1929,4,0,4,5,4,0.8,0.8,1
1954,1,5,88,7,1,12.571429,12.571429,0
1963,12,0,7,13,12,0.538462,0.538462,1
1966,4,0,4,5,4,0.8,0.8,1
1968,5,0,6,6,5,1.0,1.0,1
1969,0,0,7,1,0,7.0,7.0,1
1931,10,0,11,11,10,1.0,1.0,1
1944,1,4,38,6,1,6.333333,6.333333,0
1965,6,0,14,7,6,2.0,2.0,1
1970,8,0,8,9,8,0.888889,0.888889,1
1972,13,0,2,14,13,0.142857,0.142857,1
1973,4,0,5,5,4,1.0,1.0,1
1974,1,4,24,6,1,4.0,4.0,0
1975,1,5,74,7,1,10.571429,10.571429,0
1976,7,0,13,8,7,1.625,1.625,1
1978,13,0,15,14,13,1.071429,1.071429,1
1979,1,0,9,2,1,4.5,4.5,1
1935,0,8,113,9,0,12.555556,12.555556,0
1967,6,0,7,7,6,1.0,1.0,1
1971,11,0,12,12,11,1.0,1.0,1
1977,3,0,13,4,3,3.25,3.25,1
1981,1,0,13,2,1,6.5,6.5,1
1983,4,0,7,5,4,1.4,1.4,1
1985,1,0,17,2,1,8.5,8.5,1
1986,6,0,5,7,6,0.714286,0.714286,1
1989,13,0,6,14,13,0.428571,0.428571,1
1990,9,0,6,10,9,0.6,0.6,1
1964,3,0,13,4,3,3.25,3.25,1
1980,5,0,6,6,5,1.0,1.0,1
1987,3,2,59,6,3,9.833333,9.833333,0
1991,17,0,8,18,17,0.444444,0.444444,1
1992,14,0,12,15,14,0.8,0.8,1
1993,15,0,15,16,15,0.9375,0.9375,1
1994,2,0,2,3,2,0.666667,0.666667,1
1995,8,0,6,9,8,0.666667,0.666667,1
1996,1,3,28,5,1,5.6,5.6,0
1997,7,0,9,8,7,1.125,1.125,1
1998,2,5,62,8,2,7.75,7.75,0
1999,13,0,7,14,13,0.5,0.5,1
1982,8,0,8,9,8,0.888889,0.888889,1
1984,6,0,12,7,6,1.714286,1.714286,1
1988,0,5,20,6,0,3.333333,3.333333,0
2000,13,0,11,14,13,0.785714,0.785714,1
2001,1,3,88,5,1,17.6,17.6,0
2002,9,0,9,10,9,0.9,0.9,1
2003,10,0,3,11,10,0.272727,0.272727,1
2005,4,0,11,5,4,2.2,2.2,1
2006,2,0,8,3,2,2.666667,2.666667,1
2008,15,0,12,16,15,0.75,0.75,1
2009,6,0,2,7,6,0.285714,0.285714,1
2011,6,0,6,7,6,0.857143,0.857143,1
2012,8,0,11,9,8,1.222222,1.222222,1
2013,5,0,10,6,5,1.666667,1.666667,1
2014,2,0,20,3,2,6.666667,6.666667,1
2017,4,5,101,10,4,10.1,10.1,0
2018,4,0,7,5,4,1.4,1.4,1
2019,5,0,4,6,5,0.666667,0.666667,1
2020,11,0,12,12,11,1.0,1.0,1
2004,0,9,33,10,0,3.3,3.3,0
2010,7,0,6,8,7,0.75,0.75,1
2021,1,1,58,3,1,19.333333,19.333333,0
2022,4,0,12,5,4,2.4,2.4,1
2023,9,0,14,10,9,1.4,1.4,1
2024,1,0,10,2,1,5.0,5.0,1
2025,4,0,5,5,4,1.0,1.0,1
2027,10,0,7,11,10,0.636364,0.636364,1
2028,8,0,12,9,8,1.333333,1.333333,1
2029,1,5,72,7,1,10.285714,10.285714,0
2030,3,10,73,14,3,5.214286,5.214286,0
1952,4,0,11,5,4,2.2,2.2,1
1961,2,4,38,7,2,5.428571,5.428571,0
2016,8,0,8,9,8,0.888889,0.888889,1
2031,14,0,11,15,14,0.733333,0.733333,1
2032,7,0,11,8,7,1.375,1.375,1
2033,9,0,15,10,9,1.5,1.5,1
2034,7,0,6,8,7,0.75,0.75,1
2035,2,3,80,6,2,13.333333,13.333333,0
2036,5,0,8,6,5,1.333333,1.333333,1
2037,2,3,37,6,2,6.166667,6.166667,0
2038,2,2,59,5,2,11.8,11.8,0
2039,5,0,6,6,5,1.0,1.0,1
2007,8,0,15,9,8,1.666667,1.666667,1
2026,5,9,74,15,5,4.933333,4.933333,0
2041,4,0,4,5,4,0.8,0.8,1
2043,18,0,12,19,18,0.631579,0.631579,1
2046,11,0,14,12,11,1.166667,1.166667,1
2047,0,5,62,6,0,10.333333,10.333333,0
2048,2,5,50,8,2,6.25,6.25,0
2050,4,0,7,5,4,1.4,1.4,1
2040,6,0,10,7,6,1.428571,1.428571,1
2044,4,0,5,5,4,1.0,1.0,1
2051,9,0,10,10,9,1.0,1.0,1
2052,7,0,7,8,7,0.875,0.875,1
2053,9,0,9,10,9,0.9,0.9,1
2054,0,3,47,4,0,11.75,11.75,0
2055,13,0,13,14,13,0.928571,0.928571,1
2058,11,0,8,12,11,0.666667,0.666667,1
2059,10,0,9,11,10,0.818182,0.818182,1
2060,9,0,11,10,9,1.1,1.1,1
1962,12,0,8,13,12,0.615385,0.615385,1
2045,4,0,7,5,4,1.4,1.4,1
2056,6,0,10,7,6,1.428571,1.428571,1
2061,10,0,16,11,10,1.454545,1.454545,1
2062,2,4,29,7,2,4.142857,4.142857,0
2063,6,0,6,7,6,0.857143,0.857143,1
2065,6,0,3,7,6,0.428571,0.428571,1
2066,15,0,15,16,15,0.9375,0.9375,1
2067,17,0,12,18,17,0.666667,0.666667,1
2068,7,0,3,8,7,0.375,0.375,1
2070,0,14,79,15,0,5.266667,5.266667,0
2015,8,0,7,9,8,0.777778,0.777778,1
2042,0,1,39,2,0,19.5,19.5,0
2057,12,0,7,13,12,0.538462,0.538462,1
2071,3,0,2,4,3,0.5,0.5,1
2072,3,6,74,10,3,7.4,7.4,0
2073,10,0,6,11,10,0.545455,0.545455,1
2074,16,0,1,17,16,0.058824,0.058824,1
2075,1,4,71,6,1,11.833333,11.833333,0
2076,19,0,10,20,19,0.5,0.5,1
2077,1,0,8,2,1,4.0,4.0,1
2078,7,0,15,8,7,1.875,1.875,1
2079,7,0,9,8,7,1.125,1.125,1
2080,4,0,9,5,4,1.8,1.8,1
2049,4,0,8,5,4,1.6,1.6,1
2069,8,0,11,9,8,1.222222,1.222222,1
2081,9,0,15,10,9,1.5,1.5,1
2082,14,0,6,15,14,0.4,0.4,1
2083,9,0,15,10,9,1.5,1.5,1
2084,2,1,78,4,2,19.5,19.5,0
2085,8,0,10,9,8,1.111111,1.111111,1
2086,2,0,5,3,2,1.666667,1.666667,1
2087,4,0,13,5,4,2.6,2.6,1
2090,4,0,5,5,4,1.0,1.0,1
2088,2,0,10,3,2,3.333333,3.333333,1
2091,17,0,15,18,17,0.833333,0.833333,1
2092,12,0,7,13,12,0.538462,0.538462,1
2098,10,0,8,11,10,0.727273,0.727273,1
2100,1,3,34,5,1,6.8,6.8,0
2064,7,0,9,8,7,1.125,1.125,1
2094,3,0,6,4,3,1.5,1.5,1
2101,13,0,3,14,13,0.214286,0.214286,1
2102,7,0,9,8,7,1.125,1.125,1
2103,13,0,9,14,13,0.642857,0.642857,1
2104,5,0,5,6,5,0.833333,0.833333,1
2106,5,0,10,6,5,1.666667,1.666667,1
2107,3,0,7,4,3,1.75,1.75,1
2108,6,0,14,7,6,2.0,2.0,1
2109,0,0,16,1,0,16.0,16.0,1
2110,9,0,14,10,9,1.4,1.4,1
2095,15,0,7,16,15,0.4375,0.4375,1
2097,11,0,2,12,11,0.166667,0.166667,1
2111,13,0,13,14,13,0.928571,0.928571,1
2113,4,0,15,5,4,3.0,3.0,1
2114,2,4,45,7,2,6.428571,6.428571,0
2115,9,0,5,10,9,0.5,0.5,1
2118,13,0,11,14,13,0.785714,0.785714,1
2120,18,0,13,19,18,0.684211,0.684211,1
2093,9,0,11,10,9,1.1,1.1,1
2099,10,0,12,11,10,1.090909,1.090909,1
2112,7,0,6,8,7,0.75,0.75,1
2117,1,9,58,11,1,5.272727,5.272727,0
2119,5,0,10,6,5,1.666667,1.666667,1
2121,4,0,5,5,4,1.0,1.0,1
2122,1,3,71,5,1,14.2,14.2,0
2123,17,0,2,18,17,0.111111,0.111111,1
2124,0,4,60,5,0,12.0,12.0,0
2125,8,0,9,9,8,1.0,1.0,1
2126,0,4,66,5,0,13.2,13.2,0
2127,5,0,2,6,5,0.333333,0.333333,1
2128,2,7,79,10,2,7.9,7.9,0
2130,4,0,6,5,4,1.2,1.2,1
2089,11,0,6,12,11,0.5,0.5,1
2096,6,3,80,10,6,8.0,8.0,0
2105,4,0,12,5,4,2.4,2.4,1
2116,17,0,13,18,17,0.722222,0.722222,1
2131,1,0,2,2,1,1.0,1.0,1
2132,0,1,58,2,0,29.0,29.0,0
2133,6,0,11,7,6,1.571429,1.571429,1
2134,0,6,44,7,0,6.285714,6.285714,0
2135,8,0,8,9,8,0.888889,0.888889,1
2137,0,0,14,1,0,14.0,14.0,0
2138,7,0,4,8,7,0.5,0.5,1
2139,0,2,88,3,0,29.333333,29.333333,0
2129,5,0,9,6,5,1.5,1.5,1
2136,6,0,7,7,6,1.0,1.0,1
2142,3,6,88,10,3,8.8,8.8,0
2145,0,6,72,7,0,10.285714,10.285714,0
2147,1,4,54,6,1,9.0,9.0,0
2148,2,0,8,3,2,2.666667,2.666667,1
2149,1,1,52,3,1,17.333333,17.333333,0
2150,1,5,76,7,1,10.857143,10.857143,0
2140,3,0,6,4,3,1.5,1.5,1
2152,11,0,13,12,11,1.083333,1.083333,1
2154,15,0,18,16,15,1.125,1.125,1
2155,3,0,14,4,3,3.5,3.5,1
2156,13,0,5,14,13,0.357143,0.357143,1
2157,4,0,5,5,4,1.0,1.0,1
2158,13,0,12,14,13,0.857143,0.857143,1
2159,5,0,11,6,5,1.833333,1.833333,1
2160,3,2,100,6,3,16.666667,16.666667,0
2161,5,0,12,6,5,2.0,2.0,1
2163,5,0,6,6,5,1.0,1.0,1
2164,11,0,14,12,11,1.166667,1.166667,1
2167,5,0,7,6,5,1.166667,1.166667,1
2168,6,0,8,7,6,1.142857,1.142857,1
2169,7,0,5,8,7,0.625,0.625,1
2143,4,0,1,5,4,0.2,0.2,1
2144,2,7,31,10,2,3.1,3.1,0
2153,10,0,11,11,10,1.0,1.0,1
2165,4,0,7,5,4,1.4,1.4,1
2173,3,0,5,4,3,1.25,1.25,1
2175,7,0,18,8,7,2.25,2.25,1
2176,5,0,7,6,5,1.166667,1.166667,1
2180,3,0,8,4,3,2.0,2.0,1
2141,6,0,7,7,6,1.0,1.0,1
2146,15,0,9,16,15,0.5625,0.5625,1
2151,12,0,10,13,12,0.769231,0.769231,1
2171,12,0,8,13,12,0.615385,0.615385,1
2174,14,0,6,15,14,0.4,0.4,1
2178,8,0,13,9,8,1.444444,1.444444,1
2182,5,0,5,6,5,0.833333,0.833333,1
2183,5,0,20,6,5,3.333333,3.333333,1
2184,5,0,7,6,5,1.166667,1.166667,1
2185,7,0,9,8,7,1.125,1.125,1
2186,4,0,11,5,4,2.2,2.2,1
2190,6,0,16,7,6,2.285714,2.285714,1
2179,2,0,6,3,2,2.0,2.0,1
2187,1,7,79,9,1,8.777778,8.777778,0
2192,6,0,5,7,6,0.714286,0.714286,1
2194,4,0,17,5,4,3.4,3.4,1
2196,5,0,8,6,5,1.333333,1.333333,1
2197,2,0,5,3,2,1.666667,1.666667,1
2198,2,0,10,3,2,3.333333,3.333333,1
2199,4,7,48,12,4,4.0,4.0,0
2200,13,0,8,14,13,0.571429,0.571429,1
2172,16,0,7,17,16,0.411765,0.411765,1
2177,0,3,88,4,0,22.0,22.0,0
2188,6,0,6,7,6,0.857143,0.857143,1
2191,7,0,8,8,7,1.0,1.0,1
2193,5,0,5,6,5,0.833333,0.833333,1
2201,7,0,5,8,7,0.625,0.625,1
2203,15,0,9,16,15,0.5625,0.5625,1
2204,7,0,6,8,7,0.75,0.75,1
2205,14,0,9,15,14,0.6,0.6,1
2206,1,8,75,10,1,7.5,7.5,0
2208,8,0,5,9,8,0.555556,0.555556,1
2166,1,3,69,5,1,13.8,13.8,0
2170,14,0,6,15,14,0.4,0.4,1
2202,15,0,8,16,15,0.5,0.5,1
2210,7,0,9,8,7,1.125,1.125,1
2211,8,0,4,9,8,0.444444,0.444444,1
2214,14,0,4,15,14,0.266667,0.266667,1
2216,18,0,4,19,18,0.210526,0.210526,1
2217,12,0,12,13,12,0.923077,0.923077,1
2220,7,0,11,8,7,1.375,1.375,1
2162,2,0,5,3,2,1.666667,1.666667,1
2189,7,0,7,8,7,0.875,0.875,1
2195,1,0,4,2,1,2.0,2.0,1
2209,4,7,83,12,4,6.916667,6.916667,0
2212,9,0,7,10,9,0.7,0.7,1
2215,4,0,4,5,4,0.8,0.8,1
2218,5,8,67,14,5,4.785714,4.785714,0
2219,6,0,5,7,6,0.714286,0.714286,1
2221,6,0,9,7,6,1.285714,1.285714,1
2222,7,0,10,8,7,1.25,1.25,1
2223,0,3,64,4,0,16.0,16.0,0
2224,0,5,67,6,0,11.166667,11.166667,0
2227,15,0,19,16,15,1.1875,1.1875,1
2228,10,0,5,11,10,0.454545,0.454545,1
2229,6,0,14,7,6,2.0,2.0,1
2207,8,0,16,9,8,1.777778,1.777778,1
2213,13,0,11,14,13,0.785714,0.785714,1
2226,4,0,10,5,4,2.0,2.0,1
2231,9,0,8,10,9,0.8,0.8,1
2232,7,0,5,8,7,0.625,0.625,1
2233,0,0,2,1,0,2.0,2.0,1
2234,1,7,72,9,1,8.0,8.0,0
2235,0,8,41,9,0,4.555556,4.555556,0
2237,11,0,9,12,11,0.75,0.75,1
2238,9,0,8,10,9,0.8,0.8,1
2239,6,0,5,7,6,0.714286,0.714286,1
2240,1,1,44,3,1,14.666667,14.666667,0
2181,0,7,55,8,0,6.875,6.875,0
2225,0,4,29,5,0,5.8,5.8,0
2241,6,0,10,7,6,1.428571,1.428571,1
2243,12,0,6,13,12,0.461538,0.461538,1
2245,10,0,10,11,10,0.909091,0.909091,1
2246,2,0,0,3,2,0.0,0.0,1
2248,3,8,66,12,3,5.5,5.5,0
2249,4,0,9,5,4,1.8,1.8,1
2230,3,0,8,4,3,2.0,2.0,1
2236,12,0,6,13,12,0.461538,0.461538,1
2244,6,0,11,7,6,1.571429,1.571429,1
2252,5,0,8,6,5,1.333333,1.333333,1
2253,4,0,6,5,4,1.2,1.2,1
2254,10,0,12,11,10,1.090909,1.090909,1
2255,16,0,13,17,16,0.764706,0.764706,1
2256,4,0,6,5,4,1.2,1.2,1
2257,1,2,70,4,1,17.5,17.5,0
2258,7,0,10,8,7,1.25,1.25,1
2259,0,0,74,1,0,74.0,74.0,0
2242,3,0,6,4,3,1.5,1.5,1
2261,0,4,46,5,0,9.2,9.2,0
2262,13,0,5,14,13,0.357143,0.357143,1
2264,9,0,9,10,9,0.9,0.9,1
2266,3,0,6,4,3,1.5,1.5,1
2267,4,0,13,5,4,2.6,2.6,1
2268,13,0,10,14,13,0.714286,0.714286,1
2269,3,0,8,4,3,2.0,2.0,1
2247,2,2,30,5,2,6.0,6.0,0
2250,4,0,3,5,4,0.6,0.6,1
2260,4,0,8,5,4,1.6,1.6,1
2265,4,0,16,5,4,3.2,3.2,1
2271,6,0,8,7,6,1.142857,1.142857,1
2272,4,0,7,5,4,1.4,1.4,1
2273,7,0,13,8,7,1.625,1.625,1
2275,10,0,1,11,10,0.090909,0.090909,1
2276,1,6,78,8,1,9.75,9.75,0
2277,5,10,84,16,5,5.25,5.25,0
2278,1,0,12,2,1,6.0,6.0,1
2280,10,0,21,11,10,1.909091,1.909091,1
2263,11,0,5,12,11,0.416667,0.416667,1
2274,9,0,8,10,9,0.8,0.8,1
2279,6,0,5,7,6,0.714286,0.714286,1
2281,3,0,5,4,3,1.25,1.25,1
2282,7,0,8,8,7,1.0,1.0,1
2284,3,0,6,4,3,1.5,1.5,1
2270,4,0,11,5,4,2.2,2.2,1
2286,3,6,55,10,3,5.5,5.5,0
2287,1,0,4,2,1,2.0,2.0,1
2289,4,0,14,5,4,2.8,2.8,1
2290,2,3,70,6,2,11.666667,11.666667,0
2292,0,4,82,5,0,16.4,16.4,0
2295,12,0,15,13,12,1.153846,1.153846,1
2297,4,0,16,5,4,3.2,3.2,1
2299,2,2,52,5,2,10.4,10.4,0
2251,9,0,3,10,9,0.3,0.3,1
2285,12,0,17,13,12,1.307692,1.307692,1
2288,10,0,4,11,10,0.363636,0.363636,1
2298,10,0,11,11,10,1.0,1.0,1
2300,18,0,5,19,18,0.263158,0.263158,1
2301,12,0,9,13,12,0.692308,0.692308,1
2302,7,0,7,8,7,0.875,0.875,1
2303,8,0,9,9,8,1.0,1.0,1
2304,5,0,9,6,5,1.5,1.5,1
2305,9,0,13,10,9,1.3,1.3,1
2308,0,0,11,1,0,11.0,11.0,1
2283,1,4,47,6,1,7.833333,7.833333,0
2291,3,0,7,4,3,1.75,1.75,1
2309,0,1,48,2,0,24.0,24.0,0
2311,9,0,12,10,9,1.2,1.2,1
2312,6,0,6,7,6,0.857143,0.857143,1
2315,11,0,12,12,11,1.0,1.0,1
2316,6,0,8,7,6,1.142857,1.142857,1
2318,7,0,10,8,7,1.25,1.25,1
2320,11,0,12,12,11,1.0,1.0,1
2293,18,0,12,19,18,0.631579,0.631579,1
2294,11,0,11,12,11,0.916667,0.916667,1
2307,4,0,12,5,4,2.4,2.4,1
2313,12,0,11,13,12,0.846154,0.846154,1
2314,10,0,7,11,10,0.636364,0.636364,1
2321,7,0,8,8,7,1.0,1.0,1
2323,5,0,4,6,5,0.666667,0.666667,1
2324,1,5,63,7,1,9.0,9.0,0
2325,0,7,23,8,0,2.875,2.875,0
2327,5,0,16,6,5,2.666667,2.666667,1
2328,7,0,7,8,7,0.875,0.875,1
2329,8,0,4,9,8,0.444444,0.444444,1
2330,7,0,12,8,7,1.5,1.5,1
2310,2,6,36,9,2,4.0,4.0,0
2331,3,0,8,4,3,2.0,2.0,1
2333,1,7,76,9,1,8.444444,8.444444,0
2334,11,0,4,12,11,0.333333,0.333333,1
2336,8,0,4,9,8,0.444444,0.444444,1
2337,6,0,8,7,6,1.142857,1.142857,1
2338,14,0,9,15,14,0.6,0.6,1
2340,2,8,77,11,2,7.0,7.0,0
2319,7,0,7,8,7,0.875,0.875,1
2322,5,0,7,6,5,1.166667,1.166667,1
2326,3,2,71,6,3,11.833333,11.833333,0
2332,8,0,14,9,8,1.555556,1.555556,1
2341,1,2,67,4,1,16.75,16.75,0
2347,9,0,16,10,9,1.6,1.6,1
2348,5,0,7,6,5,1.166667,1.166667,1
2349,2,0,4,3,2,1.333333,1.333333,1
2343,4,0,2,5,4,0.4,0.4,1
2351,7,0,14,8,7,1.75,1.75,1
2353,9,0,11,10,9,1.1,1.1,1
2354,5,0,7,6,5,1.166667,1.166667,1
2355,2,0,8,3,2,2.666667,2.666667,1
2356,9,0,16,10,9,1.6,1.6,1
2357,0,3,50,4,0,12.5,12.5,0
2358,2,3,31,6,2,5.166667,5.166667,0
2360,1,0,4,2,1,2.0,2.0,1
2296,13,0,2,14,13,0.142857,0.142857,1
2335,6,0,9,7,6,1.285714,1.285714,1
2339,0,5,74,6,0,12.333333,12.333333,0
2345,1,11,35,13,1,2.692308,2.692308,0
2350,2,0,7,3,2,2.333333,2.333333,1
2361,1,12,79,14,1,5.642857,5.642857,0
2362,4,0,3,5,4,0.6,0.6,1
2363,8,0,9,9,8,1.0,1.0,1
2364,3,1,75,5,3,15.0,15.0,0
2366,11,0,13,12,11,1.083333,1.083333,1
2367,4,0,3,5,4,0.6,0.6,1
2369,8,0,9,9,8,1.0,1.0,1
2370,17,0,1,18,17,0.055556,0.055556,1
2317,7,0,11,8,7,1.375,1.375,1
2344,4,0,10,5,4,2.0,2.0,1
2352,14,0,8,15,14,0.533333,0.533333,1
2365,5,0,7,6,5,1.166667,1.166667,1
2371,9,0,19,10,9,1.9,1.9,1
2372,1,6,65,8,1,8.125,8.125,0
2375,0,5,60,6,0,10.0,10.0,0
2376,0,6,37,7,0,5.285714,5.285714,0
2378,3,0,8,4,3,2.0,2.0,1
2379,4,0,8,5,4,1.6,1.6,1
2380,6,0,7,7,6,1.0,1.0,1
2306,2,9,84,12,2,7.0,7.0,0
2346,5,0,10,6,5,1.666667,1.666667,1
2368,0,0,10,1,0,10.0,10.0,1
2374,7,0,13,8,7,1.625,1.625,1
2382,1,6,32,8,1,4.0,4.0,0
2383,4,13,94,18,4,5.222222,5.222222,0
2384,5,0,10,6,5,1.666667,1.666667,1
2386,2,7,52,10,2,5.2,5.2,0
2388,13,0,3,14,13,0.214286,0.214286,1
2389,2,0,4,3,2,1.333333,1.333333,1
2359,13,0,9,14,13,0.642857,0.642857,1
2391,8,0,7,9,8,0.777778,0.777778,1
2392,9,0,5,10,9,0.5,0.5,1
2393,2,0,4,3,2,1.333333,1.333333,1
2394,3,0,5,4,3,1.25,1.25,1
2395,9,0,14,10,9,1.4,1.4,1
2396,4,0,7,5,4,1.4,1.4,1
2397,4,0,8,5,4,1.6,1.6,1
2398,4,0,5,5,4,1.0,1.0,1
2399,2,0,13,3,2,4.333333,4.333333,1
2400,12,0,7,13,12,0.538462,0.538462,1
2342,8,0,13,9,8,1.444444,1.444444,1
2401,4,0,6,5,4,1.2,1.2,1
2402,2,0,10,3,2,3.333333,3.333333,1
2406,4,0,9,5,4,1.8,1.8,1
2408,0,0,1,1,0,1.0,1.0,1
2410,2,0,6,3,2,2.0,2.0,1
2387,5,0,8,6,5,1.333333,1.333333,1
2390,3,0,11,4,3,2.75,2.75,1
2405,0,4,56,5,0,11.2,11.2,0
2411,7,0,12,8,7,1.5,1.5,1
2412,2,0,12,3,2,4.0,4.0,1
2415,0,0,5,1,0,5.0,5.0,1
2416,3,2,69,6,3,11.5,11.5,0
2418,6,0,3,7,6,0.428571,0.428571,1
2419,1,6,65,8,1,8.125,8.125,0
2409,6,0,12,7,6,1.714286,1.714286,1
2414,6,0,11,7,6,1.571429,1.571429,1
2417,3,0,5,4,3,1.25,1.25,1
2421,0,8,77,9,0,8.555556,8.555556,0
2422,16,0,6,17,16,0.352941,0.352941,1
2423,5,0,7,6,5,1.166667,1.166667,1
2424,3,0,12,4,3,3.0,3.0,1
2426,3,0,10,4,3,2.5,2.5,1
2427,10,0,7,11,10,0.636364,0.636364,1
2428,2,5,73,8,2,9.125,9.125,0
2429,0,3,64,4,0,16.0,16.0,0
2430,5,0,8,6,5,1.333333,1.333333,1
2381,8,0,6,9,8,0.666667,0.666667,1
2385,0,3,74,4,0,18.5,18.5,0
2403,7,0,9,8,7,1.125,1.125,1
2407,0,4,74,5,0,14.8,14.8,0
2425,8,0,12,9,8,1.333333,1.333333,1
2433,4,0,5,5,4,1.0,1.0,1
2434,1,6,66,8,1,8.25,8.25,0
2436,0,0,5,1,0,5.0,5.0,1
2437,6,0,9,7,6,1.285714,1.285714,1
2438,0,0,0,1,0,0.0,0.0,1
2439,6,0,3,7,6,0.428571,0.428571,1
2440,9,0,5,10,9,0.5,0.5,1
2377,8,0,11,9,8,1.222222,1.222222,1
2404,15,0,5,16,15,0.3125,0.3125,1
2413,3,4,59,8,3,7.375,7.375,0
2441,9,0,8,10,9,0.8,0.8,1
2442,5,0,5,6,5,0.833333,0.833333,1
2444,0,2,46,3,0,15.333333,15.333333,0
2445,8,0,15,9,8,1.666667,1.666667,1
2446,3,0,10,4,3,2.5,2.5,1
2448,8,0,7,9,8,0.777778,0.777778,1
2449,4,0,5,5,4,1.0,1.0,1
2450,8,0,6,9,8,0.666667,0.666667,1
2373,8,0,18,9,8,2.0,2.0,1
2454,4,0,11,5,4,2.2,2.2,1
2455,0,4,75,5,0,15.0,15.0,0
2456,0,8,72,9,0,8.0,8.0,0
2458,4,0,8,5,4,1.6,1.6,1
2420,7,0,12,8,7,1.5,1.5,1
2431,8,0,11,9,8,1.222222,1.222222,1
2452,1,0,16,2,1,8.0,8.0,1
2453,4,0,9,5,4,1.8,1.8,1
2457,5,0,8,6,5,1.333333,1.333333,1
2459,0,0,4,1,0,4.0,4.0,1
2460,10,0,8,11,10,0.727273,0.727273,1
2462,6,0,7,7,6,1.0,1.0,1
2464,1,8,43,10,1,4.3,4.3,0
2466,1,9,59,11,1,5.363636,5.363636,0
2467,7,0,9,8,7,1.125,1.125,1
2432,8,0,7,9,8,0.777778,0.777778,1
2475,4,0,2,5,4,0.4,0.4,1
2477,6,0,4,7,6,0.571429,0.571429,1
2478,4,0,9,5,4,1.8,1.8,1
2479,1,7,65,9,1,7.222222,7.222222,0
2480,10,0,4,11,10,0.363636,0.363636,1
2435,0,3,39,4,0,9.75,9.75,0
2465,0,0,10,1,0,10.0,10.0,1
2470,1,3,31,5,1,6.2,6.2,0
2472,3,0,7,4,3,1.75,1.75,1
2474,6,0,7,7,6,1.0,1.0,1
2481,7,0,12,8,7,1.5,1.5,1
2484,10,0,9,11,10,0.818182,0.818182,1
2485,13,0,8,14,13,0.571429,0.571429,1
2488,5,0,7,6,5,1.166667,1.166667,1
2489,2,3,63,6,2,10.5,10.5,0
2468,20,0,6,21,20,0.285714,0.285714,1
2469,5,0,9,6,5,1.5,1.5,1
2471,14,0,12,15,14,0.8,0.8,1
2476,5,0,12,6,5,2.0,2.0,1
2491,0,0,2,1,0,2.0,2.0,1
2492,4,0,7,5,4,1.4,1.4,1
2496,3,0,10,4,3,2.5,2.5,1
2497,10,0,7,11,10,0.636364,0.636364,1
2498,11,0,2,12,11,0.166667,0.166667,1
2499,9,0,5,10,9,0.5,0.5,1
2493,11,0,11,12,11,0.916667,0.916667,1
2502,12,0,8,13,12,0.615385,0.615385,1
2503,2,0,8,3,2,2.666667,2.666667,1
2504,11,0,6,12,11,0.5,0.5,1
2505,2,0,9,3,2,3.0,3.0,1
2506,3,0,20,4,3,5.0,5.0,1
2507,1,0,5,2,1,2.5,2.5,1
2508,13,0,9,14,13,0.642857,0.642857,1
2509,2,0,2,3,2,0.666667,0.666667,1
2510,2,0,4,3,2,1.333333,1.333333,1
2461,1,0,14,2,1,7.0,7.0,1
2463,1,2,46,4,1,11.5,11.5,0
2483,0,4,72,5,0,14.4,14.4,0
2494,3,0,6,4,3,1.5,1.5,1
2495,5,0,3,6,5,0.5,0.5,1
2500,4,0,6,5,4,1.2,1.2,1
2512,5,0,3,6,5,0.5,0.5,1
2513,10,0,8,11,10,0.727273,0.727273,1
2516,2,0,12,3,2,4.0,4.0,1
2518,1,0,14,2,1,7.0,7.0,1
2519,10,0,11,11,10,1.0,1.0,1
2520,2,0,4,3,2,1.333333,1.333333,1
2451,7,0,13,8,7,1.625,1.625,1
2473,4,0,5,5,4,1.0,1.0,1
2482,3,0,10,4,3,2.5,2.5,1
2486,8,0,15,9,8,1.666667,1.666667,1
2487,0,4,58,5,0,11.6,11.6,0
2490,6,0,10,7,6,1.428571,1.428571,1
2521,2,0,8,3,2,2.666667,2.666667,1
2524,3,5,63,9,3,7.0,7.0,0
2528,0,5,72,6,0,12.0,12.0,0
2529,5,0,3,6,5,0.5,0.5,1
2530,1,0,3,2,1,1.5,1.5,1
2514,5,0,9,6,5,1.5,1.5,1
2534,1,0,10,2,1,5.0,5.0,1
2535,15,0,3,16,15,0.1875,0.1875,1
2537,4,0,13,5,4,2.6,2.6,1
2539,0,0,20,1,0,20.0,20.0,0
2540,5,0,7,6,5,1.166667,1.166667,1
2517,6,0,8,7,6,1.142857,1.142857,1
2526,2,0,11,3,2,3.666667,3.666667,1
2531,6,0,4,7,6,0.571429,0.571429,1
2541,4,0,6,5,4,1.2,1.2,1
2542,2,0,6,3,2,2.0,2.0,1
2544,3,5,57,9,3,6.333333,6.333333,0
2545,5,0,10,6,5,1.666667,1.666667,1
2546,5,8,75,14,5,5.357143,5.357143,0
2547,6,0,8,7,6,1.142857,1.142857,1
2548,0,1,44,2,0,22.0,22.0,0
2550,11,0,11,12,11,0.916667,0.916667,1
2443,7,0,6,8,7,0.75,0.75,1
2501,5,0,6,6,5,1.0,1.0,1
2515,6,0,8,7,6,1.142857,1.142857,1
2533,1,1,14,3,1,4.666667,4.666667,0
2551,12,0,11,13,12,0.846154,0.846154,1
2552,0,4,21,5,0,4.2,4.2,0
2553,2,0,10,3,2,3.333333,3.333333,1
2556,10,0,13,11,10,1.181818,1.181818,1
2557,0,0,12,1,0,12.0,12.0,1
2558,0,0,4,1,0,4.0,4.0,1
2559,4,0,8,5,4,1.6,1.6,1
2560,1,2,49,4,1,12.25,12.25,0
2538,6,0,4,7,6,0.571429,0.571429,1
2562,2,0,7,3,2,2.333333,2.333333,1
2566,6,0,11,7,6,1.571429,1.571429,1
2567,2,8,38,11,2,3.454545,3.454545,0
2568,4,0,7,5,4,1.4,1.4,1
2569,1,8,60,10,1,6.0,6.0,0
2570,1,0,7,2,1,3.5,3.5,1
2511,1,4,74,6,1,12.333333,12.333333,0
2523,0,1,67,2,0,33.5,33.5,0
2561,0,8,65,9,0,7.222222,7.222222,0
2565,2,5,54,8,2,6.75,6.75,0
2573,2,0,10,3,2,3.333333,3.333333,1
2574,0,5,68,6,0,11.333333,11.333333,0
2575,0,0,4,1,0,4.0,4.0,1
2577,1,5,41,7,1,5.857143,5.857143,0
2578,6,0,17,7,6,2.428571,2.428571,1
2580,0,0,2,1,0,2.0,2.0,1
2522,4,0,7,5,4,1.4,1.4,1
2525,15,0,12,16,15,0.75,0.75,1
2527,6,0,12,7,6,1.714286,1.714286,1
2554,8,0,8,9,8,0.888889,0.888889,1
2564,2,0,6,3,2,2.0,2.0,1
2572,12,0,7,13,12,0.538462,0.538462,1
2579,7,0,3,8,7,0.375,0.375,1
2583,6,0,3,7,6,0.428571,0.428571,1
2586,0,3,85,4,0,21.25,21.25,0
2587,2,3,68,6,2,11.333333,11.333333,0
2589,3,0,2,4,3,0.5,0.5,1
2590,0,2,61,3,0,20.333333,20.333333,0
2532,5,0,4,6,5,0.666667,0.666667,1
2543,3,0,11,4,3,2.75,2.75,1
2555,1,10,63,12,1,5.25,5.25,0
2563,1,3,74,5,1,14.8,14.8,0
2571,4,0,6,5,4,1.2,1.2,1
2576,5,0,4,6,5,0.666667,0.666667,1
2591,2,0,6,3,2,2.0,2.0,1
2593,6,0,10,7,6,1.428571,1.428571,1
2594,7,0,11,8,7,1.375,1.375,1
2595,7,0,9,8,7,1.125,1.125,1
2596,1,5,70,7,1,10.0,10.0,0
2598,6,0,2,7,6,0.285714,0.285714,1
2599,4,0,4,5,4,0.8,0.8,1
2600,5,0,6,6,5,1.0,1.0,1
2584,3,0,2,4,3,0.5,0.5,1
2588,1,3,43,5,1,8.6,8.6,0
2602,6,0,9,7,6,1.285714,1.285714,1
2603,12,0,4,13,12,0.307692,0.307692,1
2604,6,0,6,7,6,0.857143,0.857143,1
2605,8,0,11,9,8,1.222222,1.222222,1
2606,0,1,52,2,0,26.0,26.0,0
2607,4,0,11,5,4,2.2,2.2,1
2608,5,0,5,6,5,0.833333,0.833333,1
2585,6,0,11,7,6,1.571429,1.571429,1
2592,6,0,8,7,6,1.142857,1.142857,1
2601,4,0,7,5,4,1.4,1.4,1
2610,1,0,5,2,1,2.5,2.5,1
2612,7,0,5,8,7,0.625,0.625,1
2613,1,4,74,6,1,12.333333,12.333333,0
2614,11,0,9,12,11,0.75,0.75,1
2615,0,6,61,7,0,8.714286,8.714286,0
2617,6,0,12,7,6,1.714286,1.714286,1
2618,3,0,14,4,3,3.5,3.5,1
2620,11,0,10,12,11,0.833333,0.833333,1
2447,7,0,3,8,7,0.375,0.375,1
2609,10,0,13,11,10,1.181818,1.181818,1
2616,7,0,13,8,7,1.625,1.625,1
2621,8,0,7,9,8,0.777778,0.777778,1
2622,10,0,9,11,10,0.818182,0.818182,1
2623,13,0,16,14,13,1.142857,1.142857,1
2624,2,3,54,6,2,9.0,9.0,0
2625,9,0,11,10,9,1.1,1.1,1
2626,6,0,9,7,6,1.285714,1.285714,1
2627,7,0,11,8,7,1.375,1.375,1
2630,6,0,7,7,6,1.0,1.0,1
2582,6,0,8,7,6,1.142857,1.142857,1
2597,10,0,11,11,10,1.0,1.0,1
2629,5,0,15,6,5,2.5,2.5,1
2631,0,0,26,1,0,26.0,26.0,0
2635,4,0,10,5,4,2.0,2.0,1
2639,7,0,9,8,7,1.125,1.125,1
2640,7,0,12,8,7,1.5,1.5,1
2536,3,0,0,4,3,0.0,0.0,1
2619,12,0,9,13,12,0.692308,0.692308,1
2638,3,5,79,9,3,8.777778,8.777778,0
2641,4,5,69,10,4,6.9,6.9,0
2642,2,10,83,13,2,6.384615,6.384615,0
2643,7,0,6,8,7,0.75,0.75,1
2644,4,0,7,5,4,1.4,1.4,1
2645,1,7,73,9,1,8.111111,8.111111,0
2646,3,0,7,4,3,1.75,1.75,1
2647,0,3,83,4,0,20.75,20.75,0
2549,8,0,2,9,8,0.222222,0.222222,1
2581,3,0,4,4,3,1.0,1.0,1
2632,1,9,73,11,1,6.636364,6.636364,0
2633,6,0,2,7,6,0.285714,0.285714,1
2648,5,0,10,6,5,1.666667,1.666667,1
2653,6,0,5,7,6,0.714286,0.714286,1
2654,6,0,7,7,6,1.0,1.0,1
2655,0,0,1,1,0,1.0,1.0,1
2656,1,2,46,4,1,11.5,11.5,0
2658,3,0,5,4,3,1.25,1.25,1
2659,6,0,3,7,6,0.428571,0.428571,1
2628,3,0,1,4,3,0.25,0.25,1
2636,8,0,8,9,8,0.888889,0.888889,1
2637,10,0,10,11,10,0.909091,0.909091,1
2649,5,0,8,6,5,1.333333,1.333333,1
2657,1,5,66,7,1,9.428571,9.428571,0
2662,3,0,7,4,3,1.75,1.75,1
2665,8,0,7,9,8,0.777778,0.777778,1
2667,4,0,7,5,4,1.4,1.4,1
2668,4,0,8,5,4,1.6,1.6,1
2669,7,0,10,8,7,1.25,1.25,1
2670,9,0,8,10,9,0.8,0.8,1
2611,10,0,15,11,10,1.363636,1.363636,1
2634,12,0,13,13,12,1.0,1.0,1
2661,5,0,8,6,5,1.333333,1.333333,1
2671,0,4,63,5,0,12.6,12.6,0
2673,7,0,12,8,7,1.5,1.5,1
2674,13,0,5,14,13,0.357143,0.357143,1
2675,5,0,10,6,5,1.666667,1.666667,1
2676,1,0,6,2,1,3.0,3.0,1
2677,2,0,3,3,2,1.0,1.0,1
2678,3,0,15,4,3,3.75,3.75,1
2679,3,0,6,4,3,1.5,1.5,1
2680,0,6,64,7,0,9.142857,9.142857,0
2651,3,7,70,11,3,6.363636,6.363636,0
2652,9,0,6,10,9,0.6,0.6,1
2663,12,0,7,13,12,0.538462,0.538462,1
2681,9,0,5,10,9,0.5,0.5,1
2682,9,0,9,10,9,0.9,0.9,1
2683,2,0,9,3,2,3.0,3.0,1
2684,9,0,3,10,9,0.3,0.3,1
2685,10,0,9,11,10,0.818182,0.818182,1
2687,6,0,10,7,6,1.428571,1.428571,1
2688,0,6,33,7,0,4.714286,4.714286,0
2689,5,0,10,6,5,1.666667,1.666667,1
2690,5,0,8,6,5,1.333333,1.333333,1
2660,1,13,82,15,1,5.466667,5.466667,0
2666,1,10,67,12,1,5.583333,5.583333,0
2686,4,0,10,5,4,2.0,2.0,1
2691,8,0,10,9,8,1.111111,1.111111,1
2692,3,0,5,4,3,1.25,1.25,1
2693,1,0,4,2,1,2.0,2.0,1
2695,4,0,9,5,4,1.8,1.8,1
2696,3,0,8,4,3,2.0,2.0,1
2697,7,0,13,8,7,1.625,1.625,1
2698,4,0,10,5,4,2.0,2.0,1
2664,6,0,4,7,6,0.571429,0.571429,1
2700,6,0,8,7,6,1.142857,1.142857,1
2702,11,0,8,12,11,0.666667,0.666667,1
2706,5,0,11,6,5,1.833333,1.833333,1
2707,6,0,0,7,6,0.0,0.0,1
2708,3,0,8,4,3,2.0,2.0,1
2709,9,0,5,10,9,0.5,0.5,1
2710,8,0,8,9,8,0.888889,0.888889,1
2701,7,0,11,8,7,1.375,1.375,1
2712,2,0,2,3,2,0.666667,0.666667,1
2714,1,9,40,11,1,3.636364,3.636364,0
2715,15,0,6,16,15,0.375,0.375,1
2716,1,0,6,2,1,3.0,3.0,1
2717,22,0,12,23,22,0.521739,0.521739,1
2718,15,0,4,16,15,0.25,0.25,1
2719,5,0,6,6,5,1.0,1.0,1
2720,10,0,11,11,10,1.0,1.0,1
2672,11,0,5,12,11,0.416667,0.416667,1
2699,8,0,4,9,8,0.444444,0.444444,1
2711,9,0,10,10,9,1.0,1.0,1
2722,10,0,10,11,10,0.909091,0.909091,1
2723,11,0,9,12,11,0.75,0.75,1
2724,7,0,6,8,7,0.75,0.75,1
2725,8,0,7,9,8,0.777778,0.777778,1
2726,7,0,13,8,7,1.625,1.625,1
2727,7,0,12,8,7,1.5,1.5,1
2729,11,0,10,12,11,0.833333,0.833333,1
2713,13,0,9,14,13,0.642857,0.642857,1
2731,5,5,55,11,5,5.0,5.0,0
2732,22,0,14,23,22,0.608696,0.608696,1
2733,1,4,80,6,1,13.333333,13.333333,0
2734,10,0,8,11,10,0.727273,0.727273,1
2735,14,0,9,15,14,0.6,0.6,1
2738,4,0,7,5,4,1.4,1.4,1
2703,15,0,11,16,15,0.6875,0.6875,1
2737,12,0,9,13,12,0.692308,0.692308,1
2740,9,0,11,10,9,1.1,1.1,1
2741,14,0,9,15,14,0.6,0.6,1
2742,10,0,14,11,10,1.272727,1.272727,1
2743,0,0,1,1,0,1.0,1.0,1
2745,6,0,10,7,6,1.428571,1.428571,1
2746,3,8,59,12,3,4.916667,4.916667,0
2747,15,0,7,16,15,0.4375,0.4375,1
2748,14,0,8,15,14,0.533333,0.533333,1
2749,8,0,11,9,8,1.222222,1.222222,1
2750,2,7,68,10,2,6.8,6.8,0
2694,6,0,7,7,6,1.0,1.0,1
2704,6,0,7,7,6,1.0,1.0,1
2705,0,6,76,7,0,10.857143,10.857143,0
2721,0,5,60,6,0,10.0,10.0,0
2736,3,0,12,4,3,3.0,3.0,1
2751,2,6,61,9,2,6.777778,6.777778,0
2752,6,0,14,7,6,2.0,2.0,1
2753,8,0,12,9,8,1.333333,1.333333,1
2754,2,1,67,4,2,16.75,16.75,0
2755,11,0,8,12,11,0.666667,0.666667,1
2756,4,0,5,5,4,1.0,1.0,1
2758,0,4,42,5,0,8.4,8.4,0
2759,6,0,14,7,6,2.0,2.0,1
2760,3,0,3,4,3,0.75,0.75,1
2650,3,3,47,7,3,6.714286,6.714286,0
2728,11,0,9,12,11,0.75,0.75,1
2739,0,0,5,1,0,5.0,5.0,1
2744,12,0,14,13,12,1.076923,1.076923,1
2757,8,0,11,9,8,1.222222,1.222222,1
2762,0,4,50,5,0,10.0,10.0,0
2763,0,3,68,4,0,17.0,17.0,0
2764,3,0,16,4,3,4.0,4.0,1
2766,1,3,29,5,1,5.8,5.8,0
2767,6,8,73,15,6,4.866667,4.866667,0
2768,12,0,9,13,12,0.692308,0.692308,1
2769,8,0,16,9,8,1.777778,1.777778,1
2770,7,0,8,8,7,1.0,1.0,1
2765,5,0,8,6,5,1.333333,1.333333,1
2771,1,4,59,6,1,9.833333,9.833333,0
2773,1,3,65,5,1,13.0,13.0,0
2774,4,0,5,5,4,1.0,1.0,1
2775,2,11,51,14,2,3.642857,3.642857,0
2776,4,0,11,5,4,2.2,2.2,1
2777,5,0,7,6,5,1.166667,1.166667,1
2779,0,0,2,1,0,2.0,2.0,1
2778,0,6,69,7,0,9.857143,9.857143,0
2781,4,0,2,5,4,0.4,0.4,1
2783,5,0,7,6,5,1.166667,1.166667,1
2785,1,0,3,2,1,1.5,1.5,1
2788,9,0,6,10,9,0.6,0.6,1
2790,9,0,9,10,9,0.9,0.9,1
2730,6,0,10,7,6,1.428571,1.428571,1
2761,2,0,6,3,2,2.0,2.0,1
2780,5,0,1,6,5,0.166667,0.166667,1
2782,2,7,63,10,2,6.3,6.3,0
2784,3,7,52,11,3,4.727273,4.727273,0
2786,10,0,6,11,10,0.545455,0.545455,1
2794,2,0,4,3,2,1.333333,1.333333,1
2796,14,0,14,15,14,0.933333,0.933333,1
2797,3,11,84,15,3,5.6,5.6,0
2789,7,0,9,8,7,1.125,1.125,1
2791,1,6,59,8,1,7.375,7.375,0
2792,8,0,2,9,8,0.222222,0.222222,1
2795,4,0,12,5,4,2.4,2.4,1
2801,7,0,6,8,7,0.75,0.75,1
2804,11,0,6,12,11,0.5,0.5,1
2805,2,0,11,3,2,3.666667,3.666667,1
2807,17,0,13,18,17,0.722222,0.722222,1
2810,6,0,5,7,6,0.714286,0.714286,1
2798,7,0,5,8,7,0.625,0.625,1
2799,6,0,2,7,6,0.285714,0.285714,1
2808,0,0,87,1,0,87.0,87.0,0
2809,0,0,5,1,0,5.0,5.0,1
2813,7,0,14,8,7,1.75,1.75,1
2814,0,0,5,1,0,5.0,5.0,1
2817,15,0,6,16,15,0.375,0.375,1
2819,4,0,8,5,4,1.6,1.6,1
2772,4,0,5,5,4,1.0,1.0,1
2800,1,0,7,2,1,3.5,3.5,1
2806,6,0,4,7,6,0.571429,0.571429,1
2818,4,0,15,5,4,3.0,3.0,1
2821,0,0,55,1,0,55.0,55.0,0
2822,7,0,7,8,7,0.875,0.875,1
2823,2,0,4,3,2,1.333333,1.333333,1
2825,5,0,10,6,5,1.666667,1.666667,1
2826,2,9,60,12,2,5.0,5.0,0
2787,2,0,15,3,2,5.0,5.0,1
2812,2,0,8,3,2,2.666667,2.666667,1
2815,3,10,69,14,3,4.928571,4.928571,0
2824,13,0,8,14,13,0.571429,0.571429,1
2831,2,7,22,10,2,2.2,2.2,0
2832,7,0,9,8,7,1.125,1.125,1
2835,4,0,9,5,4,1.8,1.8,1
2838,4,0,3,5,4,0.6,0.6,1
2839,2,0,6,3,2,2.0,2.0,1
2828,1,0,8,2,1,4.0,4.0,1
2837,8,0,6,9,8,0.666667,0.666667,1
2842,1,0,9,2,1,4.5,4.5,1
2845,3,0,5,4,3,1.25,1.25,1
2847,10,0,10,11,10,0.909091,0.909091,1
2848,2,0,10,3,2,3.333333,3.333333,1
2849,14,0,15,15,14,1.0,1.0,1
2793,2,0,5,3,2,1.666667,1.666667,1
2811,0,3,85,4,0,21.25,21.25,0
2820,6,0,4,7,6,0.571429,0.571429,1
2829,3,0,3,4,3,0.75,0.75,1
2841,3,0,4,4,3,1.0,1.0,1
2850,8,0,5,9,8,0.555556,0.555556,1
2851,0,0,62,1,0,62.0,62.0,0
2852,5,0,5,6,5,0.833333,0.833333,1
2854,5,8,67,14,5,4.785714,4.785714,0
2858,0,0,77,1,0,77.0,77.0,0
2859,8,0,5,9,8,0.555556,0.555556,1
2830,5,0,5,6,5,0.833333,0.833333,1
2833,12,0,11,13,12,0.846154,0.846154,1
2834,1,9,48,11,1,4.363636,4.363636,0
2836,7,0,13,8,7,1.625,1.625,1
2843,6,0,5,7,6,0.714286,0.714286,1
2860,8,0,7,9,8,0.777778,0.777778,1
2861,4,0,4,5,4,0.8,0.8,1
2862,4,0,10,5,4,2.0,2.0,1
2863,1,5,56,7,1,8.0,8.0,0
2864,0,3,58,4,0,14.5,14.5,0
2865,7,0,7,8,7,0.875,0.875,1
2866,7,0,8,8,7,1.0,1.0,1
2870,2,0,11,3,2,3.666667,3.666667,1
2802,2,8,68,11,2,6.181818,6.181818,0
2803,7,0,14,8,7,1.75,1.75,1
2816,5,0,6,6,5,1.0,1.0,1
2827,4,0,10,5,4,2.0,2.0,1
2846,8,0,9,9,8,1.0,1.0,1
2853,2,5,23,8,2,2.875,2.875,0
2855,1,3,79,5,1,15.8,15.8,0
2873,1,2,22,4,1,5.5,5.5,0
2875,4,0,5,5,4,1.0,1.0,1
2876,0,6,49,7,0,7.0,7.0,0
2878,9,0,4,10,9,0.4,0.4,1
2879,3,0,7,4,3,1.75,1.75,1
2880,2,4,63,7,2,9.0,9.0,0
2840,8,0,11,9,8,1.222222,1.222222,1
2857,1,0,12,2,1,6.0,6.0,1
2872,0,4,44,5,0,8.8,8.8,0
2877,6,0,9,7,6,1.285714,1.285714,1
2881,1,2,48,4,1,12.0,12.0,0
2889,11,0,10,12,11,0.833333,0.833333,1
2844,4,0,5,5,4,1.0,1.0,1
2890,7,0,10,8,7,1.25,1.25,1
2891,4,0,8,5,4,1.6,1.6,1
2892,3,10,72,14,3,5.142857,5.142857,0
2893,3,4,74,8,3,9.25,9.25,0
2896,6,0,11,7,6,1.571429,1.571429,1
2897,1,2,66,4,1,16.5,16.5,0
2898,2,0,12,3,2,4.0,4.0,1
2867,0,0,61,1,0,61.0,61.0,0
2883,4,0,2,5,4,0.4,0.4,1
2887,5,0,11,6,5,1.833333,1.833333,1
2901,4,0,1,5,4,0.2,0.2,1
2902,5,0,5,6,5,0.833333,0.833333,1
2904,9,0,11,10,9,1.1,1.1,1
2905,7,0,6,8,7,0.75,0.75,1
2906,0,5,60,6,0,10.0,10.0,0
2908,3,0,6,4,3,1.5,1.5,1
2910,8,0,12,9,8,1.333333,1.333333,1
2856,5,0,5,6,5,0.833333,0.833333,1
2874,8,0,19,9,8,2.111111,2.111111,1
2894,2,9,83,12,2,6.916667,6.916667,0
2907,1,4,60,6,1,10.0,10.0,0
2911,5,0,1,6,5,0.166667,0.166667,1
2912,6,0,7,7,6,1.0,1.0,1
2916,2,5,56,8,2,7.0,7.0,0
2917,11,0,7,12,11,0.583333,0.583333,1
2920,1,0,42,2,1,21.0,21.0,0
2868,1,3,41,5,1,8.2,8.2,0
2871,4,0,4,5,4,0.8,0.8,1
2884,6,0,8,7,6,1.142857,1.142857,1
2886,6,0,5,7,6,0.714286,0.714286,1
2888,3,0,8,4,3,2.0,2.0,1
2899,2,0,9,3,2,3.0,3.0,1
2903,4,0,11,5,4,2.2,2.2,1
2919,11,0,10,12,11,0.833333,0.833333,1
2922,0,6,73,7,0,10.428571,10.428571,0
2923,13,0,14,14,13,1.0,1.0,1
2928,11,0,7,12,11,0.583333,0.583333,1
2930,1,3,62,5,1,12.4,12.4,0
2882,3,0,6,4,3,1.5,1.5,1
2924,2,0,7,3,2,2.333333,2.333333,1
2927,0,4,65,5,0,13.0,13.0,0
2932,3,8,42,12,3,3.5,3.5,0
2934,11,0,5,12,11,0.416667,0.416667,1
2935,2,0,3,3,2,1.0,1.0,1
2936,1,4,61,6,1,10.166667,10.166667,0
2938,0,1,68,2,0,34.0,34.0,0
2939,4,0,8,5,4,1.6,1.6,1
2940,10,0,9,11,10,0.818182,0.818182,1
2869,7,0,8,8,7,1.0,1.0,1
2931,7,0,8,8,7,1.0,1.0,1
2945,3,5,66,9,3,7.333333,7.333333,0
2946,6,0,4,7,6,0.571429,0.571429,1
2947,4,0,5,5,4,1.0,1.0,1
2948,12,0,5,13,12,0.384615,0.384615,1
2949,1,2,31,4,1,7.75,7.75,0
2950,10,0,10,11,10,0.909091,0.909091,1
2885,5,0,2,6,5,0.333333,0.333333,1
2909,0,2,73,3,0,24.333333,24.333333,0
2941,0,0,2,1,0,2.0,2.0,1
2951,2,0,1,3,2,0.333333,0.333333,1
2954,1,0,54,2,1,27.0,27.0,0
2955,4,0,1,5,4,0.2,0.2,1
2956,0,1,66,2,0,33.0,33.0,0
2957,6,0,5,7,6,0.714286,0.714286,1
2958,6,0,5,7,6,0.714286,0.714286,1
2960,10,0,8,11,10,0.727273,0.727273,1
2900,2,5,49,8,2,6.125,6.125,0
2937,3,0,2,4,3,0.5,0.5,1
2961,0,6,59,7,0,8.428571,8.428571,0
2962,8,0,4,9,8,0.444444,0.444444,1
2963,13,0,7,14,13,0.5,0.5,1
2965,12,0,11,13,12,0.846154,0.846154,1
2966,14,0,4,15,14,0.266667,0.266667,1
2968,9,0,6,10,9,0.6,0.6,1
2969,3,13,66,17,3,3.882353,3.882353,0
2970,5,0,11,6,5,1.833333,1.833333,1
2918,2,0,19,3,2,6.333333,6.333333,0
2921,0,3,73,4,0,18.25,18.25,0
2926,6,0,17,7,6,2.428571,2.428571,1
2971,3,0,9,4,3,2.25,2.25,1
2972,2,0,75,3,2,25.0,25.0,0
2974,2,3,63,6,2,10.5,10.5,0
2976,13,0,7,14,13,0.5,0.5,1
2977,7,0,6,8,7,0.75,0.75,1
2979,4,0,9,5,4,1.8,1.8,1
2980,5,0,10,6,5,1.666667,1.666667,1
2929,1,0,5,2,1,2.5,2.5,1
2942,6,0,6,7,6,0.857143,0.857143,1
2943,1,6,63,8,1,7.875,7.875,0
2953,8,0,8,9,8,0.888889,0.888889,1
2964,4,0,13,5,4,2.6,2.6,1
2973,5,0,8,6,5,1.333333,1.333333,1
2981,5,0,8,6,5,1.333333,1.333333,1
2983,2,0,9,3,2,3.0,3.0,1
2984,1,0,16,2,1,8.0,8.0,1
2987,5,0,5,6,5,0.833333,0.833333,1
2989,0,2,53,3,0,17.666667,17.666667,0
2990,3,0,3,4,3,0.75,0.75,1
2952,2,3,75,6,2,12.5,12.5,0
2975,0,1,43,2,0,21.5,21.5,0
2986,4,0,13,5,4,2.6,2.6,1
2991,5,0,4,6,5,0.666667,0.666667,1
2992,2,7,65,10,2,6.5,6.5,0
2997,7,0,11,8,7,1.375,1.375,1
2998,4,0,3,5,4,0.6,0.6,1
2999,14,0,3,15,14,0.2,0.2,1
2995,8,0,4,9,8,0.444444,0.444444,1
3002,1,1,59,3,1,19.666667,19.666667,0
3003,8,0,9,9,8,1.0,1.0,1
3006,4,0,8,5,4,1.6,1.6,1
3010,11,0,7,12,11,0.583333,0.583333,1
2985,3,0,8,4,3,2.0,2.0,1
2988,2,0,11,3,2,3.666667,3.666667,1
3009,0,2,23,3,0,7.666667,7.666667,0
3011,6,0,7,7,6,1.0,1.0,1
3012,2,0,4,3,2,1.333333,1.333333,1
3013,14,0,9,15,14,0.6,0.6,1
3014,4,0,3,5,4,0.6,0.6,1
3016,7,0,6,8,7,0.75,0.75,1
3018,5,0,4,6,5,0.666667,0.666667,1
3019,10,0,4,11,10,0.363636,0.363636,1
3020,8,0,13,9,8,1.444444,1.444444,1
2895,9,0,3,10,9,0.3,0.3,1
2914,9,0,13,10,9,1.3,1.3,1
2915,4,0,10,5,4,2.0,2.0,1
2933,0,4,32,5,0,6.4,6.4,0
2944,5,0,2,6,5,0.333333,0.333333,1
3000,3,13,50,17,3,2.941176,2.941176,0
3004,8,0,9,9,8,1.0,1.0,1
3017,0,0,19,1,0,19.0,19.0,0
3021,4,0,4,5,4,0.8,0.8,1
3024,9,0,2,10,9,0.2,0.2,1
3025,2,0,14,3,2,4.666667,4.666667,1
3029,0,1,16,2,0,8.0,8.0,0
3030,3,0,6,4,3,1.5,1.5,1
2925,7,0,11,8,7,1.375,1.375,1
2959,6,0,7,7,6,1.0,1.0,1
2967,2,0,4,3,2,1.333333,1.333333,1
2994,2,0,6,3,2,2.0,2.0,1
2996,4,0,11,5,4,2.2,2.2,1
3028,6,0,3,7,6,0.428571,0.428571,1
3031,8,0,9,9,8,1.0,1.0,1
3032,2,0,4,3,2,1.333333,1.333333,1
3035,0,4,66,5,0,13.2,13.2,0
3036,1,1,22,3,1,7.333333,7.333333,0
3037,4,0,6,5,4,1.2,1.2,1
3015,0,6,57,7,0,8.142857,8.142857,0
3022,3,0,8,4,3,2.0,2.0,1
3023,8,0,9,9,8,1.0,1.0,1
3034,1,2,74,4,1,18.5,18.5,0
3041,4,0,13,5,4,2.6,2.6,1
3043,1,0,1,2,1,0.5,0.5,1
3045,5,0,9,6,5,1.5,1.5,1
3047,2,0,6,3,2,2.0,2.0,1
3048,2,0,3,3,2,1.0,1.0,1
3049,3,0,8,4,3,2.0,2.0,1
3050,12,0,10,13,12,0.769231,0.769231,1
2978,8,0,10,9,8,1.111111,1.111111,1
2982,0,1,42,2,0,21.0,21.0,0
3001,2,0,6,3,2,2.0,2.0,1
3042,1,0,9,2,1,4.5,4.5,1
3051,2,0,9,3,2,3.0,3.0,1
3052,3,0,10,4,3,2.5,2.5,1
3053,5,0,12,6,5,2.0,2.0,1
3054,11,0,8,12,11,0.666667,0.666667,1
3057,6,0,5,7,6,0.714286,0.714286,1
3059,0,2,49,3,0,16.333333,16.333333,0
3060,2,0,11,3,2,3.666667,3.666667,1
2913,6,0,11,7,6,1.571429,1.571429,1
2993,9,0,5,10,9,0.5,0.5,1
3005,3,0,13,4,3,3.25,3.25,1
3026,6,0,6,7,6,0.857143,0.857143,1
3027,4,0,13,5,4,2.6,2.6,1
3033,4,0,7,5,4,1.4,1.4,1
3038,6,0,11,7,6,1.571429,1.571429,1
3044,2,0,7,3,2,2.333333,2.333333,1
3046,9,0,9,10,9,0.9,0.9,1
3063,7,0,17,8,7,2.125,2.125,1
3064,0,5,39,6,0,6.5,6.5,0
3065,4,0,5,5,4,1.0,1.0,1
3066,9,0,19,10,9,1.9,1.9,1
3068,5,0,8,6,5,1.333333,1.333333,1
3070,2,0,1,3,2,0.333333,0.333333,1
3007,0,0,8,1,0,8.0,8.0,1
3071,8,0,5,9,8,0.555556,0.555556,1
3073,0,0,4,1,0,4.0,4.0,1
3075,6,0,9,7,6,1.285714,1.285714,1
3077,3,0,10,4,3,2.5,2.5,1
3079,4,0,7,5,4,1.4,1.4,1
3080,9,0,11,10,9,1.1,1.1,1
3058,2,0,3,3,2,1.0,1.0,1
3061,4,0,13,5,4,2.6,2.6,1
3062,6,0,9,7,6,1.285714,1.285714,1
3081,3,9,68,13,3,5.230769,5.230769,0
3084,8,0,6,9,8,0.666667,0.666667,1
3086,2,0,6,3,2,2.0,2.0,1
3087,12,0,7,13,12,0.538462,0.538462,1
3088,9,0,6,10,9,0.6,0.6,1
3089,6,0,2,7,6,0.285714,0.285714,1
3069,0,0,12,1,0,12.0,12.0,1
3072,0,3,64,4,0,16.0,16.0,0
3091,6,0,11,7,6,1.571429,1.571429,1
3092,8,0,7,9,8,0.777778,0.777778,1
3093,0,0,21,1,0,21.0,21.0,0
3094,11,0,3,12,11,0.25,0.25,1
3095,2,3,49,6,2,8.166667,8.166667,0
3097,2,0,10,3,2,3.333333,3.333333,1
3098,2,0,10,3,2,3.333333,3.333333,1
3008,0,3,23,4,0,5.75,5.75,0
3074,4,0,14,5,4,2.8,2.8,1
3076,8,0,6,9,8,0.666667,0.666667,1
3083,14,0,4,15,14,0.266667,0.266667,1
3102,4,4,71,9,4,7.888889,7.888889,0
3103,5,0,7,6,5,1.166667,1.166667,1
3107,2,0,9,3,2,3.0,3.0,1
3108,3,0,39,4,3,9.75,9.75,0
3055,2,0,7,3,2,2.333333,2.333333,1
3056,1,0,11,2,1,5.5,5.5,1
3078,0,0,10,1,0,10.0,10.0,1
3085,12,0,7,13,12,0.538462,0.538462,1
3096,2,5,46,8,2,5.75,5.75,0
3105,11,0,9,12,11,0.75,0.75,1
3106,2,4,40,7,2,5.714286,5.714286,0
3115,2,0,4,3,2,1.333333,1.333333,1
3116,5,0,16,6,5,2.666667,2.666667,1
3117,3,0,7,4,3,1.75,1.75,1
3118,2,3,54,6,2,9.0,9.0,0
3120,1,0,7,2,1,3.5,3.5,1
3040,3,0,4,4,3,1.0,1.0,1
3090,3,0,2,4,3,0.5,0.5,1
3099,1,0,7,2,1,3.5,3.5,1
3101,2,0,3,3,2,1.0,1.0,1
3119,2,0,4,3,2,1.333333,1.333333,1
3123,3,0,9,4,3,2.25,2.25,1
3124,2,0,10,3,2,3.333333,3.333333,1
3125,0,2,69,3,0,23.0,23.0,0
3126,6,0,10,7,6,1.428571,1.428571,1
3128,0,0,5,1,0,5.0,5.0,1
3130,6,0,2,7,6,0.285714,0.285714,1
3100,7,0,9,8,7,1.125,1.125,1
3109,2,0,5,3,2,1.666667,1.666667,1
3110,16,0,10,17,16,0.588235,0.588235,1
3111,0,3,27,4,0,6.75,6.75,0
3113,3,0,8,4,3,2.0,2.0,1
3114,2,2,37,5,2,7.4,7.4,0
3121,3,0,8,4,3,2.0,2.0,1
3122,6,0,10,7,6,1.428571,1.428571,1
3132,0,0,51,1,0,51.0,51.0,0
3134,1,0,5,2,1,2.5,2.5,1
3135,6,0,8,7,6,1.142857,1.142857,1
3136,6,0,6,7,6,0.857143,0.857143,1
3137,14,0,12,15,14,0.8,0.8,1
3138,6,0,10,7,6,1.428571,1.428571,1
3139,2,0,10,3,2,3.333333,3.333333,1
3140,4,0,7,5,4,1.4,1.4,1
3082,5,0,11,6,5,1.833333,1.833333,1
3104,9,0,6,10,9,0.6,0.6,1
3129,6,0,7,7,6,1.0,1.0,1
3131,1,5,60,7,1,8.571429,8.571429,0
3133,4,0,5,5,4,1.0,1.0,1
3141,2,0,7,3,2,2.333333,2.333333,1
3142,6,0,8,7,6,1.142857,1.142857,1
3143,9,0,10,10,9,1.0,1.0,1
3144,2,0,10,3,2,3.333333,3.333333,1
3147,4,0,7,5,4,1.4,1.4,1
3148,0,0,7,1,0,7.0,7.0,1
3149,6,0,5,7,6,0.714286,0.714286,1
3150,8,0,12,9,8,1.333333,1.333333,1
3039,1,2,54,4,1,13.5,13.5,0
3146,9,0,5,10,9,0.5,0.5,1
3151,0,4,52,5,0,10.4,10.4,0
3154,2,0,8,3,2,2.666667,2.666667,1
3155,0,0,6,1,0,6.0,6.0,1
3156,6,0,6,7,6,0.857143,0.857143,1
3159,4,0,0,5,4,0.0,0.0,1
3160,1,0,8,2,1,4.0,4.0,1
3067,9,0,14,10,9,1.4,1.4,1
3127,3,0,10,4,3,2.5,2.5,1
3145,1,4,44,6,1,7.333333,7.333333,0
3153,6,0,7,7,6,1.0,1.0,1
3163,1,0,11,2,1,5.5,5.5,1
3164,9,0,8,10,9,0.8,0.8,1
3165,2,0,10,3,2,3.333333,3.333333,1
3167,8,0,8,9,8,0.888889,0.888889,1
3168,4,0,5,5,4,1.0,1.0,1
3162,5,1,61,7,5,8.714286,8.714286,0
3166,7,0,3,8,7,0.375,0.375,1
3171,1,0,7,2,1,3.5,3.5,1
3175,0,0,7,1,0,7.0,7.0,1
3176,1,6,68,8,1,8.5,8.5,0
3179,2,0,12,3,2,4.0,4.0,1
3112,4,0,4,5,4,0.8,0.8,1
3152,2,0,2,3,2,0.666667,0.666667,1
3161,2,0,4,3,2,1.333333,1.333333,1
3172,0,0,8,1,0,8.0,8.0,1
3181,8,0,7,9,8,0.777778,0.777778,1
3183,2,0,6,3,2,2.0,2.0,1
3184,4,0,9,5,4,1.8,1.8,1
3185,6,0,8,7,6,1.142857,1.142857,1
3186,6,0,4,7,6,0.571429,0.571429,1
3187,10,0,3,11,10,0.272727,0.272727,1
3157,7,0,14,8,7,1.75,1.75,1
3169,1,0,8,2,1,4.0,4.0,1
3173,6,0,2,7,6,0.285714,0.285714,1
3182,1,6,63,8,1,7.875,7.875,0
3188,0,3,24,4,0,6.0,6.0,0
3189,5,0,13,6,5,2.166667,2.166667,1
3190,11,0,11,12,11,0.916667,0.916667,1
3191,11,0,13,12,11,1.083333,1.083333,1
3194,5,0,7,6,5,1.166667,1.166667,1
3196,0,0,39,1,0,39.0,39.0,0
3198,3,0,8,4,3,2.0,2.0,1
3158,1,0,10,2,1,5.0,5.0,1
3170,0,0,2,1,0,2.0,2.0,1
3178,3,7,69,11,3,6.272727,6.272727,0
3180,9,0,7,10,9,0.7,0.7,1
3193,1,1,87,3,1,29.0,29.0,0
3197,10,0,5,11,10,0.454545,0.454545,1
3200,3,0,11,4,3,2.75,2.75,1
3201,7,0,9,8,7,1.125,1.125,1
3202,1,3,60,5,1,12.0,12.0,0
3203,10,0,6,11,10,0.545455,0.545455,1
3204,2,0,8,3,2,2.666667,2.666667,1
3205,1,0,9,2,1,4.5,4.5,1
3208,9,0,9,10,9,0.9,0.9,1
3177,7,0,6,8,7,0.75,0.75,1
3199,2,1,79,4,2,19.75,19.75,0
3206,10,0,8,11,10,0.727273,0.727273,1
3209,6,0,3,7,6,0.428571,0.428571,1
3210,2,0,6,3,2,2.0,2.0,1
3211,1,5,58,7,1,8.285714,8.285714,0
3212,0,0,6,1,0,6.0,6.0,1
3214,2,0,6,3,2,2.0,2.0,1
3215,1,0,7,2,1,3.5,3.5,1
3217,1,0,5,2,1,2.5,2.5,1
3220,7,0,15,8,7,1.875,1.875,1
3207,3,0,7,4,3,1.75,1.75,1
3222,3,0,3,4,3,0.75,0.75,1
3223,10,0,1,11,10,0.090909,0.090909,1
3224,8,0,14,9,8,1.555556,1.555556,1
3226,1,4,70,6,1,11.666667,11.666667,0
3227,5,0,10,6,5,1.666667,1.666667,1
3229,2,1,40,4,2,10.0,10.0,0
3230,4,0,11,5,4,2.2,2.2,1
3174,1,0,12,2,1,6.0,6.0,1
3192,5,0,6,6,5,1.0,1.0,1
3195,2,0,1,3,2,0.333333,0.333333,1
3213,7,0,6,8,7,0.75,0.75,1
3219,7,0,8,8,7,1.0,1.0,1
3221,9,0,10,10,9,1.0,1.0,1
3225,3,0,4,4,3,1.0,1.0,1
3228,8,0,6,9,8,0.666667,0.666667,1
3232,10,0,6,11,10,0.545455,0.545455,1
3234,10,0,5,11,10,0.454545,0.454545,1
3235,6,0,9,7,6,1.285714,1.285714,1
3236,3,0,6,4,3,1.5,1.5,1
3237,6,0,12,7,6,1.714286,1.714286,1
3216,0,5,27,6,0,4.5,4.5,0
3218,6,0,11,7,6,1.571429,1.571429,1
3238,4,0,12,5,4,2.4,2.4,1
3240,9,0,7,10,9,0.7,0.7,1
3241,7,0,5,8,7,0.625,0.625,1
3242,0,0,5,1,0,5.0,5.0,1
3243,0,2,57,3,0,19.0,19.0,0
3246,1,0,9,2,1,4.5,4.5,1
3249,3,5,63,9,3,7.0,7.0,0
3250,4,0,8,5,4,1.6,1.6,1
3231,2,6,44,9,2,4.888889,4.888889,0
3247,2,0,6,3,2,2.0,2.0,1
3252,7,0,8,8,7,1.0,1.0,1
3253,2,0,6,3,2,2.0,2.0,1
3255,5,0,2,6,5,0.333333,0.333333,1
3256,0,9,49,10,0,4.9,4.9,0
3258,7,0,11,8,7,1.375,1.375,1
3259,7,0,9,8,7,1.125,1.125,1
3260,6,0,8,7,6,1.142857,1.142857,1
3233,4,0,10,5,4,2.0,2.0,1
3239,2,0,14,3,2,4.666667,4.666667,1
3248,4,0,9,5,4,1.8,1.8,1
3254,1,0,5,2,1,2.5,2.5,1
3261,5,0,8,6,5,1.333333,1.333333,1
3264,6,0,11,7,6,1.571429,1.571429,1
3266,0,1,44,2,0,22.0,22.0,0
3268,3,0,6,4,3,1.5,1.5,1
3269,10,0,2,11,10,0.181818,0.181818,1
3244,8,0,3,9,8,0.333333,0.333333,1
3245,12,0,8,13,12,0.615385,0.615385,1
3251,0,1,45,2,0,22.5,22.5,0
3262,4,0,6,5,4,1.2,1.2,1
3267,4,0,7,5,4,1.4,1.4,1
3271,8,0,3,9,8,0.333333,0.333333,1
3272,7,0,11,8,7,1.375,1.375,1
3273,5,0,10,6,5,1.666667,1.666667,1
3274,6,0,7,7,6,1.0,1.0,1
3275,1,2,55,4,1,13.75,13.75,0
3277,4,0,10,5,4,2.0,2.0,1
3280,1,1,64,3,1,21.333333,21.333333,0
3281,1,5,45,7,1,6.428571,6.428571,0
3282,0,0,6,1,0,6.0,6.0,1
3283,7,0,10,8,7,1.25,1.25,1
3284,9,0,9,10,9,0.9,0.9,1
3285,0,3,27,4,0,6.75,6.75,0
3287,1,4,35,6,1,5.833333,5.833333,0
3289,6,0,12,7,6,1.714286,1.714286,1
3290,12,0,11,13,12,0.846154,0.846154,1
3257,8,0,13,9,8,1.444444,1.444444,1
3263,1,4,58,6,1,9.666667,9.666667,0
3291,6,0,7,7,6,1.0,1.0,1
3292,2,0,7,3,2,2.333333,2.333333,1
3293,2,0,4,3,2,1.333333,1.333333,1
3294,2,0,6,3,2,2.0,2.0,1
3296,8,0,12,9,8,1.333333,1.333333,1
3297,0,6,74,7,0,10.571429,10.571429,0
3298,4,0,9,5,4,1.8,1.8,1
3299,2,6,58,9,2,6.444444,6.444444,0
3300,8,0,11,9,8,1.222222,1.222222,1
3265,6,0,5,7,6,0.714286,0.714286,1
3270,8,0,3,9,8,0.333333,0.333333,1
3279,3,0,14,4,3,3.5,3.5,1
3301,5,0,6,6,5,1.0,1.0,1
3302,5,0,11,6,5,1.833333,1.833333,1
3304,12,0,12,13,12,0.923077,0.923077,1
3306,7,0,4,8,7,0.5,0.5,1
3307,6,0,12,7,6,1.714286,1.714286,1
3309,0,0,5,1,0,5.0,5.0,1
3288,5,0,19,6,5,3.166667,3.166667,1
3295,2,0,5,3,2,1.666667,1.666667,1
3303,0,0,11,1,0,11.0,11.0,1
3308,1,3,71,5,1,14.2,14.2,0
3313,7,0,9,8,7,1.125,1.125,1
3314,4,0,9,5,4,1.8,1.8,1
3315,2,3,34,6,2,5.666667,5.666667,0
3317,4,0,5,5,4,1.0,1.0,1
3318,10,0,12,11,10,1.090909,1.090909,1
3319,0,5,50,6,0,8.333333,8.333333,0
3320,4,0,9,5,4,1.8,1.8,1
3276,5,0,7,6,5,1.166667,1.166667,1
3278,4,0,7,5,4,1.4,1.4,1
3312,10,0,10,11,10,0.909091,0.909091,1
3316,4,0,6,5,4,1.2,1.2,1
3321,3,0,7,4,3,1.75,1.75,1
3322,3,3,70,7,3,10.0,10.0,0
3324,2,0,11,3,2,3.666667,3.666667,1
3326,4,0,14,5,4,2.8,2.8,1
3327,6,0,2,7,6,0.285714,0.285714,1
3329,2,0,13,3,2,4.333333,4.333333,1
3330,10,0,10,11,10,0.909091,0.909091,1
3331,0,1,62,2,0,31.0,31.0,0
3333,5,0,6,6,5,1.0,1.0,1
3334,7,0,12,8,7,1.5,1.5,1
3336,7,0,13,8,7,1.625,1.625,1
3340,9,0,4,10,9,0.4,0.4,1
3305,2,0,2,3,2,0.666667,0.666667,1
3323,1,0,5,2,1,2.5,2.5,1
3328,9,0,4,10,9,0.4,0.4,1
3335,8,0,7,9,8,0.777778,0.777778,1
3341,13,0,8,14,13,0.571429,0.571429,1
3342,15,0,11,16,15,0.6875,0.6875,1
3346,11,0,14,12,11,1.166667,1.166667,1
3348,0,0,5,1,0,5.0,5.0,1
3349,5,0,6,6,5,1.0,1.0,1
3345,6,0,11,7,6,1.571429,1.571429,1
3350,2,0,7,3,2,2.333333,2.333333,1
3352,7,0,10,8,7,1.25,1.25,1
3354,4,0,5,5,4,1.0,1.0,1
3355,4,0,4,5,4,0.8,0.8,1
3356,9,0,8,10,9,0.8,0.8,1
3357,8,0,10,9,8,1.111111,1.111111,1
3358,1,0,4,2,1,2.0,2.0,1
3325,3,0,7,4,3,1.75,1.75,1
3347,3,0,5,4,3,1.25,1.25,1
3359,0,5,76,6,0,12.666667,12.666667,0
3361,0,2,59,3,0,19.666667,19.666667,0
3362,9,0,4,10,9,0.4,0.4,1
3363,6,0,5,7,6,0.714286,0.714286,1
3370,0,2,47,3,0,15.666667,15.666667,0
3286,7,0,10,8,7,1.25,1.25,1
3332,8,0,8,9,8,0.888889,0.888889,1
3367,6,0,3,7,6,0.428571,0.428571,1
3372,5,0,3,6,5,0.5,0.5,1
3373,6,0,7,7,6,1.0,1.0,1
3374,7,0,3,8,7,0.375,0.375,1
3375,4,0,6,5,4,1.2,1.2,1
3376,2,0,9,3,2,3.0,3.0,1
3378,5,0,6,6,5,1.0,1.0,1
3380,8,0,6,9,8,0.666667,0.666667,1
3338,0,4,38,5,0,7.6,7.6,0
3344,8,0,8,9,8,0.888889,0.888889,1
3351,2,0,2,3,2,0.666667,0.666667,1
3353,0,4,49,5,0,9.8,9.8,0
3366,2,0,7,3,2,2.333333,2.333333,1
3382,1,4,29,6,1,4.833333,4.833333,0
3383,5,0,10,6,5,1.666667,1.666667,1
3384,1,0,7,2,1,3.5,3.5,1
3386,2,4,87,7,2,12.428571,12.428571,0
3387,12,0,7,13,12,0.538462,0.538462,1
3389,5,0,6,6,5,1.0,1.0,1
3390,9,0,10,10,9,1.0,1.0,1
3310,12,0,6,13,12,0.461538,0.461538,1
3337,2,2,52,5,2,10.4,10.4,0
3343,6,0,9,7,6,1.285714,1.285714,1
3364,8,0,2,9,8,0.222222,0.222222,1
3365,6,0,8,7,6,1.142857,1.142857,1
3379,0,0,0,1,0,0.0,0.0,1
3381,9,0,16,10,9,1.6,1.6,1
3388,2,0,11,3,2,3.666667,3.666667,1
3392,4,9,76,14,4,5.428571,5.428571,0
3394,6,0,1,7,6,0.142857,0.142857,1
3395,8,0,5,9,8,0.555556,0.555556,1
3396,10,0,5,11,10,0.454545,0.454545,1
3398,4,0,11,5,4,2.2,2.2,1
3399,4,0,5,5,4,1.0,1.0,1
3400,0,7,51,8,0,6.375,6.375,0
3339,0,5,55,6,0,9.166667,9.166667,0
3368,6,0,7,7,6,1.0,1.0,1
3371,1,0,8,2,1,4.0,4.0,1
3377,2,0,2,3,2,0.666667,0.666667,1
3391,3,0,7,4,3,1.75,1.75,1
3393,1,0,7,2,1,3.5,3.5,1
3402,6,0,5,7,6,0.714286,0.714286,1
3404,0,0,27,1,0,27.0,27.0,0
3406,8,0,10,9,8,1.111111,1.111111,1
3408,7,0,4,8,7,0.5,0.5,1
3360,0,0,68,1,0,68.0,68.0,0
3407,1,6,65,8,1,8.125,8.125,0
3409,4,0,6,5,4,1.2,1.2,1
3410,3,0,6,4,3,1.5,1.5,1
3411,2,10,62,13,2,4.769231,4.769231,0
3412,9,0,8,10,9,0.8,0.8,1
3414,7,0,6,8,7,0.75,0.75,1
3416,6,0,4,7,6,0.571429,0.571429,1
3418,11,0,4,12,11,0.333333,0.333333,1
3369,10,0,15,11,10,1.363636,1.363636,1
3397,6,0,9,7,6,1.285714,1.285714,1
3401,1,0,6,2,1,3.0,3.0,1
3419,1,3,13,5,1,2.6,2.6,0
3423,0,3,33,4,0,8.25,8.25,0
3424,5,0,9,6,5,1.5,1.5,1
3425,11,0,8,12,11,0.666667,0.666667,1
3426,8,0,8,9,8,0.888889,0.888889,1
3430,5,0,13,6,5,2.166667,2.166667,1
3311,11,0,14,12,11,1.166667,1.166667,1
3385,5,0,2,6,5,0.333333,0.333333,1
3403,1,6,50,8,1,6.25,6.25,0
3405,3,0,10,4,3,2.5,2.5,1
3421,2,5,54,8,2,6.75,6.75,0
3429,3,0,11,4,3,2.75,2.75,1
3434,2,0,2,3,2,0.666667,0.666667,1
3435,14,0,16,15,14,1.066667,1.066667,1
3436,6,0,12,7,6,1.714286,1.714286,1
3437,3,4,31,8,3,3.875,3.875,0
3439,8,0,11,9,8,1.222222,1.222222,1
3440,0,2,47,3,0,15.666667,15.666667,0
3422,17,0,6,18,17,0.333333,0.333333,1
3427,1,4,47,6,1,7.833333,7.833333,0
3441,2,0,3,3,2,1.0,1.0,1
3442,4,0,7,5,4,1.4,1.4,1
3443,1,3,57,5,1,11.4,11.4,0
3444,6,0,14,7,6,2.0,2.0,1
3445,16,0,6,17,16,0.352941,0.352941,1
3448,1,0,9,2,1,4.5,4.5,1
3449,8,0,7,9,8,0.777778,0.777778,1
3413,14,0,8,15,14,0.533333,0.533333,1
3415,4,0,10,5,4,2.0,2.0,1
3432,6,0,9,7,6,1.285714,1.285714,1
3447,1,2,75,4,1,18.75,18.75,0
3450,1,0,11,2,1,5.5,5.5,1
3451,4,0,5,5,4,1.0,1.0,1
3457,7,0,6,8,7,0.75,0.75,1
3458,10,0,5,11,10,0.454545,0.454545,1
3460,3,0,5,4,3,1.25,1.25,1
3433,0,2,61,3,0,20.333333,20.333333,0
3438,2,0,10,3,2,3.333333,3.333333,1
3446,6,0,4,7,6,0.571429,0.571429,1
3455,4,0,8,5,4,1.6,1.6,1
3456,1,0,7,2,1,3.5,3.5,1
3462,7,0,12,8,7,1.5,1.5,1
3465,3,0,9,4,3,2.25,2.25,1
3469,3,0,7,4,3,1.75,1.75,1
3452,0,0,11,1,0,11.0,11.0,1
3453,1,0,2,2,1,1.0,1.0,1
3459,9,0,9,10,9,0.9,0.9,1
3463,1,5,71,7,1,10.142857,10.142857,0
3470,2,0,7,3,2,2.333333,2.333333,1
3471,2,0,8,3,2,2.666667,2.666667,1
3473,9,0,9,10,9,0.9,0.9,1
3476,1,0,10,2,1,5.0,5.0,1
3477,4,0,7,5,4,1.4,1.4,1
3478,10,0,9,11,10,0.818182,0.818182,1
3480,1,0,8,2,1,4.0,4.0,1
3417,2,0,10,3,2,3.333333,3.333333,1
3420,0,7,61,8,0,7.625,7.625,0
3431,2,0,10,3,2,3.333333,3.333333,1
3468,3,0,9,4,3,2.25,2.25,1
3479,12,0,9,13,12,0.692308,0.692308,1
3484,2,0,3,3,2,1.0,1.0,1
3486,6,0,5,7,6,0.714286,0.714286,1
3487,4,0,7,5,4,1.4,1.4,1
3489,1,7,68,9,1,7.555556,7.555556,0
3490,0,0,9,1,0,9.0,9.0,1
3454,0,2,64,3,0,21.333333,21.333333,0
3464,3,0,6,4,3,1.5,1.5,1
3488,5,0,6,6,5,1.0,1.0,1
3493,2,0,11,3,2,3.666667,3.666667,1
3495,1,0,5,2,1,2.5,2.5,1
3496,2,0,15,3,2,5.0,5.0,1
3497,2,2,52,5,2,10.4,10.4,0
3498,0,0,6,1,0,6.0,6.0,1
3499,0,0,6,1,0,6.0,6.0,1
3461,3,0,8,4,3,2.0,2.0,1
3483,5,0,4,6,5,0.666667,0.666667,1
3485,4,0,6,5,4,1.2,1.2,1
3491,6,0,9,7,6,1.285714,1.285714,1
3503,1,0,69,2,1,34.5,34.5,0
3504,6,0,8,7,6,1.142857,1.142857,1
3507,1,0,13,2,1,6.5,6.5,1
3508,3,0,2,4,3,0.5,0.5,1
3509,6,0,1,7,6,0.142857,0.142857,1
3510,6,0,4,7,6,0.571429,0.571429,1
3428,0,0,9,1,0,9.0,9.0,1
3467,12,0,5,13,12,0.384615,0.384615,1
3481,5,0,7,6,5,1.166667,1.166667,1
3492,9,0,7,10,9,0.7,0.7,1
3506,2,0,8,3,2,2.666667,2.666667,1
3511,8,0,14,9,8,1.555556,1.555556,1
3514,6,0,3,7,6,0.428571,0.428571,1
3519,2,0,9,3,2,3.0,3.0,1
3520,0,2,64,3,0,21.333333,21.333333,0
3482,5,0,10,6,5,1.666667,1.666667,1
3494,11,0,6,12,11,0.5,0.5,1
3500,5,0,7,6,5,1.166667,1.166667,1
3517,6,0,12,7,6,1.714286,1.714286,1
3523,4,0,7,5,4,1.4,1.4,1
3524,5,0,8,6,5,1.333333,1.333333,1
3530,2,0,5,3,2,1.666667,1.666667,1
3474,0,0,3,1,0,3.0,3.0,1
3475,0,5,69,6,0,11.5,11.5,0
3513,2,0,12,3,2,4.0,4.0,1
3516,6,0,6,7,6,0.857143,0.857143,1
3522,12,0,9,13,12,0.692308,0.692308,1
3531,7,0,3,8,7,0.375,0.375,1
3533,1,0,17,2,1,8.5,8.5,1
3536,6,0,14,7,6,2.0,2.0,1
3537,2,0,8,3,2,2.666667,2.666667,1
3540,5,0,11,6,5,1.833333,1.833333,1
3472,13,0,7,14,13,0.5,0.5,1
3502,2,0,7,3,2,2.333333,2.333333,1
3521,4,0,3,5,4,0.6,0.6,1
3528,2,0,21,3,2,7.0,7.0,1
3534,1,0,8,2,1,4.0,4.0,1
3539,2,0,9,3,2,3.0,3.0,1
3543,1,1,50,3,1,16.666667,16.666667,0
3544,3,0,8,4,3,2.0,2.0,1
3548,9,0,8,10,9,0.8,0.8,1
3549,0,0,53,1,0,53.0,53.0,0
3550,0,4,50,5,0,10.0,10.0,0
3526,1,0,2,2,1,1.0,1.0,1
3529,0,0,9,1,0,9.0,9.0,1
3532,2,2,66,5,2,13.2,13.2,0
3535,1,0,2,2,1,1.0,1.0,1
3545,2,0,10,3,2,3.333333,3.333333,1
3547,9,0,6,10,9,0.6,0.6,1
3551,8,0,8,9,8,0.888889,0.888889,1
3552,4,0,9,5,4,1.8,1.8,1
3553,11,0,5,12,11,0.416667,0.416667,1
3554,3,0,6,4,3,1.5,1.5,1
3555,3,0,9,4,3,2.25,2.25,1
3558,3,0,8,4,3,2.0,2.0,1
3559,2,0,5,3,2,1.666667,1.666667,1
3560,4,0,10,5,4,2.0,2.0,1
3515,1,0,8,2,1,4.0,4.0,1
3541,9,0,5,10,9,0.5,0.5,1
3542,1,0,1,2,1,0.5,0.5,1
3562,4,0,0,5,4,0.0,0.0,1
3564,9,0,3,10,9,0.3,0.3,1
3565,4,0,5,5,4,1.0,1.0,1
3567,0,6,72,7,0,10.285714,10.285714,0
3568,0,0,6,1,0,6.0,6.0,1
3569,6,0,4,7,6,0.571429,0.571429,1
3570,0,5,59,6,0,9.833333,9.833333,0
3505,4,0,6,5,4,1.2,1.2,1
3525,4,0,3,5,4,0.6,0.6,1
3527,2,0,10,3,2,3.333333,3.333333,1
3561,2,0,3,3,2,1.0,1.0,1
3566,5,0,4,6,5,0.666667,0.666667,1
3571,5,0,3,6,5,0.5,0.5,1
3572,0,0,6,1,0,6.0,6.0,1
3574,7,0,10,8,7,1.25,1.25,1
3578,6,0,9,7,6,1.285714,1.285714,1
3546,2,0,11,3,2,3.666667,3.666667,1
3563,4,0,11,5,4,2.2,2.2,1
3577,3,0,7,4,3,1.75,1.75,1
3579,3,0,8,4,3,2.0,2.0,1
3581,0,0,4,1,0,4.0,4.0,1
3582,5,0,7,6,5,1.166667,1.166667,1
3583,3,5,26,9,3,2.888889,2.888889,0
3584,3,0,6,4,3,1.5,1.5,1
3586,0,8,41,9,0,4.555556,4.555556,0
3587,3,0,3,4,3,0.75,0.75,1
3588,4,0,8,5,4,1.6,1.6,1
3589,5,0,4,6,5,0.666667,0.666667,1
3590,3,0,9,4,3,2.25,2.25,1
3573,1,1,53,3,1,17.666667,17.666667,0
3575,6,0,6,7,6,0.857143,0.857143,1
3580,5,0,9,6,5,1.5,1.5,1
3585,3,0,9,4,3,2.25,2.25,1
3591,8,0,14,9,8,1.555556,1.555556,1
3592,1,0,41,2,1,20.5,20.5,0
3593,2,0,7,3,2,2.333333,2.333333,1
3594,1,1,48,3,1,16.0,16.0,0
3595,8,0,8,9,8,0.888889,0.888889,1
3596,4,0,1,5,4,0.2,0.2,1
3598,3,0,6,4,3,1.5,1.5,1
3599,4,0,3,5,4,0.6,0.6,1
3600,1,2,50,4,1,12.5,12.5,0
3466,3,0,6,4,3,1.5,1.5,1
3501,4,0,10,5,4,2.0,2.0,1
3518,4,0,3,5,4,0.6,0.6,1
3538,0,0,18,1,0,18.0,18.0,1
3602,0,0,59,1,0,59.0,59.0,0
3603,2,1,65,4,2,16.25,16.25,0
3608,2,0,10,3,2,3.333333,3.333333,1
3604,5,0,7,6,5,1.166667,1.166667,1
3607,5,0,3,6,5,0.5,0.5,1
3611,3,0,6,4,3,1.5,1.5,1
3613,0,1,48,2,0,24.0,24.0,0
3614,6,0,7,7,6,1.0,1.0,1
3618,0,3,78,4,0,19.5,19.5,0
3619,0,0,11,1,0,11.0,11.0,1
3576,0,0,5,1,0,5.0,5.0,1
3601,13,0,4,14,13,0.285714,0.285714,1
3622,2,0,4,3,2,1.333333,1.333333,1
3624,3,0,11,4,3,2.75,2.75,1
3625,5,0,5,6,5,0.833333,0.833333,1
3626,2,0,11,3,2,3.666667,3.666667,1
3630,0,6,47,7,0,6.714286,6.714286,0
3512,5,0,11,6,5,1.833333,1.833333,1
3556,1,5,57,7,1,8.142857,8.142857,0
3610,0,0,9,1,0,9.0,9.0,1
3617,0,0,9,1,0,9.0,9.0,1
3620,1,0,8,2,1,4.0,4.0,1
3631,0,3,69,4,0,17.25,17.25,0
3632,2,0,4,3,2,1.333333,1.333333,1
3633,0,1,62,2,0,31.0,31.0,0
3635,2,0,23,3,2,7.666667,7.666667,0
3636,8,0,8,9,8,0.888889,0.888889,1
3637,4,0,5,5,4,1.0,1.0,1
3640,0,0,0,1,0,0.0,0.0,1
3605,6,0,5,7,6,0.714286,0.714286,1
3612,1,5,46,7,1,6.571429,6.571429,0
3628,0,0,6,1,0,6.0,6.0,1
3641,3,0,6,4,3,1.5,1.5,1
3642,3,0,12,4,3,3.0,3.0,1
3643,5,0,9,6,5,1.5,1.5,1
3644,2,0,16,3,2,5.333333,5.333333,1
3646,0,2,49,3,0,16.333333,16.333333,0
3557,1,2,57,4,1,14.25,14.25,0
3597,4,0,9,5,4,1.8,1.8,1
3606,1,0,5,2,1,2.5,2.5,1
3627,2,0,11,3,2,3.666667,3.666667,1
3629,0,0,7,1,0,7.0,7.0,1
3639,7,0,5,8,7,0.625,0.625,1
3648,9,0,8,10,9,0.8,0.8,1
3651,5,0,7,6,5,1.166667,1.166667,1
3652,5,0,8,6,5,1.333333,1.333333,1
3657,5,0,10,6,5,1.666667,1.666667,1
3658,0,0,82,1,0,82.0,82.0,0
3659,5,0,8,6,5,1.333333,1.333333,1
3660,0,0,7,1,0,7.0,7.0,1
3616,3,0,2,4,3,0.5,0.5,1
3634,1,8,63,10,1,6.3,6.3,0
3647,5,0,0,6,5,0.0,0.0,1
3650,9,0,6,10,9,0.6,0.6,1
3655,3,0,3,4,3,0.75,0.75,1
3663,8,0,8,9,8,0.888889,0.888889,1
3664,4,0,6,5,4,1.2,1.2,1
3668,5,0,5,6,5,0.833333,0.833333,1
3669,0,0,56,1,0,56.0,56.0,0
3670,3,0,5,4,3,1.25,1.25,1
3649,3,0,12,4,3,3.0,3.0,1
3654,1,0,3,2,1,1.5,1.5,1
3656,0,0,10,1,0,10.0,10.0,1
3662,2,0,7,3,2,2.333333,2.333333,1
3667,3,0,9,4,3,2.25,2.25,1
3671,6,0,7,7,6,1.0,1.0,1
3677,3,0,4,4,3,1.0,1.0,1
3678,0,12,71,13,0,5.461538,5.461538,0
3621,7,0,4,8,7,0.5,0.5,1
3645,0,0,5,1,0,5.0,5.0,1
3653,7,0,9,8,7,1.125,1.125,1
3666,5,0,5,6,5,0.833333,0.833333,1
3673,8,0,7,9,8,0.777778,0.777778,1
3679,4,0,7,5,4,1.4,1.4,1
3682,5,0,9,6,5,1.5,1.5,1
3684,3,0,6,4,3,1.5,1.5,1
3685,1,0,5,2,1,2.5,2.5,1
3686,9,0,9,10,9,0.9,0.9,1
3687,1,1,62,3,1,20.666667,20.666667,0
3688,5,0,4,6,5,0.666667,0.666667,1
3623,1,0,37,2,1,18.5,18.5,0
3676,5,0,10,6,5,1.666667,1.666667,1
3683,0,1,59,2,0,29.5,29.5,0
3689,4,0,5,5,4,1.0,1.0,1
3692,4,0,5,5,4,1.0,1.0,1
3695,0,7,53,8,0,6.625,6.625,0
3696,1,0,5,2,1,2.5,2.5,1
3697,2,6,36,9,2,4.0,4.0,0
3698,1,0,4,2,1,2.0,2.0,1
3700,0,0,3,1,0,3.0,3.0,1
3665,5,0,11,6,5,1.833333,1.833333,1
3674,0,2,73,3,0,24.333333,24.333333,0
3675,1,2,59,4,1,14.75,14.75,0
3680,2,0,12,3,2,4.0,4.0,1
3701,3,0,3,4,3,0.75,0.75,1
3703,1,1,70,3,1,23.333333,23.333333,0
3704,0,0,7,1,0,7.0,7.0,1
3705,3,0,10,4,3,2.5,2.5,1
3706,0,0,46,1,0,46.0,46.0,0
3707,5,0,9,6,5,1.5,1.5,1
3709,0,0,11,1,0,11.0,11.0,1
3710,4,0,9,5,4,1.8,1.8,1
3638,0,5,53,6,0,8.833333,8.833333,0
3661,3,0,9,4,3,2.25,2.25,1
3672,2,0,5,3,2,1.666667,1.666667,1
3694,6,0,4,7,6,0.571429,0.571429,1
3699,1,0,3,2,1,1.5,1.5,1
3702,11,0,16,12,11,1.333333,1.333333,1
3708,3,0,13,4,3,3.25,3.25,1
3711,10,0,13,11,10,1.181818,1.181818,1
3712,1,0,6,2,1,3.0,3.0,1
3715,1,0,5,2,1,2.5,2.5,1
3716,2,0,4,3,2,1.333333,1.333333,1
3718,14,0,9,15,14,0.6,0.6,1
3719,0,0,30,1,0,30.0,30.0,0
3720,0,6,66,7,0,9.428571,9.428571,0
3717,2,0,3,3,2,1.0,1.0,1
3721,2,0,6,3,2,2.0,2.0,1
3723,3,0,7,4,3,1.75,1.75,1
3724,4,0,7,5,4,1.4,1.4,1
3725,6,0,5,7,6,0.714286,0.714286,1
3727,0,0,6,1,0,6.0,6.0,1
3728,2,0,5,3,2,1.666667,1.666667,1
3730,3,6,72,10,3,7.2,7.2,0
3609,0,2,64,3,0,21.333333,21.333333,0
3693,0,2,78,3,0,26.0,26.0,0
3714,0,0,3,1,0,3.0,3.0,1
3726,9,0,2,10,9,0.2,0.2,1
3731,2,0,6,3,2,2.0,2.0,1
3732,0,0,52,1,0,52.0,52.0,0
3733,0,9,59,10,0,5.9,5.9,0
3738,7,0,3,8,7,0.375,0.375,1
3739,2,0,9,3,2,3.0,3.0,1
3740,0,0,6,1,0,6.0,6.0,1
3681,3,0,6,4,3,1.5,1.5,1
3690,4,0,12,5,4,2.4,2.4,1
3737,5,0,6,6,5,1.0,1.0,1
3741,1,0,5,2,1,2.5,2.5,1
3742,4,0,9,5,4,1.8,1.8,1
3744,0,0,5,1,0,5.0,5.0,1
3746,5,0,4,6,5,0.666667,0.666667,1
3747,1,0,7,2,1,3.5,3.5,1
3748,4,0,9,5,4,1.8,1.8,1
3749,3,3,69,7,3,9.857143,9.857143,0
3750,0,2,27,3,0,9.0,9.0,0
3691,6,0,4,7,6,0.571429,0.571429,1
3722,1,1,64,3,1,21.333333,21.333333,0
3751,0,0,8,1,0,8.0,8.0,1
3752,1,2,73,4,1,18.25,18.25,0
3753,1,0,10,2,1,5.0,5.0,1
3757,2,0,8,3,2,2.666667,2.666667,1
3758,7,0,4,8,7,0.5,0.5,1
3759,0,0,5,1,0,5.0,5.0,1
3615,0,6,50,7,0,7.142857,7.142857,0
3735,0,0,4,1,0,4.0,4.0,1
3755,1,0,5,2,1,2.5,2.5,1
3760,2,0,3,3,2,1.0,1.0,1
3762,6,0,2,7,6,0.285714,0.285714,1
3765,2,0,7,3,2,2.333333,2.333333,1
3766,0,0,71,1,0,71.0,71.0,0
3767,3,0,8,4,3,2.0,2.0,1
3763,6,0,11,7,6,1.571429,1.571429,1
3774,1,5,55,7,1,7.857143,7.857143,0
3777,0,0,1,1,0,1.0,1.0,1
3778,0,0,7,1,0,7.0,7.0,1
3780,3,0,3,4,3,0.75,0.75,1
3729,7,0,7,8,7,0.875,0.875,1
3773,0,7,55,8,0,6.875,6.875,0
3779,5,0,9,6,5,1.5,1.5,1
3781,0,0,4,1,0,4.0,4.0,1
3783,0,0,7,1,0,7.0,7.0,1
3786,4,0,7,5,4,1.4,1.4,1
3787,3,0,4,4,3,1.0,1.0,1
3790,1,0,7,2,1,3.5,3.5,1
3745,5,0,4,6,5,0.666667,0.666667,1
3754,0,0,5,1,0,5.0,5.0,1
3764,1,4,88,6,1,14.666667,14.666667,0
3770,8,0,7,9,8,0.777778,0.777778,1
3772,3,0,5,4,3,1.25,1.25,1
3776,1,0,0,2,1,0.0,0.0,1
3784,2,0,7,3,2,2.333333,2.333333,1
3791,0,0,6,1,0,6.0,6.0,1
3794,1,5,41,7,1,5.857143,5.857143,0
3796,6,0,3,7,6,0.428571,0.428571,1
3799,0,0,12,1,0,12.0,12.0,1
3800,0,0,67,1,0,67.0,67.0,0
3743,5,0,8,6,5,1.333333,1.333333,1
3756,7,0,3,8,7,0.375,0.375,1
3761,6,0,3,7,6,0.428571,0.428571,1
3771,0,0,6,1,0,6.0,6.0,1
3782,4,0,5,5,4,1.0,1.0,1
3789,4,0,5,5,4,1.0,1.0,1
3795,2,0,3,3,2,1.0,1.0,1
3803,0,0,5,1,0,5.0,5.0,1
3805,9,0,3,10,9,0.3,0.3,1
3806,4,0,7,5,4,1.4,1.4,1
3808,1,6,61,8,1,7.625,7.625,0
3810,0,0,67,1,0,67.0,67.0,0
3734,1,1,53,3,1,17.666667,17.666667,0
3769,5,0,4,6,5,0.666667,0.666667,1
3801,2,0,9,3,2,3.0,3.0,1
3811,1,0,3,2,1,1.5,1.5,1
3812,3,0,8,4,3,2.0,2.0,1
3815,2,0,6,3,2,2.0,2.0,1
3816,1,0,9,2,1,4.5,4.5,1
3818,1,0,7,2,1,3.5,3.5,1
3820,2,0,3,3,2,1.0,1.0,1
3788,2,0,1,3,2,0.333333,0.333333,1
3793,8,0,7,9,8,0.777778,0.777778,1
3802,1,1,64,3,1,21.333333,21.333333,0
3804,2,0,8,3,2,2.666667,2.666667,1
3809,3,0,8,4,3,2.0,2.0,1
3813,7,0,8,8,7,1.0,1.0,1
3822,2,0,9,3,2,3.0,3.0,1
3824,5,0,7,6,5,1.166667,1.166667,1
3825,0,5,50,6,0,8.333333,8.333333,0
3828,0,7,39,8,0,4.875,4.875,0
3829,2,0,9,3,2,3.0,3.0,1
3830,5,0,6,6,5,1.0,1.0,1
3713,5,0,13,6,5,2.166667,2.166667,1
3736,0,0,9,1,0,9.0,9.0,1
3768,7,0,9,8,7,1.125,1.125,1
3775,1,3,55,5,1,11.0,11.0,0
3792,4,0,8,5,4,1.6,1.6,1
3797,1,3,65,5,1,13.0,13.0,0
3807,3,0,7,4,3,1.75,1.75,1
3814,1,0,6,2,1,3.0,3.0,1
3827,0,0,6,1,0,6.0,6.0,1
3831,3,0,4,4,3,1.0,1.0,1
3836,1,5,51,7,1,7.285714,7.285714,0
3837,3,0,4,4,3,1.0,1.0,1
3840,1,5,54,7,1,7.714286,7.714286,0
3785,4,0,11,5,4,2.2,2.2,1
3817,7,0,8,8,7,1.0,1.0,1
3834,0,0,14,1,0,14.0,14.0,1
3838,3,4,63,8,3,7.875,7.875,0
3842,3,0,2,4,3,0.5,0.5,1
3844,6,0,4,7,6,0.571429,0.571429,1
3845,2,5,32,8,2,4.0,4.0,0
3846,5,0,7,6,5,1.166667,1.166667,1
3848,7,0,8,8,7,1.0,1.0,1
3850,5,0,7,6,5,1.166667,1.166667,1
3798,0,5,56,6,0,9.333333,9.333333,0
3821,0,3,25,4,0,6.25,6.25,0
3847,9,0,9,10,9,0.9,0.9,1
3851,0,3,53,4,0,13.25,13.25,0
3852,7,0,7,8,7,0.875,0.875,1
3856,0,0,9,1,0,9.0,9.0,1
3857,1,1,43,3,1,14.333333,14.333333,0
3858,4,0,8,5,4,1.6,1.6,1
3860,1,2,53,4,1,13.25,13.25,0
3826,0,0,4,1,0,4.0,4.0,1
3835,0,0,9,1,0,9.0,9.0,1
3849,0,2,63,3,0,21.0,21.0,0
3861,7,0,6,8,7,0.75,0.75,1
3862,10,0,8,11,10,0.727273,0.727273,1
3863,3,0,10,4,3,2.5,2.5,1
3864,0,0,48,1,0,48.0,48.0,0
3865,4,0,8,5,4,1.6,1.6,1
3832,2,0,4,3,2,1.333333,1.333333,1
3843,0,0,11,1,0,11.0,11.0,1
3855,3,0,7,4,3,1.75,1.75,1
3859,4,0,5,5,4,1.0,1.0,1
3867,9,0,9,10,9,0.9,0.9,1
3872,9,0,9,10,9,0.9,0.9,1
3874,3,0,8,4,3,2.0,2.0,1
3876,9,0,4,10,9,0.4,0.4,1
3877,3,0,4,4,3,1.0,1.0,1
3839,9,0,8,10,9,0.8,0.8,1
3853,7,0,9,8,7,1.125,1.125,1
3854,0,0,8,1,0,8.0,8.0,1
3868,0,0,3,1,0,3.0,3.0,1
3871,0,0,12,1,0,12.0,12.0,1
3881,2,3,57,6,2,9.5,9.5,0
3882,9,0,14,10,9,1.4,1.4,1
3886,11,0,2,12,11,0.166667,0.166667,1
3889,3,0,6,4,3,1.5,1.5,1
3833,8,0,5,9,8,0.555556,0.555556,1
3873,0,0,24,1,0,24.0,24.0,0
3884,0,0,12,1,0,12.0,12.0,1
3892,3,0,3,4,3,0.75,0.75,1
3893,2,0,2,3,2,0.666667,0.666667,1
3894,2,0,5,3,2,1.666667,1.666667,1
3895,3,0,4,4,3,1.0,1.0,1
3896,4,0,13,5,4,2.6,2.6,1
3866,1,2,35,4,1,8.75,8.75,0
3870,6,0,7,7,6,1.0,1.0,1
3887,6,0,5,7,6,0.714286,0.714286,1
3888,5,0,9,6,5,1.5,1.5,1
3890,1,0,10,2,1,5.0,5.0,1
3902,6,0,10,7,6,1.428571,1.428571,1
3904,10,0,8,11,10,0.727273,0.727273,1
3905,5,0,7,6,5,1.166667,1.166667,1
3907,2,0,6,3,2,2.0,2.0,1
3841,6,0,5,7,6,0.714286,0.714286,1
3883,0,0,3,1,0,3.0,3.0,1
3885,15,0,4,16,15,0.25,0.25,1
3891,2,0,10,3,2,3.333333,3.333333,1
3897,6,0,5,7,6,0.714286,0.714286,1
3903,12,0,10,13,12,0.769231,0.769231,1
3908,7,0,6,8,7,0.75,0.75,1
3909,6,0,6,7,6,0.857143,0.857143,1
3911,1,0,11,2,1,5.5,5.5,1
3912,1,0,8,2,1,4.0,4.0,1
3913,3,0,4,4,3,1.0,1.0,1
3914,0,3,60,4,0,15.0,15.0,0
3915,0,2,42,3,0,14.0,14.0,0
3917,0,0,61,1,0,61.0,61.0,0
3918,1,3,58,5,1,11.6,11.6,0
3920,2,0,3,3,2,1.0,1.0,1
3878,2,0,8,3,2,2.666667,2.666667,1
3880,2,0,5,3,2,1.666667,1.666667,1
3899,2,0,6,3,2,2.0,2.0,1
3921,0,0,9,1,0,9.0,9.0,1
3922,2,0,7,3,2,2.333333,2.333333,1
3926,6,0,6,7,6,0.857143,0.857143,1
3898,12,0,10,13,12,0.769231,0.769231,1
3900,2,0,2,3,2,0.666667,0.666667,1
3906,5,0,5,6,5,0.833333,0.833333,1
3919,6,0,6,7,6,0.857143,0.857143,1
3925,1,0,9,2,1,4.5,4.5,1
3929,2,5,53,8,2,6.625,6.625,0
3931,3,0,8,4,3,2.0,2.0,1
3932,0,0,6,1,0,6.0,6.0,1
3933,5,0,4,6,5,0.666667,0.666667,1
3935,4,0,11,5,4,2.2,2.2,1
3936,1,0,6,2,1,3.0,3.0,1
3937,0,2,29,3,0,9.666667,9.666667,0
3938,0,0,9,1,0,9.0,9.0,1
3939,11,0,5,12,11,0.416667,0.416667,1
3940,6,0,8,7,6,1.142857,1.142857,1
3819,0,0,5,1,0,5.0,5.0,1
3823,1,0,5,2,1,2.5,2.5,1
3869,8,0,10,9,8,1.111111,1.111111,1
3875,2,0,5,3,2,1.666667,1.666667,1
3901,12,0,5,13,12,0.384615,0.384615,1
3923,1,0,6,2,1,3.0,3.0,1
3928,6,0,7,7,6,1.0,1.0,1
3934,4,0,5,5,4,1.0,1.0,1
3943,0,1,62,2,0,31.0,31.0,0
3947,0,3,39,4,0,9.75,9.75,0
3948,2,0,12,3,2,4.0,4.0,1
3949,7,0,9,8,7,1.125,1.125,1
3910,5,0,5,6,5,0.833333,0.833333,1
3930,8,0,4,9,8,0.444444,0.444444,1
3951,1,1,63,3,1,21.0,21.0,0
3952,0,0,5,1,0,5.0,5.0,1
3954,1,0,2,2,1,1.0,1.0,1
3955,0,0,0,1,0,0.0,0.0,1
3957,2,1,55,4,2,13.75,13.75,0
3958,2,0,2,3,2,0.666667,0.666667,1
3960,0,0,8,1,0,8.0,8.0,1
3927,7,0,4,8,7,0.5,0.5,1
3942,2,0,10,3,2,3.333333,3.333333,1
3944,0,4,66,5,0,13.2,13.2,0
3953,4,0,6,5,4,1.2,1.2,1
3956,3,0,4,4,3,1.0,1.0,1
3961,1,1,50,3,1,16.666667,16.666667,0
3962,0,5,66,6,0,11.0,11.0,0
3963,5,0,4,6,5,0.666667,0.666667,1
3965,3,0,5,4,3,1.25,1.25,1
3967,2,0,6,3,2,2.0,2.0,1
3916,3,0,10,4,3,2.5,2.5,1
3966,0,0,4,1,0,4.0,4.0,1
3971,0,0,4,1,0,4.0,4.0,1
3975,1,7,48,9,1,5.333333,5.333333,0
3977,2,0,10,3,2,3.333333,3.333333,1
3979,2,0,12,3,2,4.0,4.0,1
3980,6,0,4,7,6,0.571429,0.571429,1
3879,6,0,10,7,6,1.428571,1.428571,1
3941,8,0,11,9,8,1.222222,1.222222,1
3945,0,0,7,1,0,7.0,7.0,1
3983,3,0,3,4,3,0.75,0.75,1
3984,0,1,60,2,0,30.0,30.0,0
3986,1,1,29,3,1,9.666667,9.666667,0
3987,5,0,3,6,5,0.5,0.5,1
3989,4,0,2,5,4,0.4,0.4,1
3990,8,0,2,9,8,0.222222,0.222222,1
3924,11,0,7,12,11,0.583333,0.583333,1
3946,1,0,5,2,1,2.5,2.5,1
3964,2,4,20,7,2,2.857143,2.857143,0
3968,3,0,8,4,3,2.0,2.0,1
3970,5,0,10,6,5,1.666667,1.666667,1
3972,5,0,8,6,5,1.333333,1.333333,1
3981,2,0,10,3,2,3.333333,3.333333,1
3985,9,0,16,10,9,1.6,1.6,1
3991,0,0,12,1,0,12.0,12.0,1
3995,6,0,9,7,6,1.285714,1.285714,1
3996,3,3,60,7,3,8.571429,8.571429,0
3998,4,2,65,7,4,9.285714,9.285714,0
3950,8,0,13,9,8,1.444444,1.444444,1
3976,4,0,6,5,4,1.2,1.2,1
3988,12,0,4,13,12,0.307692,0.307692,1
3992,6,0,10,7,6,1.428571,1.428571,1
3993,0,0,0,1,0,0.0,0.0,1
3997,1,0,9,2,1,4.5,4.5,1
4001,1,0,3,2,1,1.5,1.5,1
4002,1,0,5,2,1,2.5,2.5,1
4003,0,0,7,1,0,7.0,7.0,1
4004,3,0,3,4,3,0.75,0.75,1
4005,3,0,5,4,3,1.25,1.25,1
4006,9,0,5,10,9,0.5,0.5,1
4007,0,0,42,1,0,42.0,42.0,0
4008,3,0,8,4,3,2.0,2.0,1
4009,1,3,37,5,1,7.4,7.4,0
4010,1,8,65,10,1,6.5,6.5,0
3974,4,0,5,5,4,1.0,1.0,1
4012,4,0,4,5,4,0.8,0.8,1
4013,4,0,5,5,4,1.0,1.0,1
4014,2,0,2,3,2,0.666667,0.666667,1
4015,4,0,5,5,4,1.0,1.0,1
4016,2,0,4,3,2,1.333333,1.333333,1
4017,3,0,7,4,3,1.75,1.75,1
4019,0,0,8,1,0,8.0,8.0,1
3973,2,0,9,3,2,3.0,3.0,1
3999,5,0,11,6,5,1.833333,1.833333,1
4000,6,0,3,7,6,0.428571,0.428571,1
4024,9,0,11,10,9,1.1,1.1,1
4026,2,0,11,3,2,3.666667,3.666667,1
4028,8,0,12,9,8,1.333333,1.333333,1
4029,3,0,4,4,3,1.0,1.0,1
3978,7,0,7,8,7,0.875,0.875,1
3994,3,0,3,4,3,0.75,0.75,1
4018,7,0,5,8,7,0.625,0.625,1
4025,4,0,3,5,4,0.6,0.6,1
4031,0,0,65,1,0,65.0,65.0,0
4033,0,4,62,5,0,12.4,12.4,0
4034,2,2,37,5,2,7.4,7.4,0
4035,1,6,59,8,1,7.375,7.375,0
4038,3,0,11,4,3,2.75,2.75,1
4039,2,0,4,3,2,1.333333,1.333333,1
4040,3,0,2,4,3,0.5,0.5,1
3959,5,0,7,6,5,1.166667,1.166667,1
3969,5,0,7,6,5,1.166667,1.166667,1
4011,9,0,4,10,9,0.4,0.4,1
4023,8,0,3,9,8,0.333333,0.333333,1
4027,3,0,4,4,3,1.0,1.0,1
4041,1,3,67,5,1,13.4,13.4,0
4042,5,0,14,6,5,2.333333,2.333333,1
4043,8,0,9,9,8,1.0,1.0,1
4045,3,0,5,4,3,1.25,1.25,1
4021,4,0,6,5,4,1.2,1.2,1
4030,2,0,5,3,2,1.666667,1.666667,1
4036,2,0,5,3,2,1.666667,1.666667,1
4037,6,0,8,7,6,1.142857,1.142857,1
4046,0,6,53,7,0,7.571429,7.571429,0
4048,4,0,4,5,4,0.8,0.8,1
4051,3,0,5,4,3,1.25,1.25,1
4053,6,0,7,7,6,1.0,1.0,1
4055,0,7,70,8,0,8.75,8.75,0
4056,1,0,10,2,1,5.0,5.0,1
4057,5,0,3,6,5,0.5,0.5,1
4060,2,0,11,3,2,3.666667,3.666667,1
4049,3,0,8,4,3,2.0,2.0,1
4050,2,0,7,3,2,2.333333,2.333333,1
4061,10,0,16,11,10,1.454545,1.454545,1
4064,0,0,11,1,0,11.0,11.0,1
4065,0,0,26,1,0,26.0,26.0,0
4066,6,0,6,7,6,0.857143,0.857143,1
4067,3,0,9,4,3,2.25,2.25,1
4068,8,0,10,9,8,1.111111,1.111111,1
4069,10,0,10,11,10,0.909091,0.909091,1
4070,0,1,58,2,0,29.0,29.0,0
4052,2,0,6,3,2,2.0,2.0,1
4059,1,3,44,5,1,8.8,8.8,0
4062,6,0,7,7,6,1.0,1.0,1
4063,9,0,3,10,9,0.3,0.3,1
4071,4,0,3,5,4,0.6,0.6,1
4073,5,0,9,6,5,1.5,1.5,1
4078,3,0,2,4,3,0.5,0.5,1
4079,3,0,9,4,3,2.25,2.25,1
4058,11,0,7,12,11,0.583333,0.583333,1
4074,6,0,6,7,6,0.857143,0.857143,1
4081,5,0,7,6,5,1.166667,1.166667,1
4083,1,0,6,2,1,3.0,3.0,1
4084,8,0,5,9,8,0.555556,0.555556,1
4085,8,0,6,9,8,0.666667,0.666667,1
4086,5,0,7,6,5,1.166667,1.166667,1
4090,5,5,58,11,5,5.272727,5.272727,0
3982,2,0,4,3,2,1.333333,1.333333,1
4032,0,5,66,6,0,11.0,11.0,0
4077,3,0,6,4,3,1.5,1.5,1
4092,4,0,13,5,4,2.6,2.6,1
4094,9,0,8,10,9,0.8,0.8,1
4097,6,0,10,7,6,1.428571,1.428571,1
4098,2,2,52,5,2,10.4,10.4,0
4099,4,0,8,5,4,1.6,1.6,1
4100,5,0,8,6,5,1.333333,1.333333,1
4020,0,0,51,1,0,51.0,51.0,0
4075,2,0,8,3,2,2.666667,2.666667,1
4091,0,0,1,1,0,1.0,1.0,1
4095,2,8,43,11,2,3.909091,3.909091,0
4102,1,5,67,7,1,9.571429,9.571429,0
4103,0,0,9,1,0,9.0,9.0,1
4106,1,0,7,2,1,3.5,3.5,1
4108,0,0,6,1,0,6.0,6.0,1
4110,1,0,3,2,1,1.5,1.5,1
4044,1,0,4,2,1,2.0,2.0,1
4072,0,0,1,1,0,1.0,1.0,1
4093,1,3,29,5,1,5.8,5.8,0
4107,5,0,8,6,5,1.333333,1.333333,1
4109,1,3,69,5,1,13.8,13.8,0
4112,4,0,4,5,4,0.8,0.8,1
4116,0,5,66,6,0,11.0,11.0,0
4118,7,0,9,8,7,1.125,1.125,1
4082,0,0,4,1,0,4.0,4.0,1
4101,7,0,4,8,7,0.5,0.5,1
4111,1,0,2,2,1,1.0,1.0,1
4119,8,0,5,9,8,0.555556,0.555556,1
4121,0,2,29,3,0,9.666667,9.666667,0
4122,0,0,62,1,0,62.0,62.0,0
4123,0,0,5,1,0,5.0,5.0,1
4124,2,0,3,3,2,1.0,1.0,1
4126,2,0,8,3,2,2.666667,2.666667,1
4127,0,0,39,1,0,39.0,39.0,0
4128,3,0,9,4,3,2.25,2.25,1
4129,3,0,8,4,3,2.0,2.0,1
4130,0,0,6,1,0,6.0,6.0,1
4047,2,3,30,6,2,5.0,5.0,0
4054,4,0,14,5,4,2.8,2.8,1
4089,2,0,7,3,2,2.333333,2.333333,1
4113,6,0,6,7,6,0.857143,0.857143,1
4117,4,0,9,5,4,1.8,1.8,1
4131,4,0,7,5,4,1.4,1.4,1
4133,0,0,9,1,0,9.0,9.0,1
4137,0,0,3,1,0,3.0,3.0,1
4076,2,0,8,3,2,2.666667,2.666667,1
4088,1,1,40,3,1,13.333333,13.333333,0
4115,1,2,44,4,1,11.0,11.0,0
4142,2,0,5,3,2,1.666667,1.666667,1
4143,0,0,11,1,0,11.0,11.0,1
4144,1,0,5,2,1,2.5,2.5,1
4147,10,0,6,11,10,0.545455,0.545455,1
4149,3,0,6,4,3,1.5,1.5,1
4150,5,0,7,6,5,1.166667,1.166667,1
4132,0,8,43,9,0,4.777778,4.777778,0
4138,8,0,7,9,8,0.777778,0.777778,1
4139,5,0,10,6,5,1.666667,1.666667,1
4152,0,0,10,1,0,10.0,10.0,1
4155,11,0,7,12,11,0.583333,0.583333,1
4159,9,0,3,10,9,0.3,0.3,1
4160,6,0,6,7,6,0.857143,0.857143,1
4114,2,4,59,7,2,8.428571,8.428571,0
4120,1,0,5,2,1,2.5,2.5,1
4136,18,0,6,19,18,0.315789,0.315789,1
4141,2,0,5,3,2,1.666667,1.666667,1
4148,4,0,5,5,4,1.0,1.0,1
4156,0,0,3,1,0,3.0,3.0,1
4161,10,0,5,11,10,0.454545,0.454545,1
4162,3,0,13,4,3,3.25,3.25,1
4165,0,0,10,1,0,10.0,10.0,0
4170,1,6,47,8,1,5.875,5.875,0
4105,2,0,9,3,2,3.0,3.0,1
4134,2,0,9,3,2,3.0,3.0,1
4135,10,0,10,11,10,0.909091,0.909091,1
4151,3,0,6,4,3,1.5,1.5,1
4154,0,0,6,1,0,6.0,6.0,1
4157,2,0,3,3,2,1.0,1.0,1
4158,0,0,5,1,0,5.0,5.0,1
4168,3,0,6,4,3,1.5,1.5,1
4169,1,3,51,5,1,10.2,10.2,0
4172,0,0,4,1,0,4.0,4.0,1
4173,2,0,2,3,2,0.666667,0.666667,1
4174,2,0,7,3,2,2.333333,2.333333,1
4178,4,0,6,5,4,1.2,1.2,1
4022,1,0,12,2,1,6.0,6.0,1
4080,4,0,4,5,4,0.8,0.8,1
4140,1,0,6,2,1,3.0,3.0,1
4145,0,0,8,1,0,8.0,8.0,1
4164,1,3,51,5,1,10.2,10.2,0
4167,0,1,67,2,0,33.5,33.5,0
4176,3,0,7,4,3,1.75,1.75,1
4180,2,0,1,3,2,0.333333,0.333333,1
4184,1,5,47,7,1,6.714286,6.714286,0
4185,0,0,6,1,0,6.0,6.0,1
4188,8,0,9,9,8,1.0,1.0,1
4189,3,0,6,4,3,1.5,1.5,1
4153,1,2,65,4,1,16.25,16.25,0
4163,6,0,4,7,6,0.571429,0.571429,1
4183,9,0,11,10,9,1.1,1.1,1
4187,0,0,61,1,0,61.0,61.0,0
4191,1,0,0,2,1,0.0,0.0,1
4192,4,0,6,5,4,1.2,1.2,1
4194,7,0,4,8,7,0.5,0.5,1
4195,2,0,10,3,2,3.333333,3.333333,1
4197,4,0,3,5,4,0.6,0.6,1
4198,1,4,60,6,1,10.0,10.0,0
4125,3,0,7,4,3,1.75,1.75,1
4166,2,0,8,3,2,2.666667,2.666667,1
4171,2,1,42,4,2,10.5,10.5,0
4182,0,0,8,1,0,8.0,8.0,1
4193,3,3,52,7,3,7.428571,7.428571,0
4200,13,0,9,14,13,0.642857,0.642857,1
4201,2,0,10,3,2,3.333333,3.333333,1
4203,5,0,6,6,5,1.0,1.0,1
4204,6,0,9,7,6,1.285714,1.285714,1
4208,6,0,6,7,6,0.857143,0.857143,1
4209,6,0,10,7,6,1.428571,1.428571,1
4087,0,0,4,1,0,4.0,4.0,1
4096,5,0,11,6,5,1.833333,1.833333,1
4146,0,0,65,1,0,65.0,65.0,0
4190,1,0,11,2,1,5.5,5.5,1
4196,11,0,5,12,11,0.416667,0.416667,1
4199,0,5,45,6,0,7.5,7.5,0
4207,4,0,5,5,4,1.0,1.0,1
4210,6,0,6,7,6,0.857143,0.857143,1
4213,7,0,5,8,7,0.625,0.625,1
4214,5,0,12,6,5,2.0,2.0,1
4215,0,1,44,2,0,22.0,22.0,0
4217,3,0,0,4,3,0.0,0.0,1
4219,2,3,58,6,2,9.666667,9.666667,0
4179,5,0,9,6,5,1.5,1.5,1
4202,6,0,6,7,6,0.857143,0.857143,1
4206,1,4,57,6,1,9.5,9.5,0
4211,2,6,47,9,2,5.222222,5.222222,0
4218,2,0,5,3,2,1.666667,1.666667,1
4220,9,0,5,10,9,0.5,0.5,1
4221,3,0,12,4,3,3.0,3.0,1
4222,0,0,40,1,0,40.0,40.0,0
4223,4,5,63,10,4,6.3,6.3,0
4225,2,0,3,3,2,1.0,1.0,1
4226,2,0,2,3,2,0.666667,0.666667,1
4227,4,0,8,5,4,1.6,1.6,1
4229,0,0,6,1,0,6.0,6.0,1
4230,1,0,5,2,1,2.5,2.5,1
4175,2,0,5,3,2,1.666667,1.666667,1
4212,0,0,6,1,0,6.0,6.0,1
4216,5,0,4,6,5,0.666667,0.666667,1
4231,2,0,10,3,2,3.333333,3.333333,1
4232,0,0,51,1,0,51.0,51.0,0
4234,3,0,11,4,3,2.75,2.75,1
4235,4,0,11,5,4,2.2,2.2,1
4237,6,0,9,7,6,1.285714,1.285714,1
4239,0,0,4,1,0,4.0,4.0,1
4104,0,0,6,1,0,6.0,6.0,1
4177,2,0,8,3,2,2.666667,2.666667,1
4181,1,0,6,2,1,3.0,3.0,1
4186,5,0,11,6,5,1.833333,1.833333,1
4224,4,0,6,5,4,1.2,1.2,1
4228,1,0,5,2,1,2.5,2.5,1
4242,0,0,7,1,0,7.0,7.0,1
4243,7,0,0,8,7,0.0,0.0,1
4246,0,0,6,1,0,6.0,6.0,1
4247,5,0,4,6,5,0.666667,0.666667,1
4248,10,0,1,11,10,0.090909,0.090909,1
4250,13,0,9,14,13,0.642857,0.642857,1
4233,9,0,8,10,9,0.8,0.8,1
4236,2,3,41,6,2,6.833333,6.833333,0
4241,1,0,3,2,1,1.5,1.5,1
4252,2,0,5,3,2,1.666667,1.666667,1
4254,0,0,12,1,0,12.0,12.0,1
4255,4,0,4,5,4,0.8,0.8,1
4256,5,0,8,6,5,1.333333,1.333333,1
4257,1,0,5,2,1,2.5,2.5,1
4258,0,1,56,2,0,28.0,28.0,0
4205,4,0,8,5,4,1.6,1.6,1
4263,6,0,7,7,6,1.0,1.0,1
4264,5,0,8,6,5,1.333333,1.333333,1
4265,1,0,5,2,1,2.5,2.5,1
4267,6,0,6,7,6,0.857143,0.857143,1
4269,8,0,7,9,8,0.777778,0.777778,1
4245,0,0,4,1,0,4.0,4.0,1
4249,2,0,6,3,2,2.0,2.0,1
4260,0,2,51,3,0,17.0,17.0,0
4268,15,0,6,16,15,0.375,0.375,1
4270,5,0,5,6,5,0.833333,0.833333,1
4273,0,0,7,1,0,7.0,7.0,1
4276,2,0,8,3,2,2.666667,2.666667,1
4278,0,3,62,4,0,15.5,15.5,0
4279,5,0,7,6,5,1.166667,1.166667,1
4280,1,2,54,4,1,13.5,13.5,0
4244,2,0,4,3,2,1.333333,1.333333,1
4251,2,0,8,3,2,2.666667,2.666667,1
4266,2,0,7,3,2,2.333333,2.333333,1
4282,5,0,10,6,5,1.666667,1.666667,1
4285,2,0,10,3,2,3.333333,3.333333,1
4287,8,0,8,9,8,0.888889,0.888889,1
4290,0,0,35,1,0,35.0,35.0,0
4238,10,0,12,11,10,1.090909,1.090909,1
4240,5,0,8,6,5,1.333333,1.333333,1
4261,1,0,30,2,1,15.0,15.0,0
4291,0,0,52,1,0,52.0,52.0,0
4292,0,0,2,1,0,2.0,2.0,1
4294,0,0,7,1,0,7.0,7.0,1
4295,1,0,47,2,1,23.5,23.5,0
4297,4,0,1,5,4,0.2,0.2,1
4298,2,0,12,3,2,4.0,4.0,1
4300,1,0,4,2,1,2.0,2.0,1
4274,4,0,9,5,4,1.8,1.8,1
4281,4,0,5,5,4,1.0,1.0,1
4286,0,0,14,1,0,14.0,14.0,0
4296,3,0,6,4,3,1.5,1.5,1
4301,1,0,8,2,1,4.0,4.0,1
4302,0,4,84,5,0,16.8,16.8,0
4303,0,0,7,1,0,7.0,7.0,1
4304,0,0,9,1,0,9.0,9.0,1
4305,0,0,63,1,0,63.0,63.0,0
4306,0,0,28,1,0,28.0,28.0,0
4307,0,3,40,4,0,10.0,10.0,0
4253,8,0,5,9,8,0.555556,0.555556,1
4259,6,0,2,7,6,0.285714,0.285714,1
4288,2,0,2,3,2,0.666667,0.666667,1
4299,7,0,11,8,7,1.375,1.375,1
4308,0,0,6,1,0,6.0,6.0,1
4311,7,0,7,8,7,0.875,0.875,1
4315,0,0,7,1,0,7.0,7.0,1
4316,0,0,6,1,0,6.0,6.0,1
4319,3,0,9,4,3,2.25,2.25,1
4275,2,0,5,3,2,1.666667,1.666667,1
4277,3,0,4,4,3,1.0,1.0,1
4289,0,0,2,1,0,2.0,2.0,1
4293,0,0,23,1,0,23.0,23.0,0
4310,0,0,2,1,0,2.0,2.0,1
4313,0,0,6,1,0,6.0,6.0,1
4317,3,0,3,4,3,0.75,0.75,1
4324,1,0,1,2,1,0.5,0.5,1
4326,2,0,2,3,2,0.666667,0.666667,1
4327,0,3,32,4,0,8.0,8.0,0
4328,1,10,47,12,1,3.916667,3.916667,0
4262,1,0,14,2,1,7.0,7.0,1
4272,0,0,2,1,0,2.0,2.0,1
4283,3,0,6,4,3,1.5,1.5,1
4309,0,0,44,1,0,44.0,44.0,0
4312,1,0,2,2,1,1.0,1.0,1
4318,0,0,8,1,0,8.0,8.0,1
4320,4,0,2,5,4,0.4,0.4,1
4321,0,0,17,1,0,17.0,17.0,1
4322,1,0,8,2,1,4.0,4.0,1
4325,0,0,7,1,0,7.0,7.0,1
4334,5,0,12,6,5,2.0,2.0,1
4337,2,3,44,6,2,7.333333,7.333333,0
4338,2,0,6,3,2,2.0,2.0,1
4339,4,0,5,5,4,1.0,1.0,1
4314,0,0,44,1,0,44.0,44.0,0
4333,4,0,3,5,4,0.6,0.6,1
4342,0,0,5,1,0,5.0,5.0,1
4343,0,0,3,1,0,3.0,3.0,1
4347,1,2,51,4,1,12.75,12.75,0
4350,3,0,4,4,3,1.0,1.0,1
4329,0,0,8,1,0,8.0,8.0,1
4335,2,4,51,7,2,7.285714,7.285714,0
4336,10,0,9,11,10,0.818182,0.818182,1
4346,5,0,4,6,5,0.666667,0.666667,1
4353,0,6,46,7,0,6.571429,6.571429,0
4356,1,3,18,5,1,3.6,3.6,0
4357,0,0,5,1,0,5.0,5.0,1
4358,1,0,10,2,1,5.0,5.0,1
4359,0,4,45,5,0,9.0,9.0,0
4271,1,10,45,12,1,3.75,3.75,0
4331,0,1,42,2,0,21.0,21.0,0
4341,4,0,5,5,4,1.0,1.0,1
4352,5,0,7,6,5,1.166667,1.166667,1
4355,3,0,3,4,3,0.75,0.75,1
4361,1,3,57,5,1,11.4,11.4,0
4362,3,0,5,4,3,1.25,1.25,1
4365,2,0,10,3,2,3.333333,3.333333,1
4368,3,0,5,4,3,1.25,1.25,1
4369,3,0,2,4,3,0.5,0.5,1
4370,0,0,36,1,0,36.0,36.0,0
4323,4,0,4,5,4,0.8,0.8,1
4330,4,0,4,5,4,0.8,0.8,1
4366,0,0,6,1,0,6.0,6.0,1
4367,6,0,6,7,6,0.857143,0.857143,1
4371,1,1,60,3,1,20.0,20.0,0
4372,0,0,2,1,0,2.0,2.0,1
4373,3,0,9,4,3,2.25,2.25,1
4374,0,3,71,4,0,17.75,17.75,0
4376,10,0,3,11,10,0.272727,0.272727,1
4377,3,0,8,4,3,2.0,2.0,1
4378,1,0,9,2,1,4.5,4.5,1
4379,2,0,7,3,2,2.333333,2.333333,1
4380,0,0,10,1,0,10.0,10.0,1
4344,1,2,24,4,1,6.0,6.0,0
4348,3,0,6,4,3,1.5,1.5,1
4351,6,0,8,7,6,1.142857,1.142857,1
4360,6,0,3,7,6,0.428571,0.428571,1
4363,4,0,9,5,4,1.8,1.8,1
4375,5,0,9,6,5,1.5,1.5,1
4383,3,0,6,4,3,1.5,1.5,1
4384,4,0,11,5,4,2.2,2.2,1
4386,1,4,24,6,1,4.0,4.0,0
4388,0,0,5,1,0,5.0,5.0,1
4389,0,0,6,1,0,6.0,6.0,1
4390,6,0,6,7,6,0.857143,0.857143,1
4332,0,0,3,1,0,3.0,3.0,1
4349,3,0,9,4,3,2.25,2.25,1
4392,8,0,8,9,8,0.888889,0.888889,1
4393,0,0,19,1,0,19.0,19.0,0
4395,2,0,7,3,2,2.333333,2.333333,1
4396,0,0,42,1,0,42.0,42.0,0
4398,3,0,3,4,3,0.75,0.75,1
4284,1,0,10,2,1,5.0,5.0,1
4340,0,4,47,5,0,9.4,9.4,0
4345,5,0,6,6,5,1.0,1.0,1
4354,8,0,8,9,8,0.888889,0.888889,1
4394,1,0,1,2,1,0.5,0.5,1
4401,0,0,5,1,0,5.0,5.0,1
4402,2,0,62,3,2,20.666667,20.666667,0
4403,0,0,74,1,0,74.0,74.0,0
4405,0,2,48,3,0,16.0,16.0,0
4406,3,0,14,4,3,3.5,3.5,1
4407,2,0,8,3,2,2.666667,2.666667,1
4408,0,0,3,1,0,3.0,3.0,1
4409,2,0,6,3,2,2.0,2.0,1
4391,2,0,0,3,2,0.0,0.0,1
4397,3,4,58,8,3,7.25,7.25,0
4399,7,0,2,8,7,0.25,0.25,1
4410,8,0,3,9,8,0.333333,0.333333,1
4412,4,0,2,5,4,0.4,0.4,1
4413,0,0,9,1,0,9.0,9.0,1
4414,0,7,77,8,0,9.625,9.625,0
4415,0,0,5,1,0,5.0,5.0,1
4417,3,0,8,4,3,2.0,2.0,1
4418,6,0,2,7,6,0.285714,0.285714,1
4419,3,1,42,5,3,8.4,8.4,0
4420,5,0,7,6,5,1.166667,1.166667,1
4382,0,4,67,5,0,13.4,13.4,0
4387,6,0,4,7,6,0.571429,0.571429,1
4404,4,0,3,5,4,0.6,0.6,1
4416,2,0,6,3,2,2.0,2.0,1
4423,3,0,6,4,3,1.5,1.5,1
4425,0,0,7,1,0,7.0,7.0,1
4426,3,2,43,6,3,7.166667,7.166667,0
4427,1,0,42,2,1,21.0,21.0,0
4429,2,0,10,3,2,3.333333,3.333333,1
4430,7,0,5,8,7,0.625,0.625,1
4364,0,2,57,3,0,19.0,19.0,0
4421,0,0,4,1,0,4.0,4.0,1
4428,0,0,2,1,0,2.0,2.0,1
4434,3,0,4,4,3,1.0,1.0,1
4438,0,0,6,1,0,6.0,6.0,1
4385,5,0,7,6,5,1.166667,1.166667,1
4422,1,0,6,2,1,3.0,3.0,1
4424,0,1,21,2,0,10.5,10.5,0
4433,2,0,2,3,2,0.666667,0.666667,1
4437,3,0,6,4,3,1.5,1.5,1
4441,1,0,1,2,1,0.5,0.5,1
4442,4,0,4,5,4,0.8,0.8,1
4443,2,0,4,3,2,1.333333,1.333333,1
4444,0,0,49,1,0,49.0,49.0,0
4445,4,0,7,5,4,1.4,1.4,1
4447,2,0,10,3,2,3.333333,3.333333,1
4449,0,0,46,1,0,46.0,46.0,0
4432,6,0,7,7,6,1.0,1.0,1
4435,3,0,5,4,3,1.25,1.25,1
4439,4,0,6,5,4,1.2,1.2,1
4451,1,0,10,2,1,5.0,5.0,1
4452,0,5,36,6,0,6.0,6.0,0
4454,2,0,5,3,2,1.666667,1.666667,1
4455,0,0,9,1,0,9.0,9.0,1
4457,2,0,3,3,2,1.0,1.0,1
4458,2,0,10,3,2,3.333333,3.333333,1
4460,0,4,49,5,0,9.8,9.8,0
4411,1,0,4,2,1,2.0,2.0,1
4431,0,0,6,1,0,6.0,6.0,1
4461,8,0,12,9,8,1.333333,1.333333,1
4462,2,0,10,3,2,3.333333,3.333333,1
4463,5,0,6,6,5,1.0,1.0,1
4465,0,0,5,1,0,5.0,5.0,1
4466,2,0,6,3,2,2.0,2.0,1
4468,2,0,7,3,2,2.333333,2.333333,1
4469,6,0,4,7,6,0.571429,0.571429,1
4470,3,0,9,4,3,2.25,2.25,1
4381,8,0,7,9,8,0.777778,0.777778,1
4400,1,0,2,2,1,1.0,1.0,1
4436,1,0,4,2,1,2.0,2.0,1
4464,8,0,10,9,8,1.111111,1.111111,1
4467,7,0,9,8,7,1.125,1.125,1
4471,0,0,2,1,0,2.0,2.0,1
4472,5,0,13,6,5,2.166667,2.166667,1
4473,6,0,9,7,6,1.285714,1.285714,1
4474,3,0,9,4,3,2.25,2.25,1
4475,3,0,3,4,3,0.75,0.75,1
4456,4,0,4,5,4,0.8,0.8,1
4482,6,0,13,7,6,1.857143,1.857143,1
4483,1,0,5,2,1,2.5,2.5,1
4485,3,0,4,4,3,1.0,1.0,1
4487,9,0,14,10,9,1.4,1.4,1
4488,0,4,51,5,0,10.2,10.2,0
4489,1,1,41,3,1,13.666667,13.666667,0
4490,4,0,3,5,4,0.6,0.6,1
4453,1,0,9,2,1,4.5,4.5,1
4459,4,0,7,5,4,1.4,1.4,1
4476,4,0,1,5,4,0.2,0.2,1
4478,0,0,5,1,0,5.0,5.0,1
4481,9,0,3,10,9,0.3,0.3,1
4491,5,0,2,6,5,0.333333,0.333333,1
4492,9,0,9,10,9,0.9,0.9,1
4493,4,0,3,5,4,0.6,0.6,1
4495,1,3,37,5,1,7.4,7.4,0
4496,1,6,72,8,1,9.0,9.0,0
4497,1,6,46,8,1,5.75,5.75,0
4499,2,0,3,3,2,1.0,1.0,1
4446,3,0,8,4,3,2.0,2.0,1
4448,6,0,7,7,6,1.0,1.0,1
4480,0,0,6,1,0,6.0,6.0,1
4484,10,0,5,11,10,0.454545,0.454545,1
4494,2,0,10,3,2,3.333333,3.333333,1
4500,12,0,10,13,12,0.769231,0.769231,1
4503,0,0,4,1,0,4.0,4.0,1
4505,0,2,60,3,0,20.0,20.0,0
4508,4,0,9,5,4,1.8,1.8,1
4509,8,0,3,9,8,0.333333,0.333333,1
4510,5,0,2,6,5,0.333333,0.333333,1
4450,0,0,13,1,0,13.0,13.0,1
4477,0,0,5,1,0,5.0,5.0,1
4479,0,0,4,1,0,4.0,4.0,1
4486,4,0,8,5,4,1.6,1.6,1
4502,5,0,7,6,5,1.166667,1.166667,1
4507,0,0,6,1,0,6.0,6.0,1
4511,11,0,7,12,11,0.583333,0.583333,1
4515,4,0,4,5,4,0.8,0.8,1
4517,1,3,62,5,1,12.4,12.4,0
4440,1,0,7,2,1,3.5,3.5,1
4521,3,3,47,7,3,6.714286,6.714286,0
4522,3,0,5,4,3,1.25,1.25,1
4526,3,0,5,4,3,1.25,1.25,1
4527,2,0,5,3,2,1.666667,1.666667,1
4529,2,0,9,3,2,3.0,3.0,1
4498,7,0,9,8,7,1.125,1.125,1
4516,4,0,6,5,4,1.2,1.2,1
4520,2,0,8,3,2,2.666667,2.666667,1
4524,2,0,8,3,2,2.666667,2.666667,1
4525,3,0,4,4,3,1.0,1.0,1
4528,5,0,7,6,5,1.166667,1.166667,1
4534,4,6,60,11,4,5.454545,5.454545,0
4537,9,0,6,10,9,0.6,0.6,1
4538,0,0,5,1,0,5.0,5.0,1
4539,2,9,62,12,2,5.166667,5.166667,0
4501,0,0,10,1,0,10.0,10.0,1
4512,2,0,3,3,2,1.0,1.0,1
4514,1,1,38,3,1,12.666667,12.666667,0
4531,2,0,7,3,2,2.333333,2.333333,1
4541,0,0,51,1,0,51.0,51.0,0
4542,4,0,7,5,4,1.4,1.4,1
4544,0,3,48,4,0,12.0,12.0,0
4546,1,0,1,2,1,0.5,0.5,1
4547,2,4,65,7,2,9.285714,9.285714,0
4549,3,0,6,4,3,1.5,1.5,1
4550,6,0,3,7,6,0.428571,0.428571,1
4506,4,0,7,5,4,1.4,1.4,1
4518,5,0,8,6,5,1.333333,1.333333,1
4532,4,0,3,5,4,0.6,0.6,1
4533,0,2,56,3,0,18.666667,18.666667,0
4536,6,0,6,7,6,0.857143,0.857143,1
4540,3,4,58,8,3,7.25,7.25,0
4545,4,0,11,5,4,2.2,2.2,1
4548,6,0,5,7,6,0.714286,0.714286,1
4551,1,1,49,3,1,16.333333,16.333333,0
4552,2,0,3,3,2,1.0,1.0,1
4553,8,0,3,9,8,0.333333,0.333333,1
4556,0,0,8,1,0,8.0,8.0,1
4560,1,0,7,2,1,3.5,3.5,1
4513,0,0,4,1,0,4.0,4.0,1
4535,0,3,40,4,0,10.0,10.0,0
4561,5,0,6,6,5,1.0,1.0,1
4563,9,0,3,10,9,0.3,0.3,1
4564,7,0,7,8,7,0.875,0.875,1
4567,2,0,4,3,2,1.333333,1.333333,1
4568,2,0,6,3,2,2.0,2.0,1
4504,4,0,11,5,4,2.2,2.2,1
4523,2,0,4,3,2,1.333333,1.333333,1
4543,7,0,4,8,7,0.5,0.5,1
4557,1,0,4,2,1,2.0,2.0,1
4559,4,0,4,5,4,0.8,0.8,1
4562,0,0,12,1,0,12.0,12.0,1
4565,8,0,7,9,8,0.777778,0.777778,1
4566,12,0,7,13,12,0.538462,0.538462,1
4569,3,0,6,4,3,1.5,1.5,1
4571,1,0,11,2,1,5.5,5.5,1
4572,0,0,7,1,0,7.0,7.0,1
4574,0,3,41,4,0,10.25,10.25,0
4578,3,0,9,4,3,2.25,2.25,1
4554,1,0,9,2,1,4.5,4.5,1
4555,2,0,2,3,2,0.666667,0.666667,1
4558,5,0,7,6,5,1.166667,1.166667,1
4575,0,0,10,1,0,10.0,10.0,1
4577,6,0,11,7,6,1.571429,1.571429,1
4580,6,0,11,7,6,1.571429,1.571429,1
4581,2,0,7,3,2,2.333333,2.333333,1
4582,0,0,10,1,0,10.0,10.0,1
4584,5,0,6,6,5,1.0,1.0,1
4586,0,0,35,1,0,35.0,35.0,0
4587,1,0,7,2,1,3.5,3.5,1
4588,0,0,28,1,0,28.0,28.0,0
4590,9,0,2,10,9,0.2,0.2,1
4573,0,2,43,3,0,14.333333,14.333333,0
4589,6,0,4,7,6,0.571429,0.571429,1
4591,0,0,9,1,0,9.0,9.0,1
4595,5,0,5,6,5,0.833333,0.833333,1
4596,3,0,5,4,3,1.25,1.25,1
4597,3,0,5,4,3,1.25,1.25,1
4598,0,3,59,4,0,14.75,14.75,0
4600,5,0,8,6,5,1.333333,1.333333,1
4530,3,0,7,4,3,1.75,1.75,1
4570,4,0,3,5,4,0.6,0.6,1
4602,0,1,54,2,0,27.0,27.0,0
4604,2,2,61,5,2,12.2,12.2,0
4605,1,0,3,2,1,1.5,1.5,1
4606,5,0,8,6,5,1.333333,1.333333,1
4608,0,0,68,1,0,68.0,68.0,0
4519,8,0,8,9,8,0.888889,0.888889,1
4607,8,0,5,9,8,0.555556,0.555556,1
4610,4,0,5,5,4,1.0,1.0,1
4611,6,0,4,7,6,0.571429,0.571429,1
4612,5,0,4,6,5,0.666667,0.666667,1
4614,7,0,9,8,7,1.125,1.125,1
4615,2,1,51,4,2,12.75,12.75,0
4616,4,0,8,5,4,1.6,1.6,1
4617,3,0,10,4,3,2.5,2.5,1
4619,3,0,5,4,3,1.25,1.25,1
4576,2,0,5,3,2,1.666667,1.666667,1
4583,2,0,4,3,2,1.333333,1.333333,1
4593,5,0,3,6,5,0.5,0.5,1
4599,1,7,58,9,1,6.444444,6.444444,0
4621,25,0,4,26,25,0.153846,0.153846,1
4623,0,0,2,1,0,2.0,2.0,1
4624,4,0,7,5,4,1.4,1.4,1
4628,1,6,43,8,1,5.375,5.375,0
4630,2,0,6,3,2,2.0,2.0,1
4603,2,1,47,4,2,11.75,11.75,0
4609,6,0,8,7,6,1.142857,1.142857,1
4625,7,0,6,8,7,0.75,0.75,1
4633,2,0,4,3,2,1.333333,1.333333,1
4634,0,0,49,1,0,49.0,49.0,0
4635,1,0,5,2,1,2.5,2.5,1
4592,0,0,47,1,0,47.0,47.0,0
4601,3,0,6,4,3,1.5,1.5,1
4622,4,0,2,5,4,0.4,0.4,1
4632,4,0,6,5,4,1.2,1.2,1
4637,1,0,1,2,1,0.5,0.5,1
4638,5,0,7,6,5,1.166667,1.166667,1
4639,0,0,4,1,0,4.0,4.0,1
4641,6,0,2,7,6,0.285714,0.285714,1
4642,6,0,8,7,6,1.142857,1.142857,1
4643,7,0,7,8,7,0.875,0.875,1
4645,2,0,8,3,2,2.666667,2.666667,1
4648,1,1,58,3,1,19.333333,19.333333,0
4649,8,0,12,9,8,1.333333,1.333333,1
4579,9,0,8,10,9,0.8,0.8,1
4585,6,0,4,7,6,0.571429,0.571429,1
4626,3,0,1,4,3,0.25,0.25,1
4631,1,0,7,2,1,3.5,3.5,1
4636,2,0,7,3,2,2.333333,2.333333,1
4640,4,0,9,5,4,1.8,1.8,1
4659,7,0,5,8,7,0.625,0.625,1
4613,4,0,9,5,4,1.8,1.8,1
4620,3,0,4,4,3,1.0,1.0,1
4627,6,0,10,7,6,1.428571,1.428571,1
4657,7,0,6,8,7,0.75,0.75,1
4658,2,5,52,8,2,6.5,6.5,0
4668,0,0,6,1,0,6.0,6.0,1
4669,2,0,7,3,2,2.333333,2.333333,1
4670,7,0,7,8,7,0.875,0.875,1
4594,10,0,7,11,10,0.636364,0.636364,1
4618,3,0,7,4,3,1.75,1.75,1
4644,0,4,38,5,0,7.6,7.6,0
4652,2,8,51,11,2,4.636364,4.636364,0
4653,1,3,65,5,1,13.0,13.0,0
4655,0,0,3,1,0,3.0,3.0,1
4667,3,0,5,4,3,1.25,1.25,1
4674,0,0,10,1,0,10.0,10.0,1
4675,3,0,8,4,3,2.0,2.0,1
4676,1,0,7,2,1,3.5,3.5,1
4677,9,0,5,10,9,0.5,0.5,1
4679,4,0,7,5,4,1.4,1.4,1
4680,0,0,7,1,0,7.0,7.0,1
4647,6,0,10,7,6,1.428571,1.428571,1
4661,5,0,9,6,5,1.5,1.5,1
4663,10,0,6,11,10,0.545455,0.545455,1
4665,7,0,6,8,7,0.75,0.75,1
4666,0,0,2,1,0,2.0,2.0,1
4671,0,6,52,7,0,7.428571,7.428571,0
4673,0,0,5,1,0,5.0,5.0,1
4678,1,0,39,2,1,19.5,19.5,0
4682,10,0,1,11,10,0.090909,0.090909,1
4687,4,0,5,5,4,1.0,1.0,1
4688,0,1,25,2,0,12.5,12.5,0
4690,2,0,6,3,2,2.0,2.0,1
4660,11,0,10,12,11,0.833333,0.833333,1
4662,0,0,10,1,0,10.0,10.0,1
4681,6,0,8,7,6,1.142857,1.142857,1
4692,0,2,50,3,0,16.666667,16.666667,0
4693,1,8,52,10,1,5.2,5.2,0
4695,8,0,9,9,8,1.0,1.0,1
4696,2,0,4,3,2,1.333333,1.333333,1
4698,3,0,8,4,3,2.0,2.0,1
4699,0,1,38,2,0,19.0,19.0,0
4700,1,0,8,2,1,4.0,4.0,1
4629,5,0,7,6,5,1.166667,1.166667,1
4646,0,4,46,5,0,9.2,9.2,0
4650,6,0,5,7,6,0.714286,0.714286,1
4689,7,0,7,8,7,0.875,0.875,1
4691,1,0,8,2,1,4.0,4.0,1
4701,0,6,43,7,0,6.142857,6.142857,0
4702,2,0,5,3,2,1.666667,1.666667,1
4704,2,3,31,6,2,5.166667,5.166667,0
4705,1,1,36,3,1,12.0,12.0,0
4708,2,0,3,3,2,1.0,1.0,1
4709,2,0,8,3,2,2.666667,2.666667,1
4710,2,0,4,3,2,1.333333,1.333333,1
4685,0,0,1,1,0,1.0,1.0,1
4686,2,0,8,3,2,2.666667,2.666667,1
4694,0,3,40,4,0,10.0,10.0,0
4711,3,0,8,4,3,2.0,2.0,1
4712,2,0,16,3,2,5.333333,5.333333,1
4713,3,0,6,4,3,1.5,1.5,1
4714,2,6,59,9,2,6.555556,6.555556,0
4717,2,0,5,3,2,1.666667,1.666667,1
4719,0,0,9,1,0,9.0,9.0,1
4656,5,0,6,6,5,1.0,1.0,1
4697,1,1,44,3,1,14.666667,14.666667,0
4722,0,1,17,2,0,8.5,8.5,0
4723,0,0,7,1,0,7.0,7.0,1
4724,0,4,49,5,0,9.8,9.8,0
4725,1,0,2,2,1,1.0,1.0,1
4727,0,0,51,1,0,51.0,51.0,0
4728,1,4,24,6,1,4.0,4.0,0
4664,2,0,8,3,2,2.666667,2.666667,1
4672,2,9,51,12,2,4.25,4.25,0
4684,0,0,39,1,0,39.0,39.0,0
4706,0,2,58,3,0,19.333333,19.333333,0
4716,2,0,5,3,2,1.666667,1.666667,1
4730,0,6,40,7,0,5.714286,5.714286,0
4731,1,0,6,2,1,3.0,3.0,1
4733,9,0,5,10,9,0.5,0.5,1
4735,0,0,6,1,0,6.0,6.0,1
4737,0,0,6,1,0,6.0,6.0,1
4739,0,0,8,1,0,8.0,8.0,1
4740,2,0,5,3,2,1.666667,1.666667,1
4683,1,0,7,2,1,3.5,3.5,1
4715,1,0,1,2,1,0.5,0.5,1
4718,1,0,3,2,1,1.5,1.5,1
4734,8,0,8,9,8,0.888889,0.888889,1
4742,5,0,4,6,5,0.666667,0.666667,1
4744,3,0,7,4,3,1.75,1.75,1
4745,1,0,3,2,1,1.5,1.5,1
4747,2,0,12,3,2,4.0,4.0,1
4749,1,1,63,3,1,21.0,21.0,0
4751,2,0,6,3,2,2.0,2.0,1
4753,3,0,5,4,3,1.25,1.25,1
4754,9,0,6,10,9,0.6,0.6,1
4755,2,0,6,3,2,2.0,2.0,1
4757,2,0,8,3,2,2.666667,2.666667,1
4758,1,0,11,2,1,5.5,5.5,1
4760,0,0,5,1,0,5.0,5.0,1
4707,1,0,5,2,1,2.5,2.5,1
4720,4,0,7,5,4,1.4,1.4,1
4736,1,0,5,2,1,2.5,2.5,1
4738,3,0,3,4,3,0.75,0.75,1
4741,4,0,7,5,4,1.4,1.4,1
4748,0,0,6,1,0,6.0,6.0,1
4752,3,0,8,4,3,2.0,2.0,1
4761,2,0,4,3,2,1.333333,1.333333,1
4762,0,0,2,1,0,2.0,2.0,1
4764,0,0,4,1,0,4.0,4.0,1
4765,1,0,4,2,1,2.0,2.0,1
4769,7,0,8,8,7,1.0,1.0,1
4703,0,0,2,1,0,2.0,2.0,1
4732,3,0,2,4,3,0.5,0.5,1
4767,1,0,5,2,1,2.5,2.5,1
4768,1,8,57,10,1,5.7,5.7,0
4773,2,0,3,3,2,1.0,1.0,1
4774,5,0,11,6,5,1.833333,1.833333,1
4775,6,0,8,7,6,1.142857,1.142857,1
4778,1,0,4,2,1,2.0,2.0,1
4779,3,0,6,4,3,1.5,1.5,1
4743,5,0,9,6,5,1.5,1.5,1
4746,0,2,72,3,0,24.0,24.0,0
4756,2,0,6,3,2,2.0,2.0,1
4766,2,0,4,3,2,1.333333,1.333333,1
4771,2,0,6,3,2,2.0,2.0,1
4776,1,0,7,2,1,3.5,3.5,1
4777,2,3,44,6,2,7.333333,7.333333,0
4781,2,0,6,3,2,2.0,2.0,1
4783,3,0,4,4,3,1.0,1.0,1
4784,3,0,8,4,3,2.0,2.0,1
4770,6,0,9,7,6,1.285714,1.285714,1
4789,1,0,8,2,1,4.0,4.0,1
4790,1,0,6,2,1,3.0,3.0,1
4791,3,0,8,4,3,2.0,2.0,1
4796,0,0,5,1,0,5.0,5.0,1
4797,3,0,4,4,3,1.0,1.0,1
4798,1,0,5,2,1,2.5,2.5,1
4800,1,1,48,3,1,16.0,16.0,0
4654,1,0,3,2,1,1.5,1.5,1
4780,3,0,6,4,3,1.5,1.5,1
4786,0,0,31,1,0,31.0,31.0,0
4792,1,3,49,5,1,9.8,9.8,0
4793,2,0,9,3,2,3.0,3.0,1
4795,2,0,10,3,2,3.333333,3.333333,1
4801,0,0,8,1,0,8.0,8.0,1
4802,0,0,7,1,0,7.0,7.0,0
4803,4,0,10,5,4,2.0,2.0,1
4804,0,1,37,2,0,18.5,18.5,0
4805,0,8,39,9,0,4.333333,4.333333,0
4806,9,0,9,10,9,0.9,0.9,1
4807,0,0,8,1,0,8.0,8.0,1
4808,2,0,4,3,2,1.333333,1.333333,1
4729,6,0,4,7,6,0.571429,0.571429,1
4759,1,5,57,7,1,8.142857,8.142857,0
4787,0,0,53,1,0,53.0,53.0,0
4794,4,0,4,5,4,0.8,0.8,1
4799,0,0,5,1,0,5.0,5.0,1
4810,1,0,4,2,1,2.0,2.0,1
4813,0,0,56,1,0,56.0,56.0,0
4816,2,0,9,3,2,3.0,3.0,1
4817,0,0,9,1,0,9.0,9.0,1
4819,4,0,7,5,4,1.4,1.4,1
4763,5,0,5,6,5,0.833333,0.833333,1
4782,6,0,5,7,6,0.714286,0.714286,1
4827,0,0,10,1,0,10.0,10.0,1
4830,3,0,7,4,3,1.75,1.75,1
4785,4,0,9,5,4,1.8,1.8,1
4818,0,2,75,3,0,25.0,25.0,0
4822,1,0,4,2,1,2.0,2.0,1
4823,2,0,1,3,2,0.333333,0.333333,1
4826,1,0,5,2,1,2.5,2.5,1
4831,3,0,3,4,3,0.75,0.75,1
4832,2,0,4,3,2,1.333333,1.333333,1
4833,4,0,8,5,4,1.6,1.6,1
4834,3,0,5,4,3,1.25,1.25,1
4837,2,0,13,3,2,4.333333,4.333333,1
4839,2,0,9,3,2,3.0,3.0,1
4840,10,0,5,11,10,0.454545,0.454545,1
4651,7,0,6,8,7,0.75,0.75,1
4788,4,0,4,5,4,0.8,0.8,1
4812,2,0,2,3,2,0.666667,0.666667,1
4815,6,0,7,7,6,1.0,1.0,1
4821,2,0,6,3,2,2.0,2.0,1
4829,8,0,3,9,8,0.333333,0.333333,1
4835,0,0,56,1,0,56.0,56.0,0
4836,0,4,33,5,0,6.6,6.6,0
4841,2,0,3,3,2,1.0,1.0,1
4844,0,0,5,1,0,5.0,5.0,1
4845,7,0,6,8,7,0.75,0.75,1
4846,0,2,40,3,0,13.333333,13.333333,0
4847,2,0,8,3,2,2.666667,2.666667,1
4849,2,0,6,3,2,2.0,2.0,1
4850,4,0,7,5,4,1.4,1.4,1
4750,0,2,43,3,0,14.333333,14.333333,0
4814,4,0,5,5,4,1.0,1.0,1
4851,0,0,6,1,0,6.0,6.0,1
4857,2,0,9,3,2,3.0,3.0,1
4858,4,0,3,5,4,0.6,0.6,1
4859,0,0,12,1,0,12.0,12.0,1
4809,0,0,8,1,0,8.0,8.0,1
4824,0,0,3,1,0,3.0,3.0,1
4825,0,0,8,1,0,8.0,8.0,1
4843,6,0,4,7,6,0.571429,0.571429,1
4853,8,0,6,9,8,0.666667,0.666667,1
4854,5,0,3,6,5,0.5,0.5,1
4856,2,0,3,3,2,1.0,1.0,1
4861,0,0,4,1,0,4.0,4.0,1
4865,3,0,5,4,3,1.25,1.25,1
4867,2,0,4,3,2,1.333333,1.333333,1
4868,5,0,4,6,5,0.666667,0.666667,1
4870,2,0,6,3,2,2.0,2.0,1
4772,1,0,13,2,1,6.5,6.5,1
4820,1,0,6,2,1,3.0,3.0,1
4852,0,0,54,1,0,54.0,54.0,0
4863,1,5,33,7,1,4.714286,4.714286,0
4874,4,0,6,5,4,1.2,1.2,1
4875,1,0,9,2,1,4.5,4.5,1
4879,2,0,0,3,2,0.0,0.0,1
4721,2,0,4,3,2,1.333333,1.333333,1
4811,2,0,6,3,2,2.0,2.0,1
4828,8,0,4,9,8,0.444444,0.444444,1
4860,1,0,3,2,1,1.5,1.5,1
4864,2,0,8,3,2,2.666667,2.666667,1
4873,1,0,8,2,1,4.0,4.0,1
4881,1,0,5,2,1,2.5,2.5,1
4883,0,0,2,1,0,2.0,2.0,1
4888,9,0,5,10,9,0.5,0.5,1
4889,0,0,6,1,0,6.0,6.0,1
4890,4,0,7,5,4,1.4,1.4,1
4838,3,0,10,4,3,2.5,2.5,1
4842,6,0,5,7,6,0.714286,0.714286,1
4848,2,0,7,3,2,2.333333,2.333333,1
4855,3,0,4,4,3,1.0,1.0,1
4862,0,1,58,2,0,29.0,29.0,0
4869,0,0,5,1,0,5.0,5.0,1
4882,5,0,7,6,5,1.166667,1.166667,1
4886,2,4,59,7,2,8.428571,8.428571,0
4893,4,0,8,5,4,1.6,1.6,1
4895,5,0,5,6,5,0.833333,0.833333,1
4896,0,0,2,1,0,2.0,2.0,1
4897,2,0,12,3,2,4.0,4.0,1
4866,4,0,4,5,4,0.8,0.8,1
4877,0,0,1,1,0,1.0,1.0,1
4878,3,0,5,4,3,1.25,1.25,1
4887,12,0,6,13,12,0.461538,0.461538,1
4899,3,0,5,4,3,1.25,1.25,1
4900,3,0,5,4,3,1.25,1.25,1
4902,9,0,4,10,9,0.4,0.4,1
4905,0,0,6,1,0,6.0,6.0,1
4907,0,0,5,1,0,5.0,5.0,1
4908,0,0,0,1,0,0.0,0.0,1
4909,0,0,9,1,0,9.0,9.0,1
4910,0,0,36,1,0,36.0,36.0,0
4726,2,0,10,3,2,3.333333,3.333333,1
4872,0,0,3,1,0,3.0,3.0,1
4876,3,0,9,4,3,2.25,2.25,1
4891,0,0,7,1,0,7.0,7.0,1
4892,2,3,32,6,2,5.333333,5.333333,0
4903,2,0,10,3,2,3.333333,3.333333,1
4911,2,0,9,3,2,3.0,3.0,1
4912,0,0,3,1,0,3.0,3.0,1
4913,1,0,7,2,1,3.5,3.5,1
4917,4,0,4,5,4,0.8,0.8,1
4920,5,0,3,6,5,0.5,0.5,1
4884,2,0,9,3,2,3.0,3.0,1
4906,0,0,0,1,0,0.0,0.0,1
4914,4,0,4,5,4,0.8,0.8,1
4918,5,0,7,6,5,1.166667,1.166667,1
4921,3,0,3,4,3,0.75,0.75,1
4922,1,0,9,2,1,4.5,4.5,1
4923,0,0,8,1,0,8.0,8.0,1
4927,6,0,5,7,6,0.714286,0.714286,1
4928,3,0,6,4,3,1.5,1.5,1
4929,0,0,4,1,0,4.0,4.0,1
4930,0,0,6,1,0,6.0,6.0,1
4885,2,0,8,3,2,2.666667,2.666667,1
4904,2,0,9,3,2,3.0,3.0,1
4916,1,5,43,7,1,6.142857,6.142857,0
4932,2,3,17,6,2,2.833333,2.833333,0
4933,0,0,10,1,0,10.0,10.0,1
4934,1,0,5,2,1,2.5,2.5,1
4935,1,1,43,3,1,14.333333,14.333333,0
4936,3,0,5,4,3,1.25,1.25,1
4937,0,0,6,1,0,6.0,6.0,1
4938,3,0,8,4,3,2.0,2.0,1
4919,3,0,7,4,3,1.75,1.75,1
4931,5,0,4,6,5,0.666667,0.666667,1
4943,3,0,8,4,3,2.0,2.0,1
4946,0,0,3,1,0,3.0,3.0,1
4948,0,0,7,1,0,7.0,7.0,1
4894,2,0,59,3,2,19.666667,19.666667,0
4901,6,0,14,7,6,2.0,2.0,1
4947,1,1,66,3,1,22.0,22.0,0
4950,4,0,10,5,4,2.0,2.0,1
4951,2,0,2,3,2,0.666667,0.666667,1
4952,2,0,6,3,2,2.0,2.0,1
4954,3,0,11,4,3,2.75,2.75,1
4955,2,0,9,3,2,3.0,3.0,1
4956,4,0,5,5,4,1.0,1.0,1
4957,0,0,12,1,0,12.0,12.0,1
4959,5,0,2,6,5,0.333333,0.333333,1
4880,0,1,30,2,0,15.0,15.0,0
4898,4,8,62,13,4,4.769231,4.769231,0
4944,3,0,9,4,3,2.25,2.25,1
4960,0,0,28,1,0,28.0,28.0,0
4961,3,0,2,4,3,0.5,0.5,1
4962,2,0,11,3,2,3.666667,3.666667,1
4963,0,4,35,5,0,7.0,7.0,0
4964,1,0,3,2,1,1.5,1.5,1
4965,0,2,57,3,0,19.0,19.0,0
4966,0,0,4,1,0,4.0,4.0,1
4968,2,0,4,3,2,1.333333,1.333333,1
4969,0,4,47,5,0,9.4,9.4,0
4970,4,0,5,5,4,1.0,1.0,1
4925,0,0,2,1,0,2.0,2.0,1
4942,0,0,7,1,0,7.0,7.0,1
4958,0,4,55,5,0,11.0,11.0,0
4973,3,0,8,4,3,2.0,2.0,1
4975,0,2,40,3,0,13.333333,13.333333,0
4977,1,0,5,2,1,2.5,2.5,1
4979,2,0,8,3,2,2.666667,2.666667,1
4980,0,0,11,1,0,11.0,11.0,1
4976,2,0,5,3,2,1.666667,1.666667,1
4983,0,0,21,1,0,21.0,21.0,0
4984,1,0,4,2,1,2.0,2.0,1
4985,4,0,4,5,4,0.8,0.8,1
4987,0,0,6,1,0,6.0,6.0,1
4989,2,0,6,3,2,2.0,2.0,1
4990,1,0,3,2,1,1.5,1.5,1
4949,0,0,56,1,0,56.0,56.0,0
4953,2,0,7,3,2,2.333333,2.333333,1
4974,5,0,5,6,5,0.833333,0.833333,1
4994,0,0,58,1,0,58.0,58.0,0
4995,2,0,5,3,2,1.666667,1.666667,1
4996,2,0,7,3,2,2.333333,2.333333,1
4997,3,0,3,4,3,0.75,0.75,1
4998,6,0,5,7,6,0.714286,0.714286,1
4999,1,0,10,2,1,5.0,5.0,1
5000,3,0,8,4,3,2.0,2.0,1
4871,4,0,8,5,4,1.6,1.6,1
4971,0,3,45,4,0,11.25,11.25,0
4978,2,0,11,3,2,3.666667,3.666667,1
4988,2,0,3,3,2,1.0,1.0,1
5002,1,1,50,3,1,16.666667,16.666667,0
5004,1,0,34,2,1,17.0,17.0,0
5005,10,0,5,11,10,0.454545,0.454545,1
5006,5,0,10,6,5,1.666667,1.666667,1
5009,0,0,8,1,0,8.0,8.0,1
4924,2,0,8,3,2,2.666667,2.666667,1
4939,8,0,7,9,8,0.777778,0.777778,1
4941,1,0,4,2,1,2.0,2.0,1
4981,0,0,1,1,0,1.0,1.0,1
4991,5,0,5,6,5,0.833333,0.833333,1
4993,0,0,5,1,0,5.0,5.0,1
5013,6,0,9,7,6,1.285714,1.285714,1
5014,8,0,7,9,8,0.777778,0.777778,1
5018,11,0,2,12,11,0.166667,0.166667,1
4915,0,0,5,1,0,5.0,5.0,1
5008,2,0,8,3,2,2.666667,2.666667,1
5010,3,0,3,4,3,0.75,0.75,1
5017,0,0,2,1,0,2.0,2.0,1
5019,3,0,2,4,3,0.5,0.5,1
5021,1,0,33,2,1,16.5,16.5,0
5022,0,0,4,1,0,4.0,4.0,1
5025,8,0,6,9,8,0.666667,0.666667,1
5026,0,0,2,1,0,2.0,2.0,1
5027,0,0,7,1,0,7.0,7.0,1
5028,0,0,5,1,0,5.0,5.0,1
5030,1,0,6,2,1,3.0,3.0,1
5007,0,0,3,1,0,3.0,3.0,1
5011,2,0,5,3,2,1.666667,1.666667,1
5012,7,0,3,8,7,0.375,0.375,1
5016,4,0,11,5,4,2.2,2.2,1
5031,6,0,4,7,6,0.571429,0.571429,1
5033,2,0,2,3,2,0.666667,0.666667,1
5034,0,0,32,1,0,32.0,32.0,0
5035,3,0,6,4,3,1.5,1.5,1
5036,2,0,3,3,2,1.0,1.0,1
5037,4,0,2,5,4,0.4,0.4,1
5039,5,0,8,6,5,1.333333,1.333333,1
5040,3,0,5,4,3,1.25,1.25,1
4945,0,7,38,8,0,4.75,4.75,0
4967,3,0,8,4,3,2.0,2.0,1
4992,2,0,2,3,2,0.666667,0.666667,1
5041,3,2,35,6,3,5.833333,5.833333,0
5043,0,1,38,2,0,19.0,19.0,0
5046,2,0,6,3,2,2.0,2.0,1
5047,0,0,4,1,0,4.0,4.0,1
5049,3,0,6,4,3,1.5,1.5,1
5050,6,0,4,7,6,0.571429,0.571429,1
4926,1,0,9,2,1,4.5,4.5,1
4972,1,0,3,2,1,1.5,1.5,1
5001,1,7,64,9,1,7.111111,7.111111,0
5003,1,0,7,2,1,3.5,3.5,1
5015,0,0,8,1,0,8.0,8.0,1
5032,1,1,41,3,1,13.666667,13.666667,0
5038,9,0,6,10,9,0.6,0.6,1
5042,5,0,5,6,5,0.833333,0.833333,1
5044,1,0,3,2,1,1.5,1.5,1
5054,2,1,59,4,2,14.75,14.75,0
5056,0,0,10,1,0,10.0,10.0,1
5059,1,3,45,5,1,9.0,9.0,0
5060,8,0,8,9,8,0.888889,0.888889,1
4986,5,0,7,6,5,1.166667,1.166667,1
5029,2,0,3,3,2,1.0,1.0,1
5048,6,0,7,7,6,1.0,1.0,1
5062,7,0,3,8,7,0.375,0.375,1
5064,2,0,7,3,2,2.333333,2.333333,1
5065,3,0,5,4,3,1.25,1.25,1
5067,0,0,42,1,0,42.0,42.0,0
5068,2,0,9,3,2,3.0,3.0,1
5069,2,0,4,3,2,1.333333,1.333333,1
5070,4,0,6,5,4,1.2,1.2,1
5053,0,0,4,1,0,4.0,4.0,1
5061,1,0,4,2,1,2.0,2.0,1
5073,2,0,7,3,2,2.333333,2.333333,1
5074,3,0,6,4,3,1.5,1.5,1
5075,0,0,4,1,0,4.0,4.0,1
5076,5,0,9,6,5,1.5,1.5,1
5077,4,0,7,5,4,1.4,1.4,1
5079,0,0,2,1,0,2.0,2.0,1
5080,0,3,36,4,0,9.0,9.0,0
5020,0,0,6,1,0,6.0,6.0,1
5052,1,0,7,2,1,3.5,3.5,1
5055,1,0,6,2,1,3.0,3.0,1
5057,1,0,8,2,1,4.0,4.0,1
5063,3,8,55,12,3,4.583333,4.583333,0
5072,5,0,7,6,5,1.166667,1.166667,1
5078,2,0,30,3,2,10.0,10.0,0
5083,1,0,2,2,1,1.0,1.0,1
5084,5,0,4,6,5,0.666667,0.666667,1
5085,4,0,5,5,4,1.0,1.0,1
5089,0,0,7,1,0,7.0,7.0,1
5066,3,0,5,4,3,1.25,1.25,1
5086,1,4,62,6,1,10.333333,10.333333,0
5096,7,0,7,8,7,0.875,0.875,1
5097,6,0,6,7,6,0.857143,0.857143,1
5099,8,0,7,9,8,0.777778,0.777778,1
5100,0,1,10,2,0,5.0,5.0,0
5024,0,3,50,4,0,12.5,12.5,0
5058,0,2,49,3,0,16.333333,16.333333,0
5071,6,0,6,7,6,0.857143,0.857143,1
5091,0,0,7,1,0,7.0,7.0,1
5101,1,0,2,2,1,1.0,1.0,1
5102,2,3,46,6,2,7.666667,7.666667,0
5104,2,8,49,11,2,4.454545,4.454545,0
5107,3,0,7,4,3,1.75,1.75,1
5109,0,0,5,1,0,5.0,5.0,1
5110,1,6,31,8,1,3.875,3.875,0
5051,4,0,3,5,4,0.6,0.6,1
5087,0,3,53,4,0,13.25,13.25,0
5088,6,0,6,7,6,0.857143,0.857143,1
5092,2,0,7,3,2,2.333333,2.333333,1
5094,1,2,64,4,1,16.0,16.0,0
5095,2,0,7,3,2,2.333333,2.333333,1
5098,2,0,0,3,2,0.0,0.0,1
5105,10,0,2,11,10,0.181818,0.181818,1
5113,13,0,8,14,13,0.571429,0.571429,1
5116,2,0,6,3,2,2.0,2.0,1
5119,3,0,7,4,3,1.75,1.75,1
5120,12,0,12,13,12,0.923077,0.923077,1
5023,0,0,4,1,0,4.0,4.0,1
5103,2,0,4,3,2,1.333333,1.333333,1
5118,6,0,9,7,6,1.285714,1.285714,1
5121,7,0,3,8,7,0.375,0.375,1
5122,2,6,57,9,2,6.333333,6.333333,0
5127,2,5,49,8,2,6.125,6.125,0
5129,0,6,48,7,0,6.857143,6.857143,0
5130,3,0,3,4,3,0.75,0.75,1
5115,0,2,45,3,0,15.0,15.0,0
5123,4,0,7,5,4,1.4,1.4,1
5125,5,0,2,6,5,0.333333,0.333333,1
5134,8,0,2,9,8,0.222222,0.222222,1
5136,5,0,5,6,5,0.833333,0.833333,1
5137,10,0,5,11,10,0.454545,0.454545,1
5140,5,0,7,6,5,1.166667,1.166667,1
5090,3,0,4,4,3,1.0,1.0,1
5111,1,0,12,2,1,6.0,6.0,1
5112,3,0,7,4,3,1.75,1.75,1
5124,0,0,9,1,0,9.0,9.0,1
5126,3,4,39,8,3,4.875,4.875,0
5131,3,0,4,4,3,1.0,1.0,1
5132,2,0,6,3,2,2.0,2.0,1
5133,0,0,18,1,0,18.0,18.0,0
5139,0,3,37,4,0,9.25,9.25,0
5144,1,0,5,2,1,2.5,2.5,1
5146,2,0,66,3,2,22.0,22.0,0
5147,1,0,11,2,1,5.5,5.5,1
5148,2,5,42,8,2,5.25,5.25,0
5150,0,0,5,1,0,5.0,5.0,1
4982,3,0,6,4,3,1.5,1.5,1
5082,0,0,8,1,0,8.0,8.0,1
5114,0,0,6,1,0,6.0,6.0,1
5128,0,0,4,1,0,4.0,4.0,1
5151,0,2,48,3,0,16.0,16.0,0
5152,3,0,3,4,3,0.75,0.75,1
5154,0,0,6,1,0,6.0,6.0,1
5156,12,0,9,13,12,0.692308,0.692308,1
5159,6,0,3,7,6,0.428571,0.428571,1
5160,0,0,4,1,0,4.0,4.0,1
5108,5,0,4,6,5,0.666667,0.666667,1
5141,4,0,5,5,4,1.0,1.0,1
5163,2,0,6,3,2,2.0,2.0,1
5168,1,0,4,2,1,2.0,2.0,1
5169,4,0,5,5,4,1.0,1.0,1
4940,4,3,55,8,4,6.875,6.875,0
5142,2,0,12,3,2,4.0,4.0,1
5149,8,0,5,9,8,0.555556,0.555556,1
5171,5,0,8,6,5,1.333333,1.333333,1
5172,4,0,1,5,4,0.2,0.2,1
5173,1,3,58,5,1,11.6,11.6,0
5174,4,0,10,5,4,2.0,2.0,1
5175,0,0,5,1,0,5.0,5.0,1
5176,0,0,4,1,0,4.0,4.0,1
5178,0,0,22,1,0,22.0,22.0,0
5180,11,0,5,12,11,0.416667,0.416667,1
5045,1,1,32,3,1,10.666667,10.666667,0
5138,2,0,8,3,2,2.666667,2.666667,1
5145,1,0,1,2,1,0.5,0.5,1
5155,0,2,30,3,0,10.0,10.0,0
5162,0,0,7,1,0,7.0,7.0,1
5166,1,0,5,2,1,2.5,2.5,1
5170,5,0,5,6,5,0.833333,0.833333,1
5177,9,0,6,10,9,0.6,0.6,1
5183,2,0,7,3,2,2.333333,2.333333,1
5186,1,3,58,5,1,11.6,11.6,0
5189,1,0,5,2,1,2.5,2.5,1
5093,1,2,53,4,1,13.25,13.25,0
5143,0,0,24,1,0,24.0,24.0,0
5164,7,0,7,8,7,0.875,0.875,1
5182,2,0,12,3,2,4.0,4.0,1
5190,2,0,10,3,2,3.333333,3.333333,1
5191,2,0,3,3,2,1.0,1.0,1
5192,11,0,5,12,11,0.416667,0.416667,1
5193,11,0,7,12,11,0.583333,0.583333,1
5195,1,3,45,5,1,9.0,9.0,0
5197,4,0,4,5,4,0.8,0.8,1
5198,4,0,6,5,4,1.2,1.2,1
5135,3,0,7,4,3,1.75,1.75,1
5161,4,0,3,5,4,0.6,0.6,1
5185,7,0,5,8,7,0.625,0.625,1
5200,6,0,7,7,6,1.0,1.0,1
5201,0,0,0,1,0,0.0,0.0,1
5203,4,0,6,5,4,1.2,1.2,1
5206,2,0,7,3,2,2.333333,2.333333,1
5207,3,0,4,4,3,1.0,1.0,1
5208,2,0,9,3,2,3.0,3.0,1
5209,0,0,48,1,0,48.0,48.0,0
5210,1,0,6,2,1,3.0,3.0,1
5117,11,0,11,12,11,0.916667,0.916667,1
5167,2,0,5,3,2,1.666667,1.666667,1
5179,2,0,4,3,2,1.333333,1.333333,1
5184,1,0,5,2,1,2.5,2.5,1
5187,0,7,54,8,0,6.75,6.75,0
5205,2,0,6,3,2,2.0,2.0,1
5211,5,0,5,6,5,0.833333,0.833333,1
5213,1,2,44,4,1,11.0,11.0,0
5215,7,0,7,8,7,0.875,0.875,1
5217,3,0,3,4,3,0.75,0.75,1
5218,1,0,4,2,1,2.0,2.0,1
5219,8,0,4,9,8,0.444444,0.444444,1
5220,0,0,13,1,0,13.0,13.0,1
5081,1,0,6,2,1,3.0,3.0,1
5165,0,2,49,3,0,16.333333,16.333333,0
5188,1,0,6,2,1,3.0,3.0,1
5194,2,0,1,3,2,0.333333,0.333333,1
5199,3,0,6,4,3,1.5,1.5,1
5202,3,0,10,4,3,2.5,2.5,1
5221,0,0,36,1,0,36.0,36.0,0
5222,2,0,8,3,2,2.666667,2.666667,1
5223,0,0,3,1,0,3.0,3.0,1
5224,3,0,7,4,3,1.75,1.75,1
5225,0,4,48,5,0,9.6,9.6,0
5227,3,0,9,4,3,2.25,2.25,1
5228,3,0,6,4,3,1.5,1.5,1
5229,0,0,7,1,0,7.0,7.0,1
5230,3,0,3,4,3,0.75,0.75,1
5214,7,0,9,8,7,1.125,1.125,1
5232,0,1,34,2,0,17.0,17.0,0
5234,3,0,3,4,3,0.75,0.75,1
5235,5,0,5,6,5,0.833333,0.833333,1
5236,8,0,5,9,8,0.555556,0.555556,1
5238,2,0,4,3,2,1.333333,1.333333,1
5240,0,9,59,10,0,5.9,5.9,0
5242,6,0,11,7,6,1.571429,1.571429,1
5244,5,0,6,6,5,1.0,1.0,1
5245,6,0,8,7,6,1.142857,1.142857,1
5246,9,0,4,10,9,0.4,0.4,1
5247,0,2,32,3,0,10.666667,10.666667,0
5249,1,0,10,2,1,5.0,5.0,1
5106,6,0,6,7,6,0.857143,0.857143,1
5157,0,0,7,1,0,7.0,7.0,1
5181,0,0,26,1,0,26.0,26.0,0
5231,0,0,3,1,0,3.0,3.0,1
5251,4,0,4,5,4,0.8,0.8,1
5253,0,0,48,1,0,48.0,48.0,0
5256,2,0,5,3,2,1.666667,1.666667,1
5258,0,0,6,1,0,6.0,6.0,1
5260,7,0,6,8,7,0.75,0.75,1
5158,1,0,7,2,1,3.5,3.5,1
5212,3,0,3,4,3,0.75,0.75,1
5226,5,0,6,6,5,1.0,1.0,1
5243,4,0,3,5,4,0.6,0.6,1
5252,2,6,47,9,2,5.222222,5.222222,0
5262,1,4,40,6,1,6.666667,6.666667,0
5263,6,0,6,7,6,0.857143,0.857143,1
5264,2,0,11,3,2,3.666667,3.666667,1
5266,3,0,4,4,3,1.0,1.0,1
5267,5,0,5,6,5,0.833333,0.833333,1
5259,0,1,46,2,0,23.0,23.0,0
5261,1,0,4,2,1,2.0,2.0,1
5265,0,0,3,1,0,3.0,3.0,1
5268,2,0,4,3,2,1.333333,1.333333,1
5269,2,0,1,3,2,0.333333,0.333333,1
5271,7,0,13,8,7,1.625,1.625,1
5273,6,0,9,7,6,1.285714,1.285714,1
5274,4,0,7,5,4,1.4,1.4,1
5275,1,1,34,3,1,11.333333,11.333333,0
5276,0,0,6,1,0,6.0,6.0,1
5277,0,0,6,1,0,6.0,6.0,1
5279,0,0,5,1,0,5.0,5.0,1
5239,0,3,43,4,0,10.75,10.75,0
5241,3,0,4,4,3,1.0,1.0,1
5248,6,0,9,7,6,1.285714,1.285714,1
5250,1,0,4,2,1,2.0,2.0,1
5254,2,0,8,3,2,2.666667,2.666667,1
5270,2,0,1,3,2,0.333333,0.333333,1
5280,2,9,47,12,2,3.916667,3.916667,0
5282,0,0,7,1,0,7.0,7.0,1
5283,0,0,4,1,0,4.0,4.0,1
5284,6,0,7,7,6,1.0,1.0,1
5285,3,0,8,4,3,2.0,2.0,1
5286,2,0,3,3,2,1.0,1.0,1
5287,6,0,4,7,6,0.571429,0.571429,1
5288,0,5,56,6,0,9.333333,9.333333,0
5289,0,0,8,1,0,8.0,8.0,1
5237,0,1,42,2,0,21.0,21.0,0
5272,1,2,33,4,1,8.25,8.25,0
5278,1,0,5,2,1,2.5,2.5,1
5291,0,0,4,1,0,4.0,4.0,1
5292,5,0,1,6,5,0.166667,0.166667,1
5294,0,1,64,2,0,32.0,32.0,0
5296,4,0,12,5,4,2.4,2.4,1
5297,2,0,5,3,2,1.666667,1.666667,1
5298,1,0,3,2,1,1.5,1.5,1
5300,3,0,6,4,3,1.5,1.5,1
5153,0,0,5,1,0,5.0,5.0,1
5216,3,0,7,4,3,1.75,1.75,1
5233,4,0,7,5,4,1.4,1.4,1
5281,3,0,1,4,3,0.25,0.25,1
5293,3,0,6,4,3,1.5,1.5,1
5295,0,0,2,1,0,2.0,2.0,1
5302,8,0,9,9,8,1.0,1.0,1
5307,2,0,4,3,2,1.333333,1.333333,1
5290,6,0,8,7,6,1.142857,1.142857,1
5306,2,0,4,3,2,1.333333,1.333333,1
5308,0,0,45,1,0,45.0,45.0,0
5315,2,0,3,3,2,1.0,1.0,1
5317,0,0,6,1,0,6.0,6.0,1
5319,0,0,6,1,0,6.0,6.0,1
5320,2,0,2,3,2,0.666667,0.666667,1
5257,0,0,4,1,0,4.0,4.0,1
5301,4,0,17,5,4,3.4,3.4,1
5303,3,0,11,4,3,2.75,2.75,1
5309,5,0,5,6,5,0.833333,0.833333,1
5310,6,0,7,7,6,1.0,1.0,1
5313,0,0,12,1,0,12.0,12.0,1
5316,0,0,43,1,0,43.0,43.0,0
5321,0,0,8,1,0,8.0,8.0,1
5322,1,3,63,5,1,12.6,12.6,0
5324,0,1,19,2,0,9.5,9.5,0
5325,2,0,5,3,2,1.666667,1.666667,1
5326,0,0,0,1,0,0.0,0.0,1
5327,6,0,6,7,6,0.857143,0.857143,1
5196,0,0,29,1,0,29.0,29.0,0
5304,2,0,8,3,2,2.666667,2.666667,1
5333,6,0,5,7,6,0.714286,0.714286,1
5334,1,0,3,2,1,1.5,1.5,1
5336,0,0,4,1,0,4.0,4.0,1
5337,1,2,44,4,1,11.0,11.0,0
5339,3,0,4,4,3,1.0,1.0,1
5340,0,0,2,1,0,2.0,2.0,1
5331,4,0,8,5,4,1.6,1.6,1
5341,10,0,6,11,10,0.545455,0.545455,1
5344,4,0,4,5,4,0.8,0.8,1
5346,4,0,12,5,4,2.4,2.4,1
5347,0,3,55,4,0,13.75,13.75,0
5349,2,0,8,3,2,2.666667,2.666667,1
5350,3,0,5,4,3,1.25,1.25,1
5255,6,0,10,7,6,1.428571,1.428571,1
5299,2,0,7,3,2,2.333333,2.333333,1
5330,0,0,33,1,0,33.0,33.0,0
5332,0,0,5,1,0,5.0,5.0,1
5351,2,0,2,3,2,0.666667,0.666667,1
5353,0,0,5,1,0,5.0,5.0,1
5355,0,0,11,1,0,11.0,11.0,1
5356,0,0,4,1,0,4.0,4.0,1
5357,1,0,5,2,1,2.5,2.5,1
5360,7,0,6,8,7,0.75,0.75,1
5204,0,0,7,1,0,7.0,7.0,1
5305,7,0,5,8,7,0.625,0.625,1
5329,5,0,6,6,5,1.0,1.0,1
5342,7,0,4,8,7,0.5,0.5,1
5361,0,2,35,3,0,11.666667,11.666667,0
5362,0,7,38,8,0,4.75,4.75,0
5363,5,0,6,6,5,1.0,1.0,1
5365,5,0,5,6,5,0.833333,0.833333,1
5368,2,0,2,3,2,0.666667,0.666667,1
5369,2,0,1,3,2,0.333333,0.333333,1
5312,4,0,7,5,4,1.4,1.4,1
5314,8,0,6,9,8,0.666667,0.666667,1
5318,0,3,42,4,0,10.5,10.5,0
5345,2,0,12,3,2,4.0,4.0,1
5352,0,0,4,1,0,4.0,4.0,1
5358,0,5,76,6,0,12.666667,12.666667,0
5366,4,0,2,5,4,0.4,0.4,1
5377,2,0,3,3,2,1.0,1.0,1
5378,5,0,4,6,5,0.666667,0.666667,1
5338,11,0,8,12,11,0.666667,0.666667,1
5343,0,0,53,1,0,53.0,53.0,0
5364,1,4,40,6,1,6.666667,6.666667,0
5370,0,0,4,1,0,4.0,4.0,1
5371,6,0,5,7,6,0.714286,0.714286,1
5373,1,5,55,7,1,7.857143,7.857143,0
5375,2,1,51,4,2,12.75,12.75,0
5379,2,0,3,3,2,1.0,1.0,1
5380,0,0,0,1,0,0.0,0.0,1
5381,2,10,36,13,2,2.769231,2.769231,0
5382,1,0,2,2,1,1.0,1.0,1
5383,0,0,5,1,0,5.0,5.0,1
5388,4,0,5,5,4,1.0,1.0,1
5390,2,0,0,3,2,0.0,0.0,1
5335,0,0,57,1,0,57.0,57.0,0
5348,0,0,13,1,0,13.0,13.0,1
5354,2,0,5,3,2,1.666667,1.666667,1
5359,0,0,6,1,0,6.0,6.0,1
5372,4,0,5,5,4,1.0,1.0,1
5387,0,3,44,4,0,11.0,11.0,0
5392,2,0,6,3,2,2.0,2.0,1
5393,4,0,8,5,4,1.6,1.6,1
5395,6,0,4,7,6,0.571429,0.571429,1
5396,0,3,58,4,0,14.5,14.5,0
5397,0,0,7,1,0,7.0,7.0,1
5398,0,0,6,1,0,6.0,6.0,1
5328,9,0,0,10,9,0.0,0.0,1
5399,12,0,6,13,12,0.461538,0.461538,1
5403,0,0,12,1,0,12.0,12.0,1
5409,5,0,4,6,5,0.666667,0.666667,1
5376,0,0,2,1,0,2.0,2.0,1
5384,2,0,3,3,2,1.0,1.0,1
5394,0,0,27,1,0,27.0,27.0,0
5400,2,0,7,3,2,2.333333,2.333333,1
5401,5,0,5,6,5,0.833333,0.833333,1
5404,2,0,7,3,2,2.333333,2.333333,1
5406,0,0,6,1,0,6.0,6.0,1
5408,5,0,1,6,5,0.166667,0.166667,1
5412,3,0,6,4,3,1.5,1.5,1
5413,0,0,41,1,0,41.0,41.0,0
5414,1,0,2,2,1,1.0,1.0,1
5416,0,0,4,1,0,4.0,4.0,1
5417,4,0,8,5,4,1.6,1.6,1
5420,0,2,49,3,0,16.333333,16.333333,0
5311,5,0,7,6,5,1.166667,1.166667,1
5391,2,0,5,3,2,1.666667,1.666667,1
5411,1,1,27,3,1,9.0,9.0,0
5415,1,0,5,2,1,2.5,2.5,1
5421,2,0,6,3,2,2.0,2.0,1
5422,1,0,4,2,1,2.0,2.0,1
5427,2,0,2,3,2,0.666667,0.666667,1
5386,0,0,5,1,0,5.0,5.0,1
5407,0,11,54,12,0,4.5,4.5,0
5418,1,1,35,3,1,11.666667,11.666667,0
5423,0,0,9,1,0,9.0,9.0,1
5425,0,0,0,1,0,0.0,0.0,1
5433,1,5,42,7,1,6.0,6.0,0
5436,3,0,6,4,3,1.5,1.5,1
5438,0,0,7,1,0,7.0,7.0,1
5439,4,0,0,5,4,0.0,0.0,1
5435,4,0,1,5,4,0.2,0.2,1
5441,3,0,5,4,3,1.25,1.25,1
5442,3,0,4,4,3,1.0,1.0,1
5443,2,0,4,3,2,1.333333,1.333333,1
5444,0,2,8,3,0,2.666667,2.666667,0
5445,1,0,2,2,1,1.0,1.0,1
5446,2,0,8,3,2,2.666667,2.666667,1
5447,1,2,63,4,1,15.75,15.75,0
5450,4,0,1,5,4,0.2,0.2,1
5385,0,0,6,1,0,6.0,6.0,1
5424,0,0,4,1,0,4.0,4.0,1
5430,10,0,4,11,10,0.363636,0.363636,1
5434,2,0,7,3,2,2.333333,2.333333,1
5437,4,0,3,5,4,0.6,0.6,1
5440,0,0,3,1,0,3.0,3.0,1
5453,0,0,6,1,0,6.0,6.0,1
5457,3,4,39,8,3,4.875,4.875,0
5460,0,0,3,1,0,3.0,3.0,1
5367,2,0,7,3,2,2.333333,2.333333,1
5410,0,2,60,3,0,20.0,20.0,0
5431,8,0,8,9,8,0.888889,0.888889,1
5449,6,0,3,7,6,0.428571,0.428571,1
5458,1,0,5,2,1,2.5,2.5,1
5459,0,0,8,1,0,8.0,8.0,1
5464,5,0,8,6,5,1.333333,1.333333,1
5465,1,0,7,2,1,3.5,3.5,1
5466,4,0,6,5,4,1.2,1.2,1
5467,2,0,10,3,2,3.333333,3.333333,1
5468,1,0,5,2,1,2.5,2.5,1
5402,0,0,2,1,0,2.0,2.0,1
5405,1,0,3,2,1,1.5,1.5,1
5448,0,1,64,2,0,32.0,32.0,0
5454,0,0,2,1,0,2.0,2.0,1
5462,6,0,7,7,6,1.0,1.0,1
5463,9,0,10,10,9,1.0,1.0,1
5471,1,0,11,2,1,5.5,5.5,1
5473,6,0,2,7,6,0.285714,0.285714,1
5476,0,0,7,1,0,7.0,7.0,1
5428,4,0,6,5,4,1.2,1.2,1
5429,3,0,8,4,3,2.0,2.0,1
5432,7,0,2,8,7,0.25,0.25,1
5455,0,0,2,1,0,2.0,2.0,1
5469,4,0,2,5,4,0.4,0.4,1
5470,2,0,7,3,2,2.333333,2.333333,1
5474,1,0,8,2,1,4.0,4.0,1
5475,0,0,4,1,0,4.0,4.0,1
5477,6,0,7,7,6,1.0,1.0,1
5478,4,0,5,5,4,1.0,1.0,1
5479,0,3,35,4,0,8.75,8.75,0
5481,0,0,10,1,0,10.0,10.0,1
5482,1,0,5,2,1,2.5,2.5,1
5483,0,0,40,1,0,40.0,40.0,0
5485,7,0,8,8,7,1.0,1.0,1
5486,6,0,5,7,6,0.714286,0.714286,1
5487,2,0,5,3,2,1.666667,1.666667,1
5490,0,0,7,1,0,7.0,7.0,1
5323,0,0,5,1,0,5.0,5.0,1
5374,0,0,10,1,0,10.0,10.0,1
5426,1,0,11,2,1,5.5,5.5,1
5451,2,0,10,3,2,3.333333,3.333333,1
5452,0,0,24,1,0,24.0,24.0,0
5492,0,0,4,1,0,4.0,4.0,1
5494,2,0,6,3,2,2.0,2.0,1
5495,0,0,40,1,0,40.0,40.0,0
5496,2,0,6,3,2,2.0,2.0,1
5497,0,0,8,1,0,8.0,8.0,1
5499,3,0,7,4,3,1.75,1.75,1
5500,1,0,4,2,1,2.0,2.0,1
5503,0,0,53,1,0,53.0,53.0,0
5505,1,0,7,2,1,3.5,3.5,1
5507,2,0,3,3,2,1.0,1.0,1
5508,3,0,7,4,3,1.75,1.75,1
5509,0,0,4,1,0,4.0,4.0,1
5456,4,0,7,5,4,1.4,1.4,1
5461,0,0,2,1,0,2.0,2.0,1
5472,1,0,5,2,1,2.5,2.5,1
5498,4,0,7,5,4,1.4,1.4,1
5501,8,0,9,9,8,1.0,1.0,1
5502,0,0,9,1,0,9.0,9.0,1
5510,5,0,7,6,5,1.166667,1.166667,1
5511,11,0,2,12,11,0.166667,0.166667,1
5512,2,0,2,3,2,0.666667,0.666667,1
5516,1,0,5,2,1,2.5,2.5,1
5518,0,1,49,2,0,24.5,24.5,0
5520,4,0,6,5,4,1.2,1.2,1
5480,2,0,5,3,2,1.666667,1.666667,1
5484,0,0,4,1,0,4.0,4.0,1
5493,5,0,8,6,5,1.333333,1.333333,1
5515,0,0,4,1,0,4.0,4.0,1
5517,0,3,34,4,0,8.5,8.5,0
5521,3,0,7,4,3,1.75,1.75,1
5523,1,2,64,4,1,16.0,16.0,0
5525,3,0,4,4,3,1.0,1.0,1
5526,2,0,2,3,2,0.666667,0.666667,1
5527,5,0,6,6,5,1.0,1.0,1
5529,1,0,3,2,1,1.5,1.5,1
5530,0,0,27,1,0,27.0,27.0,0
5488,3,0,12,4,3,3.0,3.0,1
5491,4,0,7,5,4,1.4,1.4,1
5519,0,0,4,1,0,4.0,4.0,1
5522,0,0,32,1,0,32.0,32.0,0
5532,0,2,45,3,0,15.0,15.0,0
5534,2,4,52,7,2,7.428571,7.428571,0
5537,4,0,5,5,4,1.0,1.0,1
5538,0,0,6,1,0,6.0,6.0,1
5539,5,0,10,6,5,1.666667,1.666667,1
5536,0,0,2,1,0,2.0,2.0,1
5540,2,0,7,3,2,2.333333,2.333333,1
5541,0,0,3,1,0,3.0,3.0,1
5542,3,0,2,4,3,0.5,0.5,1
5543,0,0,6,1,0,6.0,6.0,1
5544,0,0,32,1,0,32.0,32.0,0
5548,0,0,5,1,0,5.0,5.0,1
5550,2,0,5,3,2,1.666667,1.666667,1
5389,5,0,4,6,5,0.666667,0.666667,1
5504,2,0,6,3,2,2.0,2.0,1
5513,2,0,7,3,2,2.333333,2.333333,1
5514,2,0,6,3,2,2.0,2.0,1
5528,3,0,3,4,3,0.75,0.75,1
5535,0,0,43,1,0,43.0,43.0,0
5552,1,0,3,2,1,1.5,1.5,1
5554,0,2,40,3,0,13.333333,13.333333,0
5555,0,0,0,1,0,0.0,0.0,1
5557,2,0,8,3,2,2.666667,2.666667,1
5558,5,0,2,6,5,0.333333,0.333333,1
5559,2,1,63,4,2,15.75,15.75,0
5506,3,0,3,4,3,0.75,0.75,1
5551,1,0,5,2,1,2.5,2.5,1
5553,0,0,11,1,0,11.0,11.0,1
5561,2,0,7,3,2,2.333333,2.333333,1
5562,3,0,6,4,3,1.5,1.5,1
5566,0,1,37,2,0,18.5,18.5,0
5567,0,0,3,1,0,3.0,3.0,1
5569,1,0,1,2,1,0.5,0.5,1
5570,0,0,46,1,0,46.0,46.0,0
5533,0,0,5,1,0,5.0,5.0,1
5563,5,0,8,6,5,1.333333,1.333333,1
5564,0,0,2,1,0,2.0,2.0,1
5565,0,1,41,2,0,20.5,20.5,0
5568,5,0,2,6,5,0.333333,0.333333,1
5571,2,0,6,3,2,2.0,2.0,1
5573,0,0,4,1,0,4.0,4.0,1
5577,5,0,7,6,5,1.166667,1.166667,1
5578,0,0,5,1,0,5.0,5.0,1
5579,0,0,12,1,0,12.0,12.0,1
5580,2,4,31,7,2,4.428571,4.428571,0
5419,0,0,10,1,0,10.0,10.0,1
5531,1,0,6,2,1,3.0,3.0,1
5575,1,8,49,10,1,4.9,4.9,0
5581,0,0,44,1,0,44.0,44.0,0
5583,0,0,1,1,0,1.0,1.0,1
5584,0,0,4,1,0,4.0,4.0,1
5585,0,5,46,6,0,7.666667,7.666667,0
5586,2,0,7,3,2,2.333333,2.333333,1
5587,0,0,44,1,0,44.0,44.0,0
5546,2,0,3,3,2,1.0,1.0,1
5572,2,0,4,3,2,1.333333,1.333333,1
5574,0,2,41,3,0,13.666667,13.666667,0
5592,1,6,47,8,1,5.875,5.875,0
5593,0,0,5,1,0,5.0,5.0,1
5594,2,0,9,3,2,3.0,3.0,1
5596,0,0,6,1,0,6.0,6.0,1
5597,7,0,10,8,7,1.25,1.25,1
5598,0,2,28,3,0,9.333333,9.333333,0
5599,1,0,1,2,1,0.5,0.5,1
5600,9,0,4,10,9,0.4,0.4,1
5524,0,0,6,1,0,6.0,6.0,1
5549,2,0,3,3,2,1.0,1.0,1
5556,4,0,5,5,4,1.0,1.0,1
5560,0,0,39,1,0,39.0,39.0,0
5588,0,0,53,1,0,53.0,53.0,0
5590,0,0,4,1,0,4.0,4.0,1
5595,3,0,3,4,3,0.75,0.75,1
5601,0,1,45,2,0,22.5,22.5,0
5602,1,0,2,2,1,1.0,1.0,1
5604,2,0,3,3,2,1.0,1.0,1
5606,1,0,3,2,1,1.5,1.5,1
5607,2,0,3,3,2,1.0,1.0,1
5608,0,6,45,7,0,6.428571,6.428571,0
5609,4,0,4,5,4,0.8,0.8,1
5489,0,0,3,1,0,3.0,3.0,1
5545,0,0,4,1,0,4.0,4.0,1
5603,0,0,12,1,0,12.0,12.0,1
5605,0,0,15,1,0,15.0,15.0,1
5611,2,0,11,3,2,3.666667,3.666667,1
5612,0,0,45,1,0,45.0,45.0,0
5614,1,9,36,11,1,3.272727,3.272727,0
5615,2,0,3,3,2,1.0,1.0,1
5616,3,0,5,4,3,1.25,1.25,1
5617,0,0,44,1,0,44.0,44.0,0
5618,0,0,7,1,0,7.0,7.0,1
5619,1,0,2,2,1,1.0,1.0,1
5620,1,0,2,2,1,1.0,1.0,1
5591,0,0,8,1,0,8.0,8.0,1
5613,4,0,8,5,4,1.6,1.6,1
5621,4,0,8,5,4,1.6,1.6,1
5622,1,0,1,2,1,0.5,0.5,1
5625,1,0,5,2,1,2.5,2.5,1
5626,2,0,5,3,2,1.666667,1.666667,1
5627,3,2,27,6,3,4.5,4.5,0
5629,2,0,0,3,2,0.0,0.0,1
5628,0,0,5,1,0,5.0,5.0,1
5631,5,0,1,6,5,0.166667,0.166667,1
5633,1,1,34,3,1,11.333333,11.333333,0
5634,3,0,7,4,3,1.75,1.75,1
5637,4,0,6,5,4,1.2,1.2,1
5638,0,2,36,3,0,12.0,12.0,0
5639,1,0,3,2,1,1.5,1.5,1
5623,0,0,1,1,0,1.0,1.0,1
5632,9,0,4,10,9,0.4,0.4,1
5635,0,0,6,1,0,6.0,6.0,1
5641,2,0,4,3,2,1.333333,1.333333,1
5642,1,0,4,2,1,2.0,2.0,1
5644,2,0,5,3,2,1.666667,1.666667,1
5645,2,0,9,3,2,3.0,3.0,1
5646,0,0,6,1,0,6.0,6.0,1
5647,2,0,4,3,2,1.333333,1.333333,1
5649,1,0,3,2,1,1.5,1.5,1
5650,0,0,40,1,0,40.0,40.0,0
5640,0,0,37,1,0,37.0,37.0,0
5643,5,0,4,6,5,0.666667,0.666667,1
5648,0,0,7,1,0,7.0,7.0,1
5651,3,0,8,4,3,2.0,2.0,1
5652,0,0,6,1,0,6.0,6.0,1
5653,0,0,6,1,0,6.0,6.0,1
5655,0,0,4,1,0,4.0,4.0,1
5660,3,0,5,4,3,1.25,1.25,1
5589,1,1,45,3,1,15.0,15.0,0
5636,4,0,7,5,4,1.4,1.4,1
5656,0,2,36,3,0,12.0,12.0,0
5657,7,0,2,8,7,0.25,0.25,1
5662,0,0,4,1,0,4.0,4.0,1
5663,0,0,7,1,0,7.0,7.0,1
5665,3,0,6,4,3,1.5,1.5,1
5668,1,4,46,6,1,7.666667,7.666667,0
5669,0,2,22,3,0,7.333333,7.333333,0
5670,0,2,20,3,0,6.666667,6.666667,0
5547,0,6,26,7,0,3.714286,3.714286,0
5658,0,0,3,1,0,3.0,3.0,1
5664,0,0,11,1,0,11.0,11.0,1
5671,3,0,7,4,3,1.75,1.75,1
5673,3,0,10,4,3,2.5,2.5,1
5674,0,2,45,3,0,15.0,15.0,0
5675,6,0,4,7,6,0.571429,0.571429,1
5677,1,4,25,6,1,4.166667,4.166667,0
5678,0,0,4,1,0,4.0,4.0,1
5661,3,0,4,4,3,1.0,1.0,1
5679,0,0,5,1,0,5.0,5.0,1
5680,5,0,6,6,5,1.0,1.0,1
5682,2,0,2,3,2,0.666667,0.666667,1
5684,2,0,4,3,2,1.333333,1.333333,1
5685,0,0,3,1,0,3.0,3.0,1
5686,5,0,4,6,5,0.666667,0.666667,1
5688,2,0,1,3,2,0.333333,0.333333,1
5630,0,0,2,1,0,2.0,2.0,1
5659,0,0,8,1,0,8.0,8.0,1
5687,1,0,6,2,1,3.0,3.0,1
5691,8,0,5,9,8,0.555556,0.555556,1
5692,7,0,6,8,7,0.75,0.75,1
5694,0,0,3,1,0,3.0,3.0,1
5697,3,0,6,4,3,1.5,1.5,1
5700,0,0,5,1,0,5.0,5.0,1
5576,0,0,40,1,0,40.0,40.0,0
5689,2,0,7,3,2,2.333333,2.333333,1
5690,0,0,35,1,0,35.0,35.0,0
5693,7,0,5,8,7,0.625,0.625,1
5695,7,0,3,8,7,0.375,0.375,1
5696,4,0,4,5,4,0.8,0.8,1
5701,0,0,5,1,0,5.0,5.0,1
5702,0,0,8,1,0,8.0,8.0,1
5703,2,0,8,3,2,2.666667,2.666667,1
5706,0,0,5,1,0,5.0,5.0,1
5708,1,0,7,2,1,3.5,3.5,1
5710,7,0,6,8,7,0.75,0.75,1
5582,0,0,5,1,0,5.0,5.0,1
5666,0,0,7,1,0,7.0,7.0,1
5704,0,6,39,7,0,5.571429,5.571429,0
5711,2,2,46,5,2,9.2,9.2,0
5712,1,1,29,3,1,9.666667,9.666667,0
5713,1,0,6,2,1,3.0,3.0,1
5714,5,0,4,6,5,0.666667,0.666667,1
5716,0,4,27,5,0,5.4,5.4,0
5717,3,0,2,4,3,0.5,0.5,1
5719,6,0,6,7,6,0.857143,0.857143,1
5654,1,0,5,2,1,2.5,2.5,1
5672,0,0,5,1,0,5.0,5.0,1
5676,4,0,4,5,4,0.8,0.8,1
5683,0,0,2,1,0,2.0,2.0,1
5699,7,0,7,8,7,0.875,0.875,1
5715,5,0,6,6,5,1.0,1.0,1
5722,0,0,31,1,0,31.0,31.0,0
5725,6,0,4,7,6,0.571429,0.571429,1
5726,0,0,25,1,0,25.0,25.0,0
5728,0,1,42,2,0,21.0,21.0,0
5729,0,4,41,5,0,8.2,8.2,0
5730,2,0,5,3,2,1.666667,1.666667,1
5624,3,0,6,4,3,1.5,1.5,1
5705,2,0,7,3,2,2.333333,2.333333,1
5721,3,0,8,4,3,2.0,2.0,1
5732,0,0,9,1,0,9.0,9.0,1
5733,4,0,12,5,4,2.4,2.4,1
5735,5,0,8,6,5,1.333333,1.333333,1
5737,0,0,1,1,0,1.0,1.0,1
5738,1,0,2,2,1,1.0,1.0,1
5740,0,0,4,1,0,4.0,4.0,1
5610,3,0,5,4,3,1.25,1.25,1
5709,7,0,7,8,7,0.875,0.875,1
5718,0,0,38,1,0,38.0,38.0,0
5731,1,1,32,3,1,10.666667,10.666667,0
5742,1,0,1,2,1,0.5,0.5,1
5743,2,0,5,3,2,1.666667,1.666667,1
5744,0,2,41,3,0,13.666667,13.666667,0
5745,3,0,8,4,3,2.0,2.0,1
5746,4,0,3,5,4,0.6,0.6,1
5747,9,0,8,10,9,0.8,0.8,1
5748,2,0,7,3,2,2.333333,2.333333,1
5667,2,3,31,6,2,5.166667,5.166667,0
5681,1,1,47,3,1,15.666667,15.666667,0
5720,0,0,8,1,0,8.0,8.0,1
5723,7,0,7,8,7,0.875,0.875,1
5724,1,0,5,2,1,2.5,2.5,1
5736,2,0,8,3,2,2.666667,2.666667,1
5752,6,0,10,7,6,1.428571,1.428571,1
5753,2,0,0,3,2,0.0,0.0,1
5754,2,0,0,3,2,0.0,0.0,1
5756,0,0,5,1,0,5.0,5.0,1
5757,7,0,4,8,7,0.5,0.5,1
5759,0,0,6,1,0,6.0,6.0,1
5760,1,0,4,2,1,2.0,2.0,1
5707,2,0,3,3,2,1.0,1.0,1
5741,4,0,7,5,4,1.4,1.4,1
5751,0,0,6,1,0,6.0,6.0,1
5761,0,0,12,1,0,12.0,12.0,0
5763,4,0,13,5,4,2.6,2.6,1
5765,2,0,4,3,2,1.333333,1.333333,1
5768,7,0,5,8,7,0.625,0.625,1
5758,0,0,41,1,0,41.0,41.0,0
5773,1,0,7,2,1,3.5,3.5,1
5774,0,2,43,3,0,14.333333,14.333333,0
5775,2,0,3,3,2,1.0,1.0,1
5776,5,0,8,6,5,1.333333,1.333333,1
5777,0,0,7,1,0,7.0,7.0,1
5780,0,0,6,1,0,6.0,6.0,1
5727,6,0,7,7,6,1.0,1.0,1
5771,0,0,6,1,0,6.0,6.0,1
5778,0,0,6,1,0,6.0,6.0,0
5781,3,0,2,4,3,0.5,0.5,1
5783,6,0,2,7,6,0.285714,0.285714,1
5785,0,0,3,1,0,3.0,3.0,1
5786,3,0,3,4,3,0.75,0.75,1
5750,4,0,1,5,4,0.2,0.2,1
5767,1,0,5,2,1,2.5,2.5,1
5772,4,0,14,5,4,2.8,2.8,1
5789,4,0,5,5,4,1.0,1.0,1
5790,0,3,41,4,0,10.25,10.25,0
5791,0,0,6,1,0,6.0,6.0,1
5792,3,0,7,4,3,1.75,1.75,1
5795,0,0,4,1,0,4.0,4.0,1
5698,4,0,5,5,4,1.0,1.0,1
5739,3,0,5,4,3,1.25,1.25,1
5755,3,0,8,4,3,2.0,2.0,1
5764,0,0,8,1,0,8.0,8.0,1
5793,0,1,19,2,0,9.5,9.5,0
5796,0,0,22,1,0,22.0,22.0,0
5798,0,5,35,6,0,5.833333,5.833333,0
5800,0,0,9,1,0,9.0,9.0,1
5802,3,0,5,4,3,1.25,1.25,1
5803,5,0,8,6,5,1.333333,1.333333,1
5805,0,0,6,1,0,6.0,6.0,1
5806,4,0,5,5,4,1.0,1.0,1
5807,7,0,7,8,7,0.875,0.875,1
5808,0,1,27,2,0,13.5,13.5,0
5810,3,0,6,4,3,1.5,1.5,1
5749,0,6,55,7,0,7.857143,7.857143,0
5782,5,0,5,6,5,0.833333,0.833333,1
5788,7,0,3,8,7,0.375,0.375,1
5794,2,0,4,3,2,1.333333,1.333333,1
5813,17,0,7,18,17,0.388889,0.388889,1
5814,1,1,27,3,1,9.0,9.0,0
5815,6,0,1,7,6,0.142857,0.142857,1
5816,6,0,5,7,6,0.714286,0.714286,1
5817,3,0,12,4,3,3.0,3.0,1
5819,2,0,1,3,2,0.333333,0.333333,1
5734,1,0,8,2,1,4.0,4.0,1
5784,0,0,4,1,0,4.0,4.0,1
5797,0,0,1,1,0,1.0,1.0,1
5801,0,0,5,1,0,5.0,5.0,1
5811,0,0,4,1,0,4.0,4.0,1
5818,5,0,4,6,5,0.666667,0.666667,1
5821,3,0,0,4,3,0.0,0.0,1
5825,0,0,3,1,0,3.0,3.0,1
5828,3,0,2,4,3,0.5,0.5,1
5762,5,0,7,6,5,1.166667,1.166667,1
5769,4,0,6,5,4,1.2,1.2,1
5822,3,0,3,4,3,0.75,0.75,1
5823,7,0,6,8,7,0.75,0.75,1
5831,10,0,6,11,10,0.545455,0.545455,1
5832,0,0,38,1,0,38.0,38.0,0
5835,5,0,7,6,5,1.166667,1.166667,1
5837,4,0,6,5,4,1.2,1.2,1
5838,0,0,6,1,0,6.0,6.0,1
5839,0,0,3,1,0,3.0,3.0,1
5840,6,0,3,7,6,0.428571,0.428571,1
5809,0,0,7,1,0,7.0,7.0,1
5812,3,4,20,8,3,2.5,2.5,0
5824,6,0,6,7,6,0.857143,0.857143,1
5827,1,2,14,4,1,3.5,3.5,0
5834,11,0,7,12,11,0.583333,0.583333,1
5836,7,0,5,8,7,0.625,0.625,1
5842,0,0,9,1,0,9.0,9.0,1
5843,3,0,5,4,3,1.25,1.25,1
5845,5,0,10,6,5,1.666667,1.666667,1
5848,4,0,9,5,4,1.8,1.8,1
5850,7,0,4,8,7,0.5,0.5,1
5799,2,0,2,3,2,0.666667,0.666667,1
5820,2,0,4,3,2,1.333333,1.333333,1
5830,0,2,53,3,0,17.666667,17.666667,0
5846,12,0,12,13,12,0.923077,0.923077,1
5853,2,1,17,4,2,4.25,4.25,0
5855,0,0,3,1,0,3.0,3.0,1
5858,7,0,5,8,7,0.625,0.625,1
5859,2,0,9,3,2,3.0,3.0,1
5770,4,0,4,5,4,0.8,0.8,1
5833,2,0,9,3,2,3.0,3.0,1
5841,0,0,5,1,0,5.0,5.0,1
5854,3,0,10,4,3,2.5,2.5,1
5861,9,0,5,10,9,0.5,0.5,1
5862,2,0,7,3,2,2.333333,2.333333,1
5866,8,0,4,9,8,0.444444,0.444444,1
5867,2,4,9,7,2,1.285714,1.285714,0
5870,3,0,4,4,3,1.0,1.0,1
5826,5,0,1,6,5,0.166667,0.166667,1
5829,0,0,3,1,0,3.0,3.0,1
5844,3,0,10,4,3,2.5,2.5,1
5860,5,0,4,6,5,0.666667,0.666667,1
5871,2,0,9,3,2,3.0,3.0,1
5874,0,0,0,1,0,0.0,0.0,1
5875,2,0,14,3,2,4.666667,4.666667,1
5879,0,0,3,1,0,3.0,3.0,1
5779,3,0,4,4,3,1.0,1.0,1
5804,1,0,7,2,1,3.5,3.5,1
5864,1,4,31,6,1,5.166667,5.166667,0
5876,1,0,3,2,1,1.5,1.5,1
5882,5,0,3,6,5,0.5,0.5,1
5883,0,0,6,1,0,6.0,6.0,1
5884,1,0,6,2,1,3.0,3.0,1
5888,3,0,1,4,3,0.25,0.25,1
5889,13,0,11,14,13,0.785714,0.785714,1
5890,2,0,2,3,2,0.666667,0.666667,1
5787,4,0,6,5,4,1.2,1.2,1
5856,0,4,33,5,0,6.6,6.6,0
5865,0,0,2,1,0,2.0,2.0,1
5873,0,2,10,3,0,3.333333,3.333333,0
5878,1,0,6,2,1,3.0,3.0,1
5881,2,0,2,3,2,0.666667,0.666667,1
5885,5,0,1,6,5,0.166667,0.166667,1
5891,1,4,27,6,1,4.5,4.5,0
5892,2,0,7,3,2,2.333333,2.333333,1
5893,4,0,10,5,4,2.0,2.0,1
5894,0,2,50,3,0,16.666667,16.666667,0
5897,0,1,22,2,0,11.0,11.0,0
5872,5,0,3,6,5,0.5,0.5,1
5877,3,0,7,4,3,1.75,1.75,1
5887,4,0,5,5,4,1.0,1.0,1
5898,6,0,7,7,6,1.0,1.0,1
5900,3,0,8,4,3,2.0,2.0,1
5901,0,0,4,1,0,4.0,4.0,1
5903,0,0,29,1,0,29.0,29.0,0
5904,0,0,8,1,0,8.0,8.0,1
5906,4,0,5,5,4,1.0,1.0,1
5907,3,0,7,4,3,1.75,1.75,1
5766,2,0,6,3,2,2.0,2.0,1
5847,7,0,3,8,7,0.375,0.375,1
5849,16,0,3,17,16,0.176471,0.176471,1
5851,5,0,5,6,5,0.833333,0.833333,1
5857,1,3,39,5,1,7.8,7.8,0
5920,6,0,10,7,6,1.428571,1.428571,1
5869,8,0,10,9,8,1.111111,1.111111,1
5886,6,0,2,7,6,0.285714,0.285714,1
5895,0,0,9,1,0,9.0,9.0,1
5899,8,0,3,9,8,0.333333,0.333333,1
5902,2,0,4,3,2,1.333333,1.333333,1
5910,0,0,4,1,0,4.0,4.0,1
5912,0,0,2,1,0,2.0,2.0,1
5915,0,0,7,1,0,7.0,7.0,1
5917,4,0,6,5,4,1.2,1.2,1
5919,0,0,32,1,0,32.0,32.0,0
5921,1,0,3,2,1,1.5,1.5,1
5922,2,0,1,3,2,0.333333,0.333333,1
5923,2,0,6,3,2,2.0,2.0,1
5924,0,0,1,1,0,1.0,1.0,1
5925,0,0,3,1,0,3.0,3.0,1
5927,4,0,7,5,4,1.4,1.4,1
5916,2,0,2,3,2,0.666667,0.666667,1
5926,1,0,3,2,1,1.5,1.5,1
5928,7,0,7,8,7,0.875,0.875,1
5929,5,0,4,6,5,0.666667,0.666667,1
5930,0,0,5,1,0,5.0,5.0,1
5931,0,0,7,1,0,7.0,7.0,1
5935,0,0,5,1,0,5.0,5.0,1
5938,1,0,7,2,1,3.5,3.5,1
5940,2,0,6,3,2,2.0,2.0,1
5905,0,0,5,1,0,5.0,5.0,1
5932,0,0,2,1,0,2.0,2.0,1
5934,2,0,3,3,2,1.0,1.0,1
5939,4,0,6,5,4,1.2,1.2,1
5941,1,0,6,2,1,3.0,3.0,1
5947,0,0,3,1,0,3.0,3.0,1
5948,1,5,48,7,1,6.857143,6.857143,0
5909,5,0,10,6,5,1.666667,1.666667,1
5911,0,0,1,1,0,1.0,1.0,1
5913,0,0,2,1,0,2.0,2.0,1
5945,2,0,3,3,2,1.0,1.0,1
5946,3,0,2,4,3,0.5,0.5,1
5949,2,0,6,3,2,2.0,2.0,1
5952,2,0,6,3,2,2.0,2.0,1
5953,0,0,28,1,0,28.0,28.0,0
5954,5,0,2,6,5,0.333333,0.333333,1
5955,1,0,4,2,1,2.0,2.0,1
5957,3,0,10,4,3,2.5,2.5,1
5958,1,0,3,2,1,1.5,1.5,1
5960,4,0,3,5,4,0.6,0.6,1
5963,1,0,1,2,1,0.5,0.5,1
5964,0,0,7,1,0,7.0,7.0,1
5966,3,0,6,4,3,1.5,1.5,1
5967,2,0,2,3,2,0.666667,0.666667,1
5896,8,0,8,9,8,0.888889,0.888889,1
5918,6,0,7,7,6,1.0,1.0,1
5933,5,0,5,6,5,0.833333,0.833333,1
5936,5,0,9,6,5,1.5,1.5,1
5943,11,0,8,12,11,0.666667,0.666667,1
5944,3,0,3,4,3,0.75,0.75,1
5950,2,0,3,3,2,1.0,1.0,1
5956,0,0,6,1,0,6.0,6.0,1
5962,2,0,4,3,2,1.333333,1.333333,1
5971,2,0,6,3,2,2.0,2.0,1
5972,3,0,4,4,3,1.0,1.0,1
5974,0,0,5,1,0,5.0,5.0,1
5975,2,0,3,3,2,1.0,1.0,1
5978,0,1,31,2,0,15.5,15.5,0
5979,0,0,5,1,0,5.0,5.0,1
5980,3,0,6,4,3,1.5,1.5,1
5863,0,0,2,1,0,2.0,2.0,1
5868,1,3,40,5,1,8.0,8.0,0
5914,1,0,36,2,1,18.0,18.0,0
5951,1,1,23,3,1,7.666667,7.666667,0
5969,4,0,4,5,4,0.8,0.8,1
5970,3,0,2,4,3,0.5,0.5,1
5977,0,0,25,1,0,25.0,25.0,0
5981,0,2,42,3,0,14.0,14.0,0
5983,5,0,2,6,5,0.333333,0.333333,1
5985,0,0,2,1,0,2.0,2.0,1
5988,0,0,38,1,0,38.0,38.0,0
5990,11,0,0,12,11,0.0,0.0,1
5880,4,0,1,5,4,0.2,0.2,1
5908,0,0,9,1,0,9.0,9.0,0
5942,2,0,4,3,2,1.333333,1.333333,1
5961,0,0,2,1,0,2.0,2.0,1
5965,3,0,6,4,3,1.5,1.5,1
5973,3,0,7,4,3,1.75,1.75,1
5989,0,0,18,1,0,18.0,18.0,0
5991,3,0,4,4,3,1.0,1.0,1
5992,3,0,9,4,3,2.25,2.25,1
5996,3,0,7,4,3,1.75,1.75,1
5997,1,2,35,4,1,8.75,8.75,0
5999,2,0,10,3,2,3.333333,3.333333,1
6004,1,2,43,4,1,10.75,10.75,0
6007,4,0,6,5,4,1.2,1.2,1
6008,0,0,51,1,0,51.0,51.0,0
5968,0,0,29,1,0,29.0,29.0,0
5976,2,0,3,3,2,1.0,1.0,1
5982,0,0,4,1,0,4.0,4.0,1
5993,1,1,40,3,1,13.333333,13.333333,0
5995,5,0,5,6,5,0.833333,0.833333,1
6005,0,0,2,1,0,2.0,2.0,1
6006,0,0,15,1,0,15.0,15.0,0
6013,2,0,4,3,2,1.333333,1.333333,1
6014,4,0,6,5,4,1.2,1.2,1
6016,0,0,7,1,0,7.0,7.0,1
6018,0,0,3,1,0,3.0,3.0,1
6020,5,0,3,6,5,0.5,0.5,1
5852,2,0,1,3,2,0.333333,0.333333,1
5959,3,0,5,4,3,1.25,1.25,1
5987,3,0,8,4,3,2.0,2.0,1
6002,2,0,6,3,2,2.0,2.0,1
6009,2,0,5,3,2,1.666667,1.666667,1
6012,2,0,7,3,2,2.333333,2.333333,1
6017,1,0,5,2,1,2.5,2.5,1
6019,0,0,27,1,0,27.0,27.0,0
6023,4,0,5,5,4,1.0,1.0,1
6024,4,0,7,5,4,1.4,1.4,1
6026,0,0,3,1,0,3.0,3.0,1
6027,1,0,5,2,1,2.5,2.5,1
6029,2,0,4,3,2,1.333333,1.333333,1
6030,0,1,32,2,0,16.0,16.0,0
6028,3,0,7,4,3,1.75,1.75,1
6031,0,0,0,1,0,0.0,0.0,1
6033,8,0,5,9,8,0.555556,0.555556,1
6034,2,4,41,7,2,5.857143,5.857143,0
6035,0,0,5,1,0,5.0,5.0,1
6036,4,0,6,5,4,1.2,1.2,1
6037,0,0,7,1,0,7.0,7.0,1
6038,0,0,20,1,0,20.0,20.0,0
5984,0,2,44,3,0,14.666667,14.666667,0
5994,0,0,6,1,0,6.0,6.0,1
6001,2,0,7,3,2,2.333333,2.333333,1
6003,0,0,4,1,0,4.0,4.0,1
6021,7,0,3,8,7,0.375,0.375,1
6022,0,0,10,1,0,10.0,10.0,1
6025,1,1,23,3,1,7.666667,7.666667,0
6032,3,0,3,4,3,0.75,0.75,1
6041,3,0,6,4,3,1.5,1.5,1
6042,3,0,0,4,3,0.0,0.0,1
6043,5,0,7,6,5,1.166667,1.166667,1
6045,3,0,8,4,3,2.0,2.0,1
6048,3,0,2,4,3,0.5,0.5,1
5937,0,0,3,1,0,3.0,3.0,1
6015,3,11,56,15,3,3.733333,3.733333,0
6051,0,0,0,1,0,0.0,0.0,1
6052,0,0,3,1,0,3.0,3.0,1
6053,2,0,2,3,2,0.666667,0.666667,1
6054,3,0,2,4,3,0.5,0.5,1
6055,3,0,4,4,3,1.0,1.0,1
6057,0,1,16,2,0,8.0,8.0,0
6058,2,0,7,3,2,2.333333,2.333333,1
6059,6,0,7,7,6,1.0,1.0,1
6046,0,0,21,1,0,21.0,21.0,0
6049,3,0,3,4,3,0.75,0.75,1
6050,0,0,2,1,0,2.0,2.0,1
6061,6,0,3,7,6,0.428571,0.428571,1
6062,1,0,9,2,1,4.5,4.5,1
6064,0,0,25,1,0,25.0,25.0,0
6067,0,4,39,5,0,7.8,7.8,0
6068,4,0,10,5,4,2.0,2.0,1
6069,0,2,39,3,0,13.0,13.0,0
6070,3,0,6,4,3,1.5,1.5,1
6000,4,0,3,5,4,0.6,0.6,1
6039,0,0,4,1,0,4.0,4.0,1
6044,4,0,3,5,4,0.6,0.6,1
6071,0,0,5,1,0,5.0,5.0,1
6072,2,0,3,3,2,1.0,1.0,1
6077,5,0,2,6,5,0.333333,0.333333,1
6078,2,0,1,3,2,0.333333,0.333333,1
6080,0,0,11,1,0,11.0,11.0,0
6010,0,0,8,1,0,8.0,8.0,1
6047,4,0,8,5,4,1.6,1.6,1
6060,0,0,4,1,0,4.0,4.0,1
6066,0,0,4,1,0,4.0,4.0,1
6075,3,0,6,4,3,1.5,1.5,1
6076,1,0,5,2,1,2.5,2.5,1
6082,0,0,3,1,0,3.0,3.0,1
6083,0,6,45,7,0,6.428571,6.428571,0
6087,0,0,1,1,0,1.0,1.0,1
6090,0,0,33,1,0,33.0,33.0,0
6011,3,7,22,11,3,2.0,2.0,0
6040,6,0,3,7,6,0.428571,0.428571,1
6065,4,0,6,5,4,1.2,1.2,1
6081,0,1,26,2,0,13.0,13.0,0
6091,0,0,6,1,0,6.0,6.0,1
6096,2,0,5,3,2,1.666667,1.666667,1
6097,0,0,5,1,0,5.0,5.0,1
6098,1,0,7,2,1,3.5,3.5,1
6099,3,0,3,4,3,0.75,0.75,1
6100,1,0,3,2,1,1.5,1.5,1
5998,0,0,5,1,0,5.0,5.0,1
6063,3,0,3,4,3,0.75,0.75,1
6079,0,3,42,4,0,10.5,10.5,0
6086,5,0,8,6,5,1.333333,1.333333,1
6102,6,0,11,7,6,1.571429,1.571429,1
6103,5,0,5,6,5,0.833333,0.833333,1
6106,7,0,4,8,7,0.5,0.5,1
6107,0,0,12,1,0,12.0,12.0,1
6108,0,0,20,1,0,20.0,20.0,0
5986,0,0,49,1,0,49.0,49.0,0
6084,0,0,3,1,0,3.0,3.0,1
6088,1,0,4,2,1,2.0,2.0,1
6089,0,0,4,1,0,4.0,4.0,1
6110,4,0,2,5,4,0.4,0.4,1
6112,2,0,4,3,2,1.333333,1.333333,1
6113,0,0,6,1,0,6.0,6.0,1
6116,0,0,1,1,0,1.0,1.0,1
6117,4,0,6,5,4,1.2,1.2,1
6118,3,0,6,4,3,1.5,1.5,1
6120,0,0,6,1,0,6.0,6.0,1
6056,0,0,7,1,0,7.0,7.0,1
6095,2,0,2,3,2,0.666667,0.666667,1
6104,0,1,44,2,0,22.0,22.0,0
6111,0,0,7,1,0,7.0,7.0,1
6115,3,0,8,4,3,2.0,2.0,1
6121,3,0,3,4,3,0.75,0.75,1
6125,1,0,6,2,1,3.0,3.0,1
6127,1,3,52,5,1,10.4,10.4,0
6128,1,0,3,2,1,1.5,1.5,1
6074,0,1,24,2,0,12.0,12.0,0
6093,0,0,43,1,0,43.0,43.0,0
6132,2,0,3,3,2,1.0,1.0,1
6133,0,1,41,2,0,20.5,20.5,0
6136,0,0,1,1,0,1.0,1.0,1
6138,0,0,2,1,0,2.0,2.0,1
6092,0,1,49,2,0,24.5,24.5,0
6101,0,0,35,1,0,35.0,35.0,0
6105,0,0,11,1,0,11.0,11.0,1
6119,0,0,1,1,0,1.0,1.0,1
6122,1,3,18,5,1,3.6,3.6,0
6129,4,0,7,5,4,1.4,1.4,1
6130,1,0,2,2,1,1.0,1.0,1
6131,0,0,3,1,0,3.0,3.0,1
6135,0,2,34,3,0,11.333333,11.333333,0
6143,4,0,4,5,4,0.8,0.8,1
6145,2,0,10,3,2,3.333333,3.333333,1
6147,0,0,4,1,0,4.0,4.0,1
6148,2,0,3,3,2,1.0,1.0,1
6149,6,0,4,7,6,0.571429,0.571429,1
6150,0,0,6,1,0,6.0,6.0,1
6114,0,0,4,1,0,4.0,4.0,1
6123,2,0,2,3,2,0.666667,0.666667,1
6137,0,0,4,1,0,4.0,4.0,1
6146,0,0,7,1,0,7.0,7.0,1
6151,3,0,4,4,3,1.0,1.0,1
6152,0,0,10,1,0,10.0,10.0,0
6153,0,0,3,1,0,3.0,3.0,1
6154,0,0,7,1,0,7.0,7.0,1
6155,0,0,4,1,0,4.0,4.0,1
6157,0,0,11,1,0,11.0,11.0,1
6158,1,0,1,2,1,0.5,0.5,1
6159,0,0,0,1,0,0.0,0.0,1
6085,3,0,5,4,3,1.25,1.25,1
6156,1,2,47,4,1,11.75,11.75,0
6165,3,0,6,4,3,1.5,1.5,1
6167,2,1,51,4,2,12.75,12.75,0
6170,1,0,4,2,1,2.0,2.0,1
6073,3,0,7,4,3,1.75,1.75,1
6140,0,0,10,1,0,10.0,10.0,0
6144,3,0,2,4,3,0.5,0.5,1
6160,5,0,4,6,5,0.666667,0.666667,1
6162,8,0,7,9,8,0.777778,0.777778,1
6163,0,0,7,1,0,7.0,7.0,1
6164,6,0,9,7,6,1.285714,1.285714,1
6171,0,0,5,1,0,5.0,5.0,1
6172,0,0,32,1,0,32.0,32.0,0
6173,0,0,7,1,0,7.0,7.0,1
6175,2,0,2,3,2,0.666667,0.666667,1
6178,4,0,7,5,4,1.4,1.4,1
6094,2,0,8,3,2,2.666667,2.666667,1
6124,1,6,50,8,1,6.25,6.25,0
6134,1,0,6,2,1,3.0,3.0,1
6142,1,0,2,2,1,1.0,1.0,1
6182,6,0,7,7,6,1.0,1.0,1
6183,3,0,7,4,3,1.75,1.75,1
6185,5,0,2,6,5,0.333333,0.333333,1
6186,0,0,6,1,0,6.0,6.0,1
6188,0,0,4,1,0,4.0,4.0,1
6189,0,0,5,1,0,5.0,5.0,1
6109,0,0,3,1,0,3.0,3.0,1
6141,1,0,5,2,1,2.5,2.5,1
6169,0,0,2,1,0,2.0,2.0,1
6192,1,0,10,2,1,5.0,5.0,1
6193,1,0,4,2,1,2.0,2.0,1
6195,0,0,4,1,0,4.0,4.0,1
6198,2,0,8,3,2,2.666667,2.666667,1
6126,7,0,7,8,7,0.875,0.875,1
6139,10,0,6,11,10,0.545455,0.545455,1
6168,7,0,7,8,7,0.875,0.875,1
6180,0,0,29,1,0,29.0,29.0,0
6181,0,0,3,1,0,3.0,3.0,1
6197,1,0,10,2,1,5.0,5.0,1
6199,2,0,3,3,2,1.0,1.0,1
6200,0,0,2,1,0,2.0,2.0,1
6201,0,0,3,1,0,3.0,3.0,1
6204,0,0,33,1,0,33.0,33.0,0
6205,1,5,37,7,1,5.285714,5.285714,0
6206,0,0,9,1,0,9.0,9.0,1
6208,0,0,3,1,0,3.0,3.0,1
6210,1,1,39,3,1,13.0,13.0,0
6177,2,0,2,3,2,0.666667,0.666667,1
6187,0,0,2,1,0,2.0,2.0,1
6207,5,0,7,6,5,1.166667,1.166667,1
6209,0,0,2,1,0,2.0,2.0,1
6213,4,0,4,5,4,0.8,0.8,1
6216,7,0,7,8,7,0.875,0.875,1
6218,0,3,61,4,0,15.25,15.25,0
6219,0,0,9,1,0,9.0,9.0,0
6220,0,0,3,1,0,3.0,3.0,1
6161,0,2,22,3,0,7.333333,7.333333,0
6166,3,0,4,4,3,1.0,1.0,1
6179,2,3,34,6,2,5.666667,5.666667,0
6202,4,0,2,5,4,0.4,0.4,1
6211,0,0,1,1,0,1.0,1.0,1
6217,0,0,3,1,0,3.0,3.0,1
6224,0,0,7,1,0,7.0,7.0,1
6226,2,0,2,3,2,0.666667,0.666667,1
6228,4,0,6,5,4,1.2,1.2,1
6229,1,0,7,2,1,3.5,3.5,1
6230,0,0,3,1,0,3.0,3.0,1
6176,3,0,8,4,3,2.0,2.0,1
6194,0,0,4,1,0,4.0,4.0,1
6196,0,0,3,1,0,3.0,3.0,1
6215,1,0,3,2,1,1.5,1.5,1
6223,0,0,44,1,0,44.0,44.0,0
6225,11,0,7,12,11,0.583333,0.583333,1
6227,3,0,4,4,3,1.0,1.0,1
6232,2,0,1,3,2,0.333333,0.333333,1
6234,3,0,4,4,3,1.0,1.0,1
6235,0,0,40,1,0,40.0,40.0,0
6236,3,0,2,4,3,0.5,0.5,1
6238,0,0,4,1,0,4.0,4.0,1
6239,2,0,4,3,2,1.333333,1.333333,1
6240,0,0,0,1,0,0.0,0.0,1
6190,0,0,5,1,0,5.0,5.0,1
6231,1,0,0,2,1,0.0,0.0,1
6241,1,4,21,6,1,3.5,3.5,0
6242,5,0,2,6,5,0.333333,0.333333,1
6243,0,0,4,1,0,4.0,4.0,1
6244,3,0,2,4,3,0.5,0.5,1
6246,8,0,5,9,8,0.555556,0.555556,1
6247,0,0,8,1,0,8.0,8.0,1
6248,3,0,6,4,3,1.5,1.5,1
6249,3,0,8,4,3,2.0,2.0,1
6250,5,0,5,6,5,0.833333,0.833333,1
6174,4,0,7,5,4,1.4,1.4,1
6191,1,0,6,2,1,3.0,3.0,1
6214,2,0,2,3,2,0.666667,0.666667,1
6222,5,0,4,6,5,0.666667,0.666667,1
6251,3,0,4,4,3,1.0,1.0,1
6252,1,0,5,2,1,2.5,2.5,1
6254,2,0,2,3,2,0.666667,0.666667,1
6255,2,0,8,3,2,2.666667,2.666667,1
6257,7,0,4,8,7,0.5,0.5,1
6259,0,0,6,1,0,6.0,6.0,1
6260,6,0,1,7,6,0.142857,0.142857,1
6203,5,0,5,6,5,0.833333,0.833333,1
6233,3,0,0,4,3,0.0,0.0,1
6262,0,0,5,1,0,5.0,5.0,1
6264,1,5,33,7,1,4.714286,4.714286,0
6266,8,0,2,9,8,0.222222,0.222222,1
6270,0,4,28,5,0,5.6,5.6,0
6221,4,0,5,5,4,1.0,1.0,1
6261,2,0,6,3,2,2.0,2.0,1
6265,2,0,1,3,2,0.333333,0.333333,1
6273,2,0,5,3,2,1.666667,1.666667,1
6276,0,0,3,1,0,3.0,3.0,1
6280,0,0,2,1,0,2.0,2.0,1
6212,0,0,3,1,0,3.0,3.0,1
6237,6,0,5,7,6,0.714286,0.714286,1
6253,1,2,32,4,1,8.0,8.0,0
6267,2,0,9,3,2,3.0,3.0,1
6275,4,0,2,5,4,0.4,0.4,1
6278,0,0,5,1,0,5.0,5.0,1
6279,0,3,47,4,0,11.75,11.75,0
6282,5,0,1,6,5,0.166667,0.166667,1
6283,4,0,2,5,4,0.4,0.4,1
6284,0,0,2,1,0,2.0,2.0,1
6285,3,0,6,4,3,1.5,1.5,1
6287,2,0,0,3,2,0.0,0.0,1
6288,1,2,42,4,1,10.5,10.5,0
6289,0,1,20,2,0,10.0,10.0,0
6290,0,0,5,1,0,5.0,5.0,1
6184,4,0,3,5,4,0.6,0.6,1
6271,0,0,20,1,0,20.0,20.0,0
6277,1,6,27,8,1,3.375,3.375,0
6281,2,0,7,3,2,2.333333,2.333333,1
6291,2,0,36,3,2,12.0,12.0,0
6293,3,0,4,4,3,1.0,1.0,1
6294,1,0,8,2,1,4.0,4.0,1
6298,3,0,4,4,3,1.0,1.0,1
6300,0,1,46,2,0,23.0,23.0,0
6269,4,0,2,5,4,0.4,0.4,1
6301,3,0,4,4,3,1.0,1.0,1
6302,0,0,2,1,0,2.0,2.0,1
6304,0,2,33,3,0,11.0,11.0,0
6305,0,0,7,1,0,7.0,7.0,1
6306,0,0,0,1,0,0.0,0.0,1
6307,0,0,44,1,0,44.0,44.0,0
6308,3,3,40,7,3,5.714286,5.714286,0
6309,0,4,26,5,0,5.2,5.2,0
6310,2,0,6,3,2,2.0,2.0,1
6258,3,0,9,4,3,2.25,2.25,1
6263,3,0,4,4,3,1.0,1.0,1
6295,0,0,40,1,0,40.0,40.0,0
6311,3,0,3,4,3,0.75,0.75,1
6312,1,2,33,4,1,8.25,8.25,0
6313,4,0,6,5,4,1.2,1.2,1
6315,2,0,5,3,2,1.666667,1.666667,1
6316,0,0,5,1,0,5.0,5.0,1
6317,0,3,28,4,0,7.0,7.0,0
6318,4,0,7,5,4,1.4,1.4,1
6320,4,0,9,5,4,1.8,1.8,1
6245,3,0,6,4,3,1.5,1.5,1
6256,0,2,41,3,0,13.666667,13.666667,0
6272,0,0,5,1,0,5.0,5.0,1
6274,1,2,31,4,1,7.75,7.75,0
6296,0,0,2,1,0,2.0,2.0,1
6299,0,0,8,1,0,8.0,8.0,1
6321,1,0,1,2,1,0.5,0.5,1
6322,2,0,1,3,2,0.333333,0.333333,1
6323,2,0,5,3,2,1.666667,1.666667,1
6324,6,0,4,7,6,0.571429,0.571429,1
6326,5,0,6,6,5,1.0,1.0,1
6327,0,2,46,3,0,15.333333,15.333333,0
6328,4,0,7,5,4,1.4,1.4,1
6329,0,2,35,3,0,11.666667,11.666667,0
6286,0,0,3,1,0,3.0,3.0,1
6319,0,5,60,6,0,10.0,10.0,0
6330,9,0,6,10,9,0.6,0.6,1
6332,1,4,31,6,1,5.166667,5.166667,0
6333,7,0,4,8,7,0.5,0.5,1
6335,0,0,26,1,0,26.0,26.0,0
6336,0,2,27,3,0,9.0,9.0,0
6268,1,0,6,2,1,3.0,3.0,1
6334,5,0,9,6,5,1.5,1.5,1
6339,1,0,8,2,1,4.0,4.0,1
6341,3,0,1,4,3,0.25,0.25,1
6346,0,0,3,1,0,3.0,3.0,1
6347,0,0,2,1,0,2.0,2.0,1
6325,0,4,33,5,0,6.6,6.6,0
6351,1,6,12,8,1,1.5,1.5,0
6354,0,0,1,1,0,1.0,1.0,1
6355,0,0,5,1,0,5.0,5.0,1
6356,0,0,3,1,0,3.0,3.0,1
6357,1,0,5,2,1,2.5,2.5,1
6358,3,0,6,4,3,1.5,1.5,1
6360,0,0,3,1,0,3.0,3.0,1
6340,3,0,5,4,3,1.25,1.25,1
6344,1,0,5,2,1,2.5,2.5,1
6352,1,0,2,2,1,1.0,1.0,1
6353,2,0,2,3,2,0.666667,0.666667,1
6364,0,0,5,1,0,5.0,5.0,1
6365,4,0,7,5,4,1.4,1.4,1
6370,3,0,2,4,3,0.5,0.5,1
6337,2,0,4,3,2,1.333333,1.333333,1
6359,2,0,2,3,2,0.666667,0.666667,1
6361,0,0,6,1,0,6.0,6.0,1
6362,1,0,2,2,1,1.0,1.0,1
6363,2,0,2,3,2,0.666667,0.666667,1
6366,2,5,31,8,2,3.875,3.875,0
6367,5,0,5,6,5,0.833333,0.833333,1
6369,0,0,35,1,0,35.0,35.0,0
6372,4,0,5,5,4,1.0,1.0,1
6373,2,0,1,3,2,0.333333,0.333333,1
6379,1,0,3,2,1,1.5,1.5,1
6338,5,0,7,6,5,1.166667,1.166667,1
6374,2,0,7,3,2,2.333333,2.333333,1
6375,0,0,5,1,0,5.0,5.0,1
6383,2,0,4,3,2,1.333333,1.333333,1
6385,0,0,2,1,0,2.0,2.0,1
6387,2,0,4,3,2,1.333333,1.333333,1
6388,2,0,6,3,2,2.0,2.0,1
6345,0,3,30,4,0,7.5,7.5,0
6349,7,0,3,8,7,0.375,0.375,1
6368,4,0,7,5,4,1.4,1.4,1
6377,2,0,6,3,2,2.0,2.0,1
6382,0,0,6,1,0,6.0,6.0,1
6391,0,0,11,1,0,11.0,11.0,1
6394,0,0,2,1,0,2.0,2.0,1
6396,6,0,3,7,6,0.428571,0.428571,1
6398,5,0,2,6,5,0.333333,0.333333,1
6292,1,3,42,5,1,8.4,8.4,0
6314,3,0,8,4,3,2.0,2.0,1
6331,4,0,1,5,4,0.2,0.2,1
6371,3,0,5,4,3,1.25,1.25,1
6381,0,1,35,2,0,17.5,17.5,0
6384,2,0,3,3,2,1.0,1.0,1
6389,0,1,62,2,0,31.0,31.0,0
6395,1,3,35,5,1,7.0,7.0,0
6399,0,0,1,1,0,1.0,1.0,1
6403,6,0,4,7,6,0.571429,0.571429,1
6404,0,0,5,1,0,5.0,5.0,1
6405,0,0,7,1,0,7.0,7.0,1
6406,3,0,7,4,3,1.75,1.75,1
6408,3,0,4,4,3,1.0,1.0,1
6342,4,0,3,5,4,0.6,0.6,1
6386,7,0,5,8,7,0.625,0.625,1
6390,4,0,4,5,4,0.8,0.8,1
6400,0,0,3,1,0,3.0,3.0,1
6402,6,0,7,7,6,1.0,1.0,1
6411,0,0,4,1,0,4.0,4.0,1
6412,9,0,6,10,9,0.6,0.6,1
6414,1,2,15,4,1,3.75,3.75,0
6415,0,0,8,1,0,8.0,8.0,1
6417,7,0,2,8,7,0.25,0.25,1
6418,1,0,3,2,1,1.5,1.5,1
6419,2,0,2,3,2,0.666667,0.666667,1
6380,0,0,3,1,0,3.0,3.0,1
6393,2,0,2,3,2,0.666667,0.666667,1
6426,0,0,4,1,0,4.0,4.0,1
6430,0,2,35,3,0,11.666667,11.666667,0
6343,3,0,6,4,3,1.5,1.5,1
6376,5,0,4,6,5,0.666667,0.666667,1
6378,1,0,4,2,1,2.0,2.0,1
6397,0,0,40,1,0,40.0,40.0,0
6401,0,0,2,1,0,2.0,2.0,1
6425,5,0,3,6,5,0.5,0.5,1
6427,1,5,52,7,1,7.428571,7.428571,0
6429,2,7,45,10,2,4.5,4.5,0
6435,0,1,43,2,0,21.5,21.5,0
6436,4,0,4,5,4,0.8,0.8,1
6438,0,0,3,1,0,3.0,3.0,1
6439,0,0,2,1,0,2.0,2.0,1
6303,0,3,25,4,0,6.25,6.25,0
6350,2,1,30,4,2,7.5,7.5,0
6407,0,0,2,1,0,2.0,2.0,1
6413,5,0,5,6,5,0.833333,0.833333,1
6416,9,0,3,10,9,0.3,0.3,1
6420,1,1,46,3,1,15.333333,15.333333,0
6421,0,2,44,3,0,14.666667,14.666667,0
6423,3,0,5,4,3,1.25,1.25,1
6424,3,0,7,4,3,1.75,1.75,1
6428,2,0,6,3,2,2.0,2.0,1
6441,6,0,3,7,6,0.428571,0.428571,1
6442,2,0,5,3,2,1.666667,1.666667,1
6443,0,0,17,1,0,17.0,17.0,0
6444,0,0,4,1,0,4.0,4.0,1
6446,0,0,4,1,0,4.0,4.0,1
6448,0,0,6,1,0,6.0,6.0,1
6437,0,0,5,1,0,5.0,5.0,1
6440,3,0,9,4,3,2.25,2.25,1
6449,1,0,4,2,1,2.0,2.0,1
6450,0,2,34,3,0,11.333333,11.333333,0
6451,2,0,4,3,2,1.333333,1.333333,1
6452,2,0,4,3,2,1.333333,1.333333,1
6454,0,1,27,2,0,13.5,13.5,0
6455,0,0,5,1,0,5.0,5.0,1
6456,3,0,7,4,3,1.75,1.75,1
6458,0,0,8,1,0,8.0,8.0,1
6297,2,0,3,3,2,1.0,1.0,1
6348,0,6,28,7,0,4.0,4.0,0
6432,0,0,1,1,0,1.0,1.0,1
6457,0,0,2,1,0,2.0,2.0,1
6461,2,0,3,3,2,1.0,1.0,1
6463,3,0,5,4,3,1.25,1.25,1
6464,5,0,6,6,5,1.0,1.0,1
6465,0,0,32,1,0,32.0,32.0,0
6467,3,0,7,4,3,1.75,1.75,1
6469,2,0,7,3,2,2.333333,2.333333,1
6468,2,0,6,3,2,2.0,2.0,1
6471,1,0,0,2,1,0.0,0.0,1
6475,1,0,2,2,1,1.0,1.0,1
6476,10,0,6,11,10,0.545455,0.545455,1
6477,8,0,10,9,8,1.111111,1.111111,1
6480,0,0,17,1,0,17.0,17.0,0
6410,0,0,6,1,0,6.0,6.0,1
6445,3,0,3,4,3,0.75,0.75,1
6459,0,0,8,1,0,8.0,8.0,1
6470,1,0,4,2,1,2.0,2.0,1
6472,3,0,6,4,3,1.5,1.5,1
6479,3,0,6,4,3,1.5,1.5,1
6481,0,0,5,1,0,5.0,5.0,1
6484,0,0,41,1,0,41.0,41.0,0
6485,0,0,6,1,0,6.0,6.0,1
6486,2,0,5,3,2,1.666667,1.666667,1
6488,0,0,4,1,0,4.0,4.0,1
6490,1,3,28,5,1,5.6,5.6,0
6392,0,0,30,1,0,30.0,30.0,0
6433,1,0,4,2,1,2.0,2.0,1
6447,2,0,2,3,2,0.666667,0.666667,1
6453,0,0,2,1,0,2.0,2.0,1
6462,1,0,37,2,1,18.5,18.5,0
6466,2,0,8,3,2,2.666667,2.666667,1
6482,5,0,5,6,5,0.833333,0.833333,1
6483,3,0,7,4,3,1.75,1.75,1
6492,0,0,1,1,0,1.0,1.0,1
6494,0,0,2,1,0,2.0,2.0,1
6495,0,1,27,2,0,13.5,13.5,0
6496,4,0,0,5,4,0.0,0.0,1
6431,0,0,0,1,0,0.0,0.0,1
6491,2,0,5,3,2,1.666667,1.666667,1
6493,0,0,8,1,0,8.0,8.0,0
6500,2,0,5,3,2,1.666667,1.666667,1
6504,6,0,5,7,6,0.714286,0.714286,1
6506,0,0,40,1,0,40.0,40.0,0
6509,2,0,7,3,2,2.333333,2.333333,1
6510,2,5,26,8,2,3.25,3.25,0
6422,1,0,6,2,1,3.0,3.0,1
6499,0,0,11,1,0,11.0,11.0,1
6501,0,0,2,1,0,2.0,2.0,1
6502,0,0,5,1,0,5.0,5.0,1
6511,0,0,4,1,0,4.0,4.0,1
6513,0,0,1,1,0,1.0,1.0,1
6514,0,0,2,1,0,2.0,2.0,1
6515,0,0,26,1,0,26.0,26.0,0
6516,0,0,2,1,0,2.0,2.0,1
6517,0,0,4,1,0,4.0,4.0,1
6518,0,0,0,1,0,0.0,0.0,1
6520,0,3,39,4,0,9.75,9.75,0
6409,0,0,29,1,0,29.0,29.0,0
6474,0,0,4,1,0,4.0,4.0,1
6487,2,0,4,3,2,1.333333,1.333333,1
6489,0,0,37,1,0,37.0,37.0,0
6497,0,0,4,1,0,4.0,4.0,1
6508,0,0,49,1,0,49.0,49.0,0
6522,0,0,1,1,0,1.0,1.0,1
6523,0,0,0,1,0,0.0,0.0,1
6524,1,0,3,2,1,1.5,1.5,1
6526,0,0,4,1,0,4.0,4.0,1
6527,0,0,6,1,0,6.0,6.0,1
6528,5,0,5,6,5,0.833333,0.833333,1
6530,0,0,37,1,0,37.0,37.0,0
6478,0,0,38,1,0,38.0,38.0,0
6503,2,0,3,3,2,1.0,1.0,1
6521,1,0,4,2,1,2.0,2.0,1
6525,2,0,14,3,2,4.666667,4.666667,1
6529,3,0,6,4,3,1.5,1.5,1
6533,4,0,3,5,4,0.6,0.6,1
6535,0,0,4,1,0,4.0,4.0,1
6536,0,0,4,1,0,4.0,4.0,1
6537,0,0,29,1,0,29.0,29.0,0
6538,4,0,4,5,4,0.8,0.8,1
6539,0,0,6,1,0,6.0,6.0,1
6498,0,0,3,1,0,3.0,3.0,1
6543,0,2,32,3,0,10.666667,10.666667,0
6544,0,0,8,1,0,8.0,8.0,1
6546,2,0,5,3,2,1.666667,1.666667,1
6548,4,0,7,5,4,1.4,1.4,1
6549,0,2,24,3,0,8.0,8.0,0
6550,3,0,3,4,3,0.75,0.75,1
6434,0,0,9,1,0,9.0,9.0,1
6473,2,0,5,3,2,1.666667,1.666667,1
6519,0,0,2,1,0,2.0,2.0,1
6551,0,0,7,1,0,7.0,7.0,1
6554,0,0,4,1,0,4.0,4.0,1
6555,12,0,4,13,12,0.307692,0.307692,1
6556,0,0,5,1,0,5.0,5.0,1
6559,0,0,42,1,0,42.0,42.0,0
6507,4,0,6,5,4,1.2,1.2,1
6512,4,0,7,5,4,1.4,1.4,1
6563,0,2,35,3,0,11.666667,11.666667,0
6566,0,0,5,1,0,5.0,5.0,1
6569,2,0,9,3,2,3.0,3.0,1
6532,2,0,6,3,2,2.0,2.0,1
6545,1,0,2,2,1,1.0,1.0,1
6547,0,0,4,1,0,4.0,4.0,1
6571,0,0,3,1,0,3.0,3.0,1
6572,0,0,4,1,0,4.0,4.0,1
6573,1,0,35,2,1,17.5,17.5,0
6575,0,0,7,1,0,7.0,7.0,1
6576,1,0,3,2,1,1.5,1.5,1
6577,2,0,6,3,2,2.0,2.0,1
6578,5,0,0,6,5,0.0,0.0,1
6540,0,0,4,1,0,4.0,4.0,1
6542,0,0,7,1,0,7.0,7.0,1
6561,4,0,9,5,4,1.8,1.8,1
6565,0,0,32,1,0,32.0,32.0,0
6579,0,0,3,1,0,3.0,3.0,1
6580,0,0,3,1,0,3.0,3.0,1
6582,1,0,2,2,1,1.0,1.0,1
6583,2,0,4,3,2,1.333333,1.333333,1
6585,4,0,2,5,4,0.4,0.4,1
6586,2,0,4,3,2,1.333333,1.333333,1
6589,3,0,2,4,3,0.5,0.5,1
6531,1,0,5,2,1,2.5,2.5,1
6541,2,0,5,3,2,1.666667,1.666667,1
6552,1,0,4,2,1,2.0,2.0,1
6558,0,0,4,1,0,4.0,4.0,1
6574,0,0,5,1,0,5.0,5.0,1
6584,0,0,7,1,0,7.0,7.0,1
6590,0,0,42,1,0,42.0,42.0,0
6591,3,8,39,12,3,3.25,3.25,0
6593,0,0,1,1,0,1.0,1.0,1
6595,1,0,5,2,1,2.5,2.5,1
6596,5,0,5,6,5,0.833333,0.833333,1
6598,1,0,6,2,1,3.0,3.0,1
6553,4,0,5,5,4,1.0,1.0,1
6587,6,0,2,7,6,0.285714,0.285714,1
6588,2,0,5,3,2,1.666667,1.666667,1
6600,0,0,5,1,0,5.0,5.0,1
6602,0,0,4,1,0,4.0,4.0,1
6603,0,0,10,1,0,10.0,10.0,1
6604,0,0,4,1,0,4.0,4.0,1
6606,2,0,3,3,2,1.0,1.0,1
6607,0,0,5,1,0,5.0,5.0,1
6609,0,0,2,1,0,2.0,2.0,1
6557,0,0,1,1,0,1.0,1.0,1
6562,8,0,3,9,8,0.333333,0.333333,1
6608,0,3,45,4,0,11.25,11.25,0
6613,0,0,3,1,0,3.0,3.0,1
6615,0,0,42,1,0,42.0,42.0,0
6616,0,0,2,1,0,2.0,2.0,1
6620,2,0,4,3,2,1.333333,1.333333,1
6505,2,0,6,3,2,2.0,2.0,1
6568,0,0,8,1,0,8.0,8.0,1
6570,0,0,10,1,0,10.0,10.0,1
6601,0,0,2,1,0,2.0,2.0,1
6612,3,0,2,4,3,0.5,0.5,1
6622,3,0,2,4,3,0.5,0.5,1
6623,0,0,1,1,0,1.0,1.0,1
6626,1,0,6,2,1,3.0,3.0,1
6627,0,4,28,5,0,5.6,5.6,0
6628,0,0,3,1,0,3.0,3.0,1
6629,1,0,10,2,1,5.0,5.0,1
6534,0,0,1,1,0,1.0,1.0,1
6605,0,2,25,3,0,8.333333,8.333333,0
6619,0,0,7,1,0,7.0,7.0,1
6621,3,0,5,4,3,1.25,1.25,1
6631,0,0,4,1,0,4.0,4.0,1
6632,3,0,7,4,3,1.75,1.75,1
6634,2,0,2,3,2,0.666667,0.666667,1
6635,7,0,3,8,7,0.375,0.375,1
6637,0,0,24,1,0,24.0,24.0,0
6638,0,0,30,1,0,30.0,30.0,0
6639,0,0,3,1,0,3.0,3.0,1
6640,0,0,4,1,0,4.0,4.0,1
6460,0,0,5,1,0,5.0,5.0,1
6560,3,0,5,4,3,1.25,1.25,1
6567,3,0,5,4,3,1.25,1.25,1
6597,5,0,4,6,5,0.666667,0.666667,1
6599,0,0,5,1,0,5.0,5.0,1
6614,0,0,2,1,0,2.0,2.0,1
6630,0,0,5,1,0,5.0,5.0,1
6636,0,4,34,5,0,6.8,6.8,0
6643,0,0,6,1,0,6.0,6.0,0
6644,0,0,41,1,0,41.0,41.0,0
6646,1,3,28,5,1,5.6,5.6,0
6648,0,0,8,1,0,8.0,8.0,1
6611,1,0,5,2,1,2.5,2.5,1
6647,0,0,9,1,0,9.0,9.0,1
6650,0,0,5,1,0,5.0,5.0,1
6652,0,0,29,1,0,29.0,29.0,0
6653,0,0,1,1,0,1.0,1.0,1
6656,0,0,38,1,0,38.0,38.0,0
6657,0,0,1,1,0,1.0,1.0,1
6658,5,0,1,6,5,0.166667,0.166667,1
6564,4,0,3,5,4,0.6,0.6,1
6610,0,1,23,2,0,11.5,11.5,0
6642,0,0,33,1,0,33.0,33.0,0
6651,0,0,4,1,0,4.0,4.0,1
6655,2,0,3,3,2,1.0,1.0,1
6663,3,0,5,4,3,1.25,1.25,1
6666,1,0,3,2,1,1.5,1.5,1
6667,2,2,47,5,2,9.4,9.4,0
6669,1,2,32,4,1,8.0,8.0,0
6670,3,0,3,4,3,0.75,0.75,1
6618,0,2,28,3,0,9.333333,9.333333,0
6649,0,0,4,1,0,4.0,4.0,1
6659,0,0,0,1,0,0.0,0.0,1
6660,0,1,18,2,0,9.0,9.0,0
6661,0,0,8,1,0,8.0,8.0,1
6668,3,0,4,4,3,1.0,1.0,1
6673,0,0,5,1,0,5.0,5.0,1
6674,0,0,0,1,0,0.0,0.0,1
6675,2,0,6,3,2,2.0,2.0,1
6676,0,0,20,1,0,20.0,20.0,0
6677,0,0,37,1,0,37.0,37.0,0
6678,0,0,4,1,0,4.0,4.0,1
6679,3,0,4,4,3,1.0,1.0,1
6680,0,0,0,1,0,0.0,0.0,1
6592,0,0,5,1,0,5.0,5.0,1
6594,0,1,30,2,0,15.0,15.0,0
6641,0,0,8,1,0,8.0,8.0,1
6654,8,0,4,9,8,0.444444,0.444444,1
6662,3,0,3,4,3,0.75,0.75,1
6665,0,0,4,1,0,4.0,4.0,1
6681,3,0,11,4,3,2.75,2.75,1
6683,0,0,2,1,0,2.0,2.0,1
6684,0,0,3,1,0,3.0,3.0,1
6686,5,0,3,6,5,0.5,0.5,1
6581,0,0,7,1,0,7.0,7.0,1
6617,0,0,26,1,0,26.0,26.0,0
6687,10,0,2,11,10,0.181818,0.181818,1
6688,8,0,7,9,8,0.777778,0.777778,1
6689,0,0,3,1,0,3.0,3.0,1
6691,5,0,2,6,5,0.333333,0.333333,1
6693,0,1,29,2,0,14.5,14.5,0
6695,1,0,3,2,1,1.5,1.5,1
6700,0,0,9,1,0,9.0,9.0,1
6624,0,0,5,1,0,5.0,5.0,1
6645,0,3,35,4,0,8.75,8.75,0
6664,0,0,3,1,0,3.0,3.0,1
6692,0,0,6,1,0,6.0,6.0,1
6703,4,0,7,5,4,1.4,1.4,1
6706,0,0,19,1,0,19.0,19.0,0
6710,0,0,5,1,0,5.0,5.0,1
6633,1,7,39,9,1,4.333333,4.333333,0
6682,1,0,5,2,1,2.5,2.5,1
6690,0,0,2,1,0,2.0,2.0,1
6694,2,0,4,3,2,1.333333,1.333333,1
6696,1,1,20,3,1,6.666667,6.666667,0
6702,0,0,1,1,0,1.0,1.0,1
6704,0,0,4,1,0,4.0,4.0,1
6711,2,0,5,3,2,1.666667,1.666667,1
6712,0,0,18,1,0,18.0,18.0,0
6713,0,0,6,1,0,6.0,6.0,1
6714,2,0,4,3,2,1.333333,1.333333,1
6716,0,0,5,1,0,5.0,5.0,1
6720,2,0,1,3,2,0.333333,0.333333,1
6721,3,0,2,4,3,0.5,0.5,1
6722,0,0,6,1,0,6.0,6.0,1
6723,1,0,5,2,1,2.5,2.5,1
6726,0,5,36,6,0,6.0,6.0,0
6729,0,0,4,1,0,4.0,4.0,1
6730,0,0,7,1,0,7.0,7.0,1
6625,0,0,7,1,0,7.0,7.0,1
6671,0,1,43,2,0,21.5,21.5,0
6697,2,0,1,3,2,0.333333,0.333333,1
6708,0,0,2,1,0,2.0,2.0,1
6734,5,0,5,6,5,0.833333,0.833333,1
6737,3,0,4,4,3,1.0,1.0,1
6739,4,0,4,5,4,0.8,0.8,1
6698,0,0,4,1,0,4.0,4.0,1
6705,2,0,6,3,2,2.0,2.0,1
6715,0,0,6,1,0,6.0,6.0,1
6718,0,0,1,1,0,1.0,1.0,1
6727,0,0,4,1,0,4.0,4.0,1
6732,0,0,5,1,0,5.0,5.0,1
6735,0,0,15,1,0,15.0,15.0,0
6738,0,0,6,1,0,6.0,6.0,1
6744,0,0,4,1,0,4.0,4.0,1
6747,0,0,4,1,0,4.0,4.0,1
6749,2,0,5,3,2,1.666667,1.666667,1
6750,0,0,4,1,0,4.0,4.0,1
6740,2,0,5,3,2,1.666667,1.666667,1
6745,5,0,5,6,5,0.833333,0.833333,1
6751,0,0,5,1,0,5.0,5.0,1
6753,3,0,5,4,3,1.25,1.25,1
6754,0,0,16,1,0,16.0,16.0,0
6755,0,0,33,1,0,33.0,33.0,0
6757,0,0,9,1,0,9.0,9.0,1
6758,0,0,3,1,0,3.0,3.0,1
6760,3,0,7,4,3,1.75,1.75,1
6701,0,0,29,1,0,29.0,29.0,0
6707,0,1,31,2,0,15.5,15.5,0
6717,1,0,7,2,1,3.5,3.5,1
6742,1,0,6,2,1,3.0,3.0,1
6748,0,0,23,1,0,23.0,23.0,0
6752,1,1,29,3,1,9.666667,9.666667,0
6761,3,0,7,4,3,1.75,1.75,1
6764,2,0,6,3,2,2.0,2.0,1
6767,2,0,4,3,2,1.333333,1.333333,1
6768,0,0,5,1,0,5.0,5.0,1
6770,6,0,5,7,6,0.714286,0.714286,1
6685,2,6,39,9,2,4.333333,4.333333,0
6725,6,0,1,7,6,0.142857,0.142857,1
6733,2,0,5,3,2,1.666667,1.666667,1
6743,2,0,5,3,2,1.666667,1.666667,1
6756,0,0,2,1,0,2.0,2.0,1
6762,3,0,2,4,3,0.5,0.5,1
6769,0,0,4,1,0,4.0,4.0,1
6772,0,0,5,1,0,5.0,5.0,1
6774,0,0,3,1,0,3.0,3.0,1
6775,0,0,2,1,0,2.0,2.0,1
6778,5,0,2,6,5,0.333333,0.333333,1
6779,3,0,2,4,3,0.5,0.5,1
6780,0,0,4,1,0,4.0,4.0,1
6741,0,0,6,1,0,6.0,6.0,1
6746,0,0,3,1,0,3.0,3.0,1
6765,0,0,6,1,0,6.0,6.0,1
6776,0,1,31,2,0,15.5,15.5,0
6782,0,0,26,1,0,26.0,26.0,0
6785,0,3,34,4,0,8.5,8.5,0
6786,1,0,3,2,1,1.5,1.5,1
6788,2,0,6,3,2,2.0,2.0,1
6724,0,0,6,1,0,6.0,6.0,1
6766,0,0,0,1,0,0.0,0.0,1
6771,1,0,4,2,1,2.0,2.0,1
6789,2,0,3,3,2,1.0,1.0,1
6793,0,0,4,1,0,4.0,4.0,1
6794,0,0,22,1,0,22.0,22.0,0
6795,2,0,1,3,2,0.333333,0.333333,1
6798,0,0,6,1,0,6.0,6.0,1
6672,2,0,4,3,2,1.333333,1.333333,1
6773,0,0,21,1,0,21.0,21.0,0
6777,0,0,28,1,0,28.0,28.0,0
6783,3,0,2,4,3,0.5,0.5,1
6791,0,0,5,1,0,5.0,5.0,1
6792,0,0,5,1,0,5.0,5.0,1
6801,0,0,6,1,0,6.0,6.0,1
6802,0,0,6,1,0,6.0,6.0,1
6803,0,2,30,3,0,10.0,10.0,0
6806,0,4,33,5,0,6.6,6.6,0
6804,0,0,2,1,0,2.0,2.0,1
6805,3,0,4,4,3,1.0,1.0,1
6807,0,0,4,1,0,4.0,4.0,1
6808,0,0,6,1,0,6.0,6.0,1
6812,0,0,6,1,0,6.0,6.0,1
6813,2,0,3,3,2,1.0,1.0,1
6814,4,0,2,5,4,0.4,0.4,1
6817,1,4,29,6,1,4.833333,4.833333,0
6819,0,0,3,1,0,3.0,3.0,1
6820,3,0,0,4,3,0.0,0.0,1
6790,3,0,3,4,3,0.75,0.75,1
6796,6,0,4,7,6,0.571429,0.571429,1
6810,4,0,4,5,4,0.8,0.8,1
6823,0,0,4,1,0,4.0,4.0,1
6824,2,0,1,3,2,0.333333,0.333333,1
6827,4,0,7,5,4,1.4,1.4,1
6828,0,0,5,1,0,5.0,5.0,1
6829,1,0,5,2,1,2.5,2.5,1
6830,0,0,8,1,0,8.0,8.0,1
6728,0,0,2,1,0,2.0,2.0,1
6781,0,0,2,1,0,2.0,2.0,1
6821,0,0,6,1,0,6.0,6.0,1
6825,0,0,3,1,0,3.0,3.0,1
6831,1,0,1,2,1,0.5,0.5,1
6832,2,0,2,3,2,0.666667,0.666667,1
6833,1,0,7,2,1,3.5,3.5,1
6834,1,0,3,2,1,1.5,1.5,1
6835,2,0,4,3,2,1.333333,1.333333,1
6836,6,0,4,7,6,0.571429,0.571429,1
6838,0,0,2,1,0,2.0,2.0,1
6699,0,0,4,1,0,4.0,4.0,1
6815,5,0,2,6,5,0.333333,0.333333,1
6816,0,0,42,1,0,42.0,42.0,0
6839,0,0,2,1,0,2.0,2.0,1
6841,6,0,3,7,6,0.428571,0.428571,1
6842,3,0,4,4,3,1.0,1.0,1
6844,4,0,7,5,4,1.4,1.4,1
6848,4,0,4,5,4,0.8,0.8,1
6850,0,0,2,1,0,2.0,2.0,1
6787,0,0,6,1,0,6.0,6.0,1
6797,0,0,2,1,0,2.0,2.0,1
6809,1,0,29,2,1,14.5,14.5,0
6846,5,0,8,6,5,1.333333,1.333333,1
6852,0,0,6,1,0,6.0,6.0,1
6854,2,0,4,3,2,1.333333,1.333333,1
6855,0,1,55,2,0,27.5,27.5,0
6856,1,0,2,2,1,1.0,1.0,1
6857,8,0,3,9,8,0.333333,0.333333,1
6858,0,0,5,1,0,5.0,5.0,1
6860,2,0,1,3,2,0.333333,0.333333,1
6719,2,0,3,3,2,1.0,1.0,1
6731,1,0,3,2,1,1.5,1.5,1
6799,0,0,6,1,0,6.0,6.0,1
6826,3,0,2,4,3,0.5,0.5,1
6845,3,0,4,4,3,1.0,1.0,1
6853,3,0,5,4,3,1.25,1.25,1
6863,0,0,14,1,0,14.0,14.0,0
6865,2,1,28,4,2,7.0,7.0,0
6866,1,1,23,3,1,7.666667,7.666667,0
6867,0,0,2,1,0,2.0,2.0,1
6869,2,0,3,3,2,1.0,1.0,1
6870,1,1,24,3,1,8.0,8.0,0
6709,2,0,2,3,2,0.666667,0.666667,1
6840,0,0,2,1,0,2.0,2.0,1
6862,2,0,3,3,2,1.0,1.0,1
6871,0,0,1,1,0,1.0,1.0,1
6873,0,0,4,1,0,4.0,4.0,1
6875,2,0,3,3,2,1.0,1.0,1
6877,0,0,6,1,0,6.0,6.0,1
6878,4,0,6,5,4,1.2,1.2,1
6879,5,0,3,6,5,0.5,0.5,1
6811,4,0,7,5,4,1.4,1.4,1
6822,0,0,2,1,0,2.0,2.0,1
6837,0,0,6,1,0,6.0,6.0,1
6847,0,0,28,1,0,28.0,28.0,0
6859,2,0,5,3,2,1.666667,1.666667,1
6861,0,0,3,1,0,3.0,3.0,1
6864,0,0,8,1,0,8.0,8.0,1
6884,0,0,10,1,0,10.0,10.0,1
6886,0,1,36,2,0,18.0,18.0,0
6887,0,0,4,1,0,4.0,4.0,1
6736,7,0,3,8,7,0.375,0.375,1
6800,1,0,4,2,1,2.0,2.0,1
6818,3,0,6,4,3,1.5,1.5,1
6849,0,2,31,3,0,10.333333,10.333333,0
6874,0,0,6,1,0,6.0,6.0,1
6882,0,0,1,1,0,1.0,1.0,1
6891,0,0,11,1,0,11.0,11.0,0
6897,0,0,8,1,0,8.0,8.0,1
6898,0,0,3,1,0,3.0,3.0,1
6899,0,0,24,1,0,24.0,24.0,0
6843,0,0,42,1,0,42.0,42.0,0
6851,0,4,29,5,0,5.8,5.8,0
6868,0,0,4,1,0,4.0,4.0,1
6872,8,0,4,9,8,0.444444,0.444444,1
6888,0,0,3,1,0,3.0,3.0,1
6893,0,0,8,1,0,8.0,8.0,1
6894,1,0,5,2,1,2.5,2.5,1
6902,1,0,3,2,1,1.5,1.5,1
6903,0,0,35,1,0,35.0,35.0,0
6904,0,0,5,1,0,5.0,5.0,1
6905,0,0,4,1,0,4.0,4.0,1
6908,3,0,1,4,3,0.25,0.25,1
6909,3,0,6,4,3,1.5,1.5,1
6759,1,2,41,4,1,10.25,10.25,0
6880,0,0,6,1,0,6.0,6.0,1
6881,0,0,5,1,0,5.0,5.0,1
6885,0,0,2,1,0,2.0,2.0,1
6892,2,0,3,3,2,1.0,1.0,1
6900,1,0,2,2,1,1.0,1.0,1
6906,0,0,1,1,0,1.0,1.0,1
6910,4,0,4,5,4,0.8,0.8,1
6912,0,0,2,1,0,2.0,2.0,1
6913,1,0,2,2,1,1.0,1.0,1
6914,2,0,5,3,2,1.666667,1.666667,1
6915,0,0,4,1,0,4.0,4.0,1
6917,1,0,10,2,1,5.0,5.0,1
6918,0,0,5,1,0,5.0,5.0,1
6920,0,0,0,1,0,0.0,0.0,1
6876,0,0,0,1,0,0.0,0.0,1
6889,0,0,1,1,0,1.0,1.0,1
6916,0,0,3,1,0,3.0,3.0,1
6926,0,0,3,1,0,3.0,3.0,1
6930,2,0,1,3,2,0.333333,0.333333,1
6890,1,0,6,2,1,3.0,3.0,1
6907,1,0,5,2,1,2.5,2.5,1
6911,5,0,6,6,5,1.0,1.0,1
6921,1,0,2,2,1,1.0,1.0,1
6922,0,0,4,1,0,4.0,4.0,1
6924,0,0,7,1,0,7.0,7.0,1
6929,1,0,5,2,1,2.5,2.5,1
6931,0,2,31,3,0,10.333333,10.333333,0
6933,0,0,2,1,0,2.0,2.0,1
6934,0,0,6,1,0,6.0,6.0,1
6936,0,1,18,2,0,9.0,9.0,0
6939,0,0,7,1,0,7.0,7.0,1
6883,2,0,3,3,2,1.0,1.0,1
6901,0,0,6,1,0,6.0,6.0,1
6919,2,0,1,3,2,0.333333,0.333333,1
6927,11,0,4,12,11,0.333333,0.333333,1
6928,3,0,6,4,3,1.5,1.5,1
6941,4,0,9,5,4,1.8,1.8,1
6943,2,0,2,3,2,0.666667,0.666667,1
6946,0,0,1,1,0,1.0,1.0,1
6947,0,0,19,1,0,19.0,19.0,0
6949,0,0,6,1,0,6.0,6.0,1
6950,0,0,3,1,0,3.0,3.0,1
6940,0,0,3,1,0,3.0,3.0,1
6951,1,1,29,3,1,9.666667,9.666667,0
6952,2,0,5,3,2,1.666667,1.666667,1
6955,2,0,2,3,2,0.666667,0.666667,1
6956,0,0,2,1,0,2.0,2.0,1
6895,2,0,1,3,2,0.333333,0.333333,1
6896,1,0,10,2,1,5.0,5.0,1
6925,3,0,1,4,3,0.25,0.25,1
6937,3,0,2,4,3,0.5,0.5,1
6964,2,0,5,3,2,1.666667,1.666667,1
6966,4,0,4,5,4,0.8,0.8,1
6967,2,0,4,3,2,1.333333,1.333333,1
6968,0,0,3,1,0,3.0,3.0,1
6970,0,0,2,1,0,2.0,2.0,1
6954,0,0,4,1,0,4.0,4.0,1
6959,0,0,3,1,0,3.0,3.0,1
6960,0,0,3,1,0,3.0,3.0,1
6969,0,0,7,1,0,7.0,7.0,1
6971,0,5,19,6,0,3.166667,3.166667,0
6972,0,0,4,1,0,4.0,4.0,1
6973,0,0,5,1,0,5.0,5.0,1
6974,4,0,1,5,4,0.2,0.2,1
6977,0,2,21,3,0,7.0,7.0,0
6978,0,0,3,1,0,3.0,3.0,1
6979,0,0,1,1,0,1.0,1.0,1
6763,3,0,6,4,3,1.5,1.5,1
6784,0,0,6,1,0,6.0,6.0,1
6942,1,1,41,3,1,13.666667,13.666667,0
6953,2,0,4,3,2,1.333333,1.333333,1
6958,5,0,3,6,5,0.5,0.5,1
6981,0,0,5,1,0,5.0,5.0,1
6984,0,0,3,1,0,3.0,3.0,1
6985,1,0,2,2,1,1.0,1.0,1
6987,0,0,29,1,0,29.0,29.0,0
6948,0,1,15,2,0,7.5,7.5,0
6961,0,0,20,1,0,20.0,20.0,0
6992,5,0,3,6,5,0.5,0.5,1
6993,0,0,35,1,0,35.0,35.0,0
6994,0,0,6,1,0,6.0,6.0,1
6996,1,0,5,2,1,2.5,2.5,1
6997,3,0,4,4,3,1.0,1.0,1
6998,0,0,5,1,0,5.0,5.0,1
6999,2,0,3,3,2,1.0,1.0,1
7000,2,0,9,3,2,3.0,3.0,1
6932,0,0,0,1,0,0.0,0.0,1
6935,4,0,0,5,4,0.0,0.0,1
6989,0,0,5,1,0,5.0,5.0,1
7003,0,0,7,1,0,7.0,7.0,1
7004,2,0,2,3,2,0.666667,0.666667,1
7006,4,0,3,5,4,0.6,0.6,1
7008,0,2,33,3,0,11.0,11.0,0
7009,0,0,1,1,0,1.0,1.0,1
6923,1,0,3,2,1,1.5,1.5,1
6945,0,0,3,1,0,3.0,3.0,1
6963,0,0,8,1,0,8.0,8.0,1
6965,0,0,31,1,0,31.0,31.0,0
6983,7,0,3,8,7,0.375,0.375,1
7002,9,0,4,10,9,0.4,0.4,1
7012,0,0,6,1,0,6.0,6.0,1
7020,0,0,3,1,0,3.0,3.0,1
6938,0,0,5,1,0,5.0,5.0,1
6975,0,0,1,1,0,1.0,1.0,1
6980,1,0,7,2,1,3.5,3.5,1
6982,4,0,5,5,4,1.0,1.0,1
7005,1,0,1,2,1,0.5,0.5,1
7011,0,0,2,1,0,2.0,2.0,1
7015,3,0,6,4,3,1.5,1.5,1
7018,0,0,0,1,0,0.0,0.0,1
7019,0,0,3,1,0,3.0,3.0,1
7023,4,0,4,5,4,0.8,0.8,1
7024,0,0,5,1,0,5.0,5.0,1
7025,0,0,5,1,0,5.0,5.0,1
7028,0,4,40,5,0,8.0,8.0,0
6944,6,0,5,7,6,0.714286,0.714286,1
6957,0,0,2,1,0,2.0,2.0,1
7010,0,0,2,1,0,2.0,2.0,1
7013,4,0,2,5,4,0.4,0.4,1
7033,2,0,3,3,2,1.0,1.0,1
7034,3,0,0,4,3,0.0,0.0,1
7040,3,0,6,4,3,1.5,1.5,1
6986,0,0,1,1,0,1.0,1.0,1
6988,0,0,4,1,0,4.0,4.0,1
7001,2,0,4,3,2,1.333333,1.333333,1
7017,1,3,36,5,1,7.2,7.2,0
7021,1,0,5,2,1,2.5,2.5,1
7022,2,0,0,3,2,0.0,0.0,1
7026,0,0,6,1,0,6.0,6.0,1
7027,0,0,5,1,0,5.0,5.0,1
7032,3,0,2,4,3,0.5,0.5,1
7036,5,0,6,6,5,1.0,1.0,1
7039,0,4,38,5,0,7.6,7.6,0
7044,0,2,31,3,0,10.333333,10.333333,0
7047,1,0,2,2,1,1.0,1.0,1
6990,0,0,4,1,0,4.0,4.0,1
6991,0,0,4,1,0,4.0,4.0,1
7029,3,0,7,4,3,1.75,1.75,1
7031,0,0,8,1,0,8.0,8.0,1
7035,3,0,1,4,3,0.25,0.25,1
7043,0,0,3,1,0,3.0,3.0,1
7045,1,1,31,3,1,10.333333,10.333333,0
7048,0,0,5,1,0,5.0,5.0,1
7049,0,0,29,1,0,29.0,29.0,0
7053,4,0,1,5,4,0.2,0.2,1
7056,0,0,3,1,0,3.0,3.0,1
7057,0,0,4,1,0,4.0,4.0,1
7058,1,0,3,2,1,1.5,1.5,1
7060,0,0,2,1,0,2.0,2.0,1
7037,0,0,30,1,0,30.0,30.0,0
7051,3,0,5,4,3,1.25,1.25,1
7055,1,0,5,2,1,2.5,2.5,1
7059,0,0,5,1,0,5.0,5.0,1
7063,0,0,5,1,0,5.0,5.0,1
7065,3,0,5,4,3,1.25,1.25,1
7068,0,0,3,1,0,3.0,3.0,1
7070,0,0,3,1,0,3.0,3.0,1
6976,0,0,4,1,0,4.0,4.0,1
7014,0,0,1,1,0,1.0,1.0,1
7030,0,0,7,1,0,7.0,7.0,1
7064,0,0,4,1,0,4.0,4.0,1
7067,1,0,5,2,1,2.5,2.5,1
7074,0,0,3,1,0,3.0,3.0,1
7075,0,0,5,1,0,5.0,5.0,1
7076,1,0,1,2,1,0.5,0.5,1
7078,2,0,2,3,2,0.666667,0.666667,1
7080,0,0,2,1,0,2.0,2.0,1
7007,2,7,29,10,2,2.9,2.9,0
7052,2,0,5,3,2,1.666667,1.666667,1
7054,1,0,2,2,1,1.0,1.0,1
7062,0,0,2,1,0,2.0,2.0,1
7066,2,0,3,3,2,1.0,1.0,1
7077,0,0,5,1,0,5.0,5.0,1
7079,3,0,3,4,3,0.75,0.75,1
7081,1,3,41,5,1,8.2,8.2,0
7082,0,0,8,1,0,8.0,8.0,1
7084,0,0,1,1,0,1.0,1.0,1
7085,0,0,2,1,0,2.0,2.0,1
7087,0,0,3,1,0,3.0,3.0,1
7088,0,0,4,1,0,4.0,4.0,1
7090,2,0,3,3,2,1.0,1.0,1
6962,0,0,39,1,0,39.0,39.0,0
7046,1,0,3,2,1,1.5,1.5,1
7050,3,0,0,4,3,0.0,0.0,1
7061,0,0,6,1,0,6.0,6.0,1
7071,0,0,5,1,0,5.0,5.0,1
7073,0,0,3,1,0,3.0,3.0,1
7091,5,0,1,6,5,0.166667,0.166667,1
7095,0,0,5,1,0,5.0,5.0,1
7097,0,0,4,1,0,4.0,4.0,1
7099,0,0,4,1,0,4.0,4.0,1
6995,1,0,5,2,1,2.5,2.5,1
7041,0,0,4,1,0,4.0,4.0,1
7083,0,0,2,1,0,2.0,2.0,1
7093,2,0,3,3,2,1.0,1.0,1
7094,0,1,39,2,0,19.5,19.5,0
7100,0,0,24,1,0,24.0,24.0,0
7101,1,0,5,2,1,2.5,2.5,1
7103,0,0,5,1,0,5.0,5.0,1
7104,1,2,23,4,1,5.75,5.75,0
7106,1,0,1,2,1,0.5,0.5,1
7107,0,0,2,1,0,2.0,2.0,1
7109,0,0,2,1,0,2.0,2.0,1
7069,2,0,3,3,2,1.0,1.0,1
7086,5,0,6,6,5,1.0,1.0,1
7108,7,0,2,8,7,0.25,0.25,1
7111,0,0,33,1,0,33.0,33.0,0
7112,0,0,3,1,0,3.0,3.0,1
7114,0,0,5,1,0,5.0,5.0,1
7120,7,0,5,8,7,0.625,0.625,1
7038,0,0,4,1,0,4.0,4.0,1
7105,0,0,5,1,0,5.0,5.0,1
7115,0,3,22,4,0,5.5,5.5,0
7116,0,0,1,1,0,1.0,1.0,1
7123,0,0,6,1,0,6.0,6.0,1
7124,1,0,1,2,1,0.5,0.5,1
7130,2,0,2,3,2,0.666667,0.666667,1
7042,4,0,4,5,4,0.8,0.8,1
7098,4,0,6,5,4,1.2,1.2,1
7102,4,0,7,5,4,1.4,1.4,1
7110,0,0,2,1,0,2.0,2.0,1
7118,0,0,6,1,0,6.0,6.0,1
7121,0,0,4,1,0,4.0,4.0,1
7122,0,0,9,1,0,9.0,9.0,1
7126,0,3,30,4,0,7.5,7.5,0
7128,4,0,3,5,4,0.6,0.6,1
7131,0,0,8,1,0,8.0,8.0,1
7132,3,0,5,4,3,1.25,1.25,1
7135,6,0,3,7,6,0.428571,0.428571,1
7136,0,0,3,1,0,3.0,3.0,1
7137,1,0,1,2,1,0.5,0.5,1
7138,1,0,2,2,1,1.0,1.0,1
7016,0,1,26,2,0,13.0,13.0,0
7072,0,0,12,1,0,12.0,12.0,0
7119,3,0,2,4,3,0.5,0.5,1
7125,0,0,4,1,0,4.0,4.0,1
7140,0,0,2,1,0,2.0,2.0,1
7141,0,0,1,1,0,1.0,1.0,1
7142,1,0,35,2,1,17.5,17.5,0
7144,0,0,6,1,0,6.0,6.0,1
7145,1,1,25,3,1,8.333333,8.333333,0
7146,1,0,1,2,1,0.5,0.5,1
7149,0,0,6,1,0,6.0,6.0,1
7150,0,0,5,1,0,5.0,5.0,1
7127,4,0,6,5,4,1.2,1.2,1
7155,0,0,4,1,0,4.0,4.0,1
7158,0,0,4,1,0,4.0,4.0,1
7159,1,0,3,2,1,1.5,1.5,1
7134,0,0,36,1,0,36.0,36.0,0
7152,0,0,6,1,0,6.0,6.0,1
7153,0,0,2,1,0,2.0,2.0,1
7161,2,0,5,3,2,1.666667,1.666667,1
7162,0,0,9,1,0,9.0,9.0,0
7165,0,0,2,1,0,2.0,2.0,1
7166,2,0,3,3,2,1.0,1.0,1
7168,0,0,29,1,0,29.0,29.0,0
7169,0,0,6,1,0,6.0,6.0,1
7170,0,0,6,1,0,6.0,6.0,1
7113,1,0,2,2,1,1.0,1.0,1
7129,0,0,34,1,0,34.0,34.0,0
7147,0,0,1,1,0,1.0,1.0,1
7154,1,0,4,2,1,2.0,2.0,1
7171,0,0,3,1,0,3.0,3.0,1
7173,0,0,1,1,0,1.0,1.0,1
7174,0,0,2,1,0,2.0,2.0,1
7177,7,0,10,8,7,1.25,1.25,1
7180,2,0,2,3,2,0.666667,0.666667,1
7092,0,0,7,1,0,7.0,7.0,1
7139,2,0,2,3,2,0.666667,0.666667,1
7148,0,0,2,1,0,2.0,2.0,1
7151,0,0,6,1,0,6.0,6.0,1
7178,0,0,5,1,0,5.0,5.0,1
7181,1,1,21,3,1,7.0,7.0,0
7182,3,0,4,4,3,1.0,1.0,1
7186,2,0,1,3,2,0.333333,0.333333,1
7175,2,0,2,3,2,0.666667,0.666667,1
7179,0,0,0,1,0,0.0,0.0,1
7187,0,0,1,1,0,1.0,1.0,1
7191,0,0,4,1,0,4.0,4.0,1
7192,5,0,2,6,5,0.333333,0.333333,1
7193,1,4,41,6,1,6.833333,6.833333,0
7194,0,0,0,1,0,0.0,0.0,1
7195,0,1,19,2,0,9.5,9.5,0
7198,3,0,5,4,3,1.25,1.25,1
7143,0,2,24,3,0,8.0,8.0,0
7163,0,0,41,1,0,41.0,41.0,0
7176,0,0,4,1,0,4.0,4.0,1
7185,0,0,5,1,0,5.0,5.0,1
7196,5,0,6,6,5,1.0,1.0,1
7208,3,0,5,4,3,1.25,1.25,1
7209,3,0,8,4,3,2.0,2.0,1
7210,2,0,4,3,2,1.333333,1.333333,1
7089,2,0,5,3,2,1.666667,1.666667,1
7096,0,0,1,1,0,1.0,1.0,1
7133,0,0,2,1,0,2.0,2.0,1
7164,0,0,1,1,0,1.0,1.0,1
7172,0,0,6,1,0,6.0,6.0,1
7188,0,0,2,1,0,2.0,2.0,1
7190,0,0,4,1,0,4.0,4.0,1
7197,3,0,2,4,3,0.5,0.5,1
7202,0,0,23,1,0,23.0,23.0,0
7203,2,0,5,3,2,1.666667,1.666667,1
7207,2,0,1,3,2,0.333333,0.333333,1
7213,5,0,2,6,5,0.333333,0.333333,1
7214,0,0,5,1,0,5.0,5.0,1
7217,2,0,0,3,2,0.0,0.0,1
7218,0,0,1,1,0,1.0,1.0,1
7160,0,0,2,1,0,2.0,2.0,1
7189,0,0,5,1,0,5.0,5.0,1
7199,2,0,3,3,2,1.0,1.0,1
7211,2,0,3,3,2,1.0,1.0,1
7212,0,0,5,1,0,5.0,5.0,1
7221,0,0,12,1,0,12.0,12.0,1
7222,0,1,28,2,0,14.0,14.0,0
7226,0,0,5,1,0,5.0,5.0,1
7167,1,1,26,3,1,8.666667,8.666667,0
7183,0,0,3,1,0,3.0,3.0,1
7201,2,0,5,3,2,1.666667,1.666667,1
7220,5,0,5,6,5,0.833333,0.833333,1
7224,6,0,5,7,6,0.714286,0.714286,1
7230,0,0,19,1,0,19.0,19.0,0
7234,6,0,3,7,6,0.428571,0.428571,1
7235,0,0,4,1,0,4.0,4.0,1
7236,0,0,38,1,0,38.0,38.0,0
7237,2,0,7,3,2,2.333333,2.333333,1
7184,0,0,3,1,0,3.0,3.0,1
7223,1,0,1,2,1,0.5,0.5,1
7242,0,0,3,1,0,3.0,3.0,1
7243,0,0,4,1,0,4.0,4.0,1
7244,3,0,1,4,3,0.25,0.25,1
7246,0,0,2,1,0,2.0,2.0,1
7247,0,0,7,1,0,7.0,7.0,1
7249,0,0,0,1,0,0.0,0.0,1
7157,3,0,9,4,3,2.25,2.25,1
7206,1,0,1,2,1,0.5,0.5,1
7216,0,0,6,1,0,6.0,6.0,1
7219,5,0,5,6,5,0.833333,0.833333,1
7228,0,0,2,1,0,2.0,2.0,1
7229,0,0,7,1,0,7.0,7.0,1
7231,0,0,4,1,0,4.0,4.0,1
7239,2,0,5,3,2,1.666667,1.666667,1
7245,0,0,6,1,0,6.0,6.0,1
7248,0,0,26,1,0,26.0,26.0,0
7252,4,0,7,5,4,1.4,1.4,1
7253,0,1,25,2,0,12.5,12.5,0
7254,0,0,4,1,0,4.0,4.0,1
7255,0,0,2,1,0,2.0,2.0,1
7257,0,0,5,1,0,5.0,5.0,1
7259,0,0,0,1,0,0.0,0.0,1
7260,1,4,24,6,1,4.0,4.0,0
7117,2,0,0,3,2,0.0,0.0,1
7205,0,0,30,1,0,30.0,30.0,0
7215,0,0,2,1,0,2.0,2.0,1
7250,2,0,5,3,2,1.666667,1.666667,1
7261,0,0,2,1,0,2.0,2.0,1
7262,0,0,4,1,0,4.0,4.0,1
7263,0,0,2,1,0,2.0,2.0,1
7265,2,0,3,3,2,1.0,1.0,1
7267,0,1,24,2,0,12.0,12.0,0
7268,0,0,0,1,0,0.0,0.0,1
7200,0,0,1,1,0,1.0,1.0,1
7233,0,1,19,2,0,9.5,9.5,0
7258,0,0,8,1,0,8.0,8.0,1
7264,2,0,2,3,2,0.666667,0.666667,1
7266,0,0,3,1,0,3.0,3.0,1
7272,0,0,2,1,0,2.0,2.0,1
7277,0,0,36,1,0,36.0,36.0,0
7256,1,0,5,2,1,2.5,2.5,1
7273,0,0,6,1,0,6.0,6.0,1
7275,1,0,3,2,1,1.5,1.5,1
7276,4,0,7,5,4,1.4,1.4,1
7278,0,0,6,1,0,6.0,6.0,1
7283,0,0,5,1,0,5.0,5.0,1
7284,4,0,1,5,4,0.2,0.2,1
7289,0,0,4,1,0,4.0,4.0,1
7290,0,0,25,1,0,25.0,25.0,0
7225,0,0,6,1,0,6.0,6.0,1
7240,0,0,0,1,0,0.0,0.0,1
7270,1,0,4,2,1,2.0,2.0,1
7287,0,0,23,1,0,23.0,23.0,0
7291,4,0,7,5,4,1.4,1.4,1
7292,0,0,5,1,0,5.0,5.0,1
7293,0,0,4,1,0,4.0,4.0,1
7294,0,0,28,1,0,28.0,28.0,0
7295,0,0,6,1,0,6.0,6.0,1
7296,0,0,3,1,0,3.0,3.0,1
7297,0,0,3,1,0,3.0,3.0,1
7298,0,0,32,1,0,32.0,32.0,0
7299,0,0,4,1,0,4.0,4.0,1
7300,0,0,5,1,0,5.0,5.0,1
7156,0,0,3,1,0,3.0,3.0,1
7238,3,0,4,4,3,1.0,1.0,1
7302,2,0,3,3,2,1.0,1.0,1
7303,2,0,6,3,2,2.0,2.0,1
7305,4,0,4,5,4,0.8,0.8,1
7306,7,0,4,8,7,0.5,0.5,1
7307,0,0,37,1,0,37.0,37.0,0
7308,0,0,4,1,0,4.0,4.0,1
7310,0,0,7,1,0,7.0,7.0,1
7232,6,0,1,7,6,0.142857,0.142857,1
7251,0,2,29,3,0,9.666667,9.666667,0
7279,2,0,2,3,2,0.666667,0.666667,1
7304,4,0,2,5,4,0.4,0.4,1
7312,0,0,5,1,0,5.0,5.0,0
7313,0,0,1,1,0,1.0,1.0,1
7319,0,0,24,1,0,24.0,24.0,0
7320,0,0,1,1,0,1.0,1.0,1
7285,0,0,4,1,0,4.0,4.0,1
7311,2,0,0,3,2,0.0,0.0,1
7318,0,0,5,1,0,5.0,5.0,1
7323,0,0,5,1,0,5.0,5.0,1
7325,1,0,5,2,1,2.5,2.5,1
7328,0,0,7,1,0,7.0,7.0,1
7241,2,0,1,3,2,0.333333,0.333333,1
7281,0,0,16,1,0,16.0,16.0,0
7301,3,0,5,4,3,1.25,1.25,1
7324,0,0,2,1,0,2.0,2.0,1
7327,0,0,2,1,0,2.0,2.0,1
7330,0,0,2,1,0,2.0,2.0,1
7332,4,0,2,5,4,0.4,0.4,1
7334,0,0,17,1,0,17.0,17.0,0
7335,0,0,18,1,0,18.0,18.0,0
7337,7,0,3,8,7,0.375,0.375,1
7339,2,0,3,3,2,1.0,1.0,1
7340,0,0,4,1,0,4.0,4.0,1
7204,1,0,5,2,1,2.5,2.5,1
7274,0,0,5,1,0,5.0,5.0,1
7282,0,0,4,1,0,4.0,4.0,1
7314,0,0,3,1,0,3.0,3.0,1
7326,0,0,7,1,0,7.0,7.0,1
7341,0,0,44,1,0,44.0,44.0,0
7344,3,0,4,4,3,1.0,1.0,1
7345,0,0,2,1,0,2.0,2.0,1
7346,3,0,5,4,3,1.25,1.25,1
7350,0,0,3,1,0,3.0,3.0,1
7316,0,0,0,1,0,0.0,0.0,1
7317,3,0,2,4,3,0.5,0.5,1
7322,0,0,4,1,0,4.0,4.0,1
7331,0,0,12,1,0,12.0,12.0,0
7351,3,0,3,4,3,0.75,0.75,1
7352,3,0,1,4,3,0.25,0.25,1
7354,0,0,41,1,0,41.0,41.0,0
7355,0,0,6,1,0,6.0,6.0,1
7357,0,0,4,1,0,4.0,4.0,1
7358,6,0,5,7,6,0.714286,0.714286,1
7286,0,0,8,1,0,8.0,8.0,1
7348,0,0,5,1,0,5.0,5.0,1
7353,0,0,4,1,0,4.0,4.0,1
7356,0,0,23,1,0,23.0,23.0,0
7359,1,0,0,2,1,0.0,0.0,1
7360,0,0,1,1,0,1.0,1.0,1
7361,0,0,18,1,0,18.0,18.0,0
7362,0,0,1,1,0,1.0,1.0,1
7363,1,3,25,5,1,5.0,5.0,0
7365,0,0,5,1,0,5.0,5.0,1
7366,5,0,5,6,5,0.833333,0.833333,1
7367,5,0,4,6,5,0.666667,0.666667,1
7368,0,0,31,1,0,31.0,31.0,0
7369,1,0,1,2,1,0.5,0.5,1
7280,4,0,3,5,4,0.6,0.6,1
7336,0,4,35,5,0,7.0,7.0,0
7338,0,0,2,1,0,2.0,2.0,1
7342,0,0,2,1,0,2.0,2.0,1
7347,0,0,1,1,0,1.0,1.0,1
7371,0,0,23,1,0,23.0,23.0,0
7372,0,0,4,1,0,4.0,4.0,1
7373,0,0,28,1,0,28.0,28.0,0
7374,0,0,6,1,0,6.0,6.0,1
7376,1,3,31,5,1,6.2,6.2,0
7378,2,0,3,3,2,1.0,1.0,1
7227,3,0,5,4,3,1.25,1.25,1
7329,0,0,1,1,0,1.0,1.0,1
7375,0,0,13,1,0,13.0,13.0,0
7383,0,0,4,1,0,4.0,4.0,1
7384,0,0,4,1,0,4.0,4.0,1
7385,0,0,1,1,0,1.0,1.0,1
7387,0,0,18,1,0,18.0,18.0,0
7388,0,0,2,1,0,2.0,2.0,1
7389,0,0,4,1,0,4.0,4.0,1
7269,0,1,28,2,0,14.0,14.0,0
7271,1,0,3,2,1,1.5,1.5,1
7333,0,0,1,1,0,1.0,1.0,1
7349,8,0,3,9,8,0.333333,0.333333,1
7370,0,0,2,1,0,2.0,2.0,1
7377,2,0,0,3,2,0.0,0.0,1
7379,0,0,4,1,0,4.0,4.0,1
7386,0,0,2,1,0,2.0,2.0,1
7392,0,0,5,1,0,5.0,5.0,1
7394,0,0,7,1,0,7.0,7.0,1
7395,0,0,1,1,0,1.0,1.0,1
7309,0,0,2,1,0,2.0,2.0,1
7402,0,0,2,1,0,2.0,2.0,1
7404,0,0,6,1,0,6.0,6.0,1
7405,8,0,6,9,8,0.666667,0.666667,1
7406,0,0,3,1,0,3.0,3.0,1
7407,0,0,6,1,0,6.0,6.0,1
7288,3,0,2,4,3,0.5,0.5,1
7364,0,0,2,1,0,2.0,2.0,1
7381,0,0,22,1,0,22.0,22.0,0
7382,6,0,6,7,6,0.857143,0.857143,1
7391,0,0,48,1,0,48.0,48.0,0
7396,4,2,24,7,4,3.428571,3.428571,0
7399,0,0,4,1,0,4.0,4.0,1
7403,0,0,3,1,0,3.0,3.0,1
7409,0,0,0,1,0,0.0,0.0,1
7411,0,0,3,1,0,3.0,3.0,1
7412,4,0,4,5,4,0.8,0.8,1
7415,0,0,4,1,0,4.0,4.0,1
7417,0,0,2,1,0,2.0,2.0,1
7419,0,0,6,1,0,6.0,6.0,1
7420,5,0,1,6,5,0.166667,0.166667,1
7321,0,2,19,3,0,6.333333,6.333333,0
7343,1,0,4,2,1,2.0,2.0,1
7390,0,0,0,1,0,0.0,0.0,1
7400,0,0,1,1,0,1.0,1.0,1
7410,0,0,3,1,0,3.0,3.0,1
7414,0,0,3,1,0,3.0,3.0,1
7418,0,0,3,1,0,3.0,3.0,1
7421,0,0,0,1,0,0.0,0.0,1
7422,7,0,0,8,7,0.0,0.0,1
7424,0,0,2,1,0,2.0,2.0,1
7427,0,0,1,1,0,1.0,1.0,1
7429,0,0,4,1,0,4.0,4.0,1
7430,0,0,40,1,0,40.0,40.0,0
7315,0,0,5,1,0,5.0,5.0,1
7397,0,0,2,1,0,2.0,2.0,1
7398,0,0,21,1,0,21.0,21.0,0
7431,0,0,1,1,0,1.0,1.0,1
7433,4,0,5,5,4,1.0,1.0,1
7434,4,0,5,5,4,1.0,1.0,1
7436,4,0,5,5,4,1.0,1.0,1
7439,0,0,3,1,0,3.0,3.0,1
7408,0,0,2,1,0,2.0,2.0,1
7423,0,0,29,1,0,29.0,29.0,0
7426,0,0,28,1,0,28.0,28.0,0
7435,0,0,10,1,0,10.0,10.0,1
7437,0,0,3,1,0,3.0,3.0,1
7441,0,0,4,1,0,4.0,4.0,1
7444,2,0,5,3,2,1.666667,1.666667,1
7445,3,0,3,4,3,0.75,0.75,1
7450,0,0,4,1,0,4.0,4.0,1
7413,0,0,8,1,0,8.0,8.0,1
7449,1,0,3,2,1,1.5,1.5,1
7453,0,4,22,5,0,4.4,4.4,0
7454,0,0,4,1,0,4.0,4.0,1
7456,0,0,0,1,0,0.0,0.0,1
7457,0,0,2,1,0,2.0,2.0,1
7458,2,0,4,3,2,1.333333,1.333333,1
7393,0,0,2,1,0,2.0,2.0,1
7401,0,0,21,1,0,21.0,21.0,0
7428,1,0,2,2,1,1.0,1.0,1
7432,0,0,4,1,0,4.0,4.0,1
7442,0,0,0,1,0,0.0,0.0,1
7452,2,0,5,3,2,1.666667,1.666667,1
7459,0,0,2,1,0,2.0,2.0,1
7460,0,0,2,1,0,2.0,2.0,1
7462,0,0,31,1,0,31.0,31.0,0
7463,0,0,31,1,0,31.0,31.0,0
7465,0,0,2,1,0,2.0,2.0,1
7466,2,0,2,3,2,0.666667,0.666667,1
7468,7,0,2,8,7,0.25,0.25,1
7469,0,0,4,1,0,4.0,4.0,1
7416,0,0,6,1,0,6.0,6.0,1
7438,0,0,2,1,0,2.0,2.0,1
7447,0,0,2,1,0,2.0,2.0,1
7451,2,0,1,3,2,0.333333,0.333333,1
7461,0,0,3,1,0,3.0,3.0,1
7470,1,2,26,4,1,6.5,6.5,0
7473,0,0,5,1,0,5.0,5.0,1
7475,0,0,4,1,0,4.0,4.0,1
7477,1,0,4,2,1,2.0,2.0,1
7479,1,0,2,2,1,1.0,1.0,1
7480,2,0,0,3,2,0.0,0.0,1
7464,0,0,5,1,0,5.0,5.0,1
7476,0,0,2,1,0,2.0,2.0,1
7481,0,0,4,1,0,4.0,4.0,1
7482,0,2,14,3,0,4.666667,4.666667,0
7483,1,0,3,2,1,1.5,1.5,1
7484,7,0,4,8,7,0.5,0.5,1
7486,1,0,25,2,1,12.5,12.5,0
7489,0,2,21,3,0,7.0,7.0,0
7490,4,0,4,5,4,0.8,0.8,1
7440,0,0,3,1,0,3.0,3.0,1
7448,0,0,4,1,0,4.0,4.0,1
7472,1,0,6,2,1,3.0,3.0,1
7478,0,0,2,1,0,2.0,2.0,1
7485,3,0,3,4,3,0.75,0.75,1
7491,0,0,4,1,0,4.0,4.0,1
7494,0,0,2,1,0,2.0,2.0,1
7498,2,0,7,3,2,2.333333,2.333333,1
7499,0,0,20,1,0,20.0,20.0,0
7500,2,0,3,3,2,1.0,1.0,1
7380,0,0,5,1,0,5.0,5.0,1
7446,0,0,3,1,0,3.0,3.0,1
7474,0,0,4,1,0,4.0,4.0,1
7497,0,6,27,7,0,3.857143,3.857143,0
7506,0,0,1,1,0,1.0,1.0,1
7507,0,0,2,1,0,2.0,2.0,1
7508,8,0,3,9,8,0.333333,0.333333,1
7509,7,0,3,8,7,0.375,0.375,1
7510,3,0,2,4,3,0.5,0.5,1
7425,0,0,4,1,0,4.0,4.0,1
7487,4,0,3,5,4,0.6,0.6,1
7495,0,0,6,1,0,6.0,6.0,1
7505,2,2,29,5,2,5.8,5.8,0
7511,7,0,3,8,7,0.375,0.375,1
7512,2,0,0,3,2,0.0,0.0,1
7513,0,0,7,1,0,7.0,7.0,1
7514,2,0,1,3,2,0.333333,0.333333,1
7515,2,0,6,3,2,2.0,2.0,1
7520,0,0,1,1,0,1.0,1.0,1
7443,0,0,7,1,0,7.0,7.0,1
7455,2,0,2,3,2,0.666667,0.666667,1
7467,0,0,2,1,0,2.0,2.0,1
7488,2,0,1,3,2,0.333333,0.333333,1
7493,4,0,1,5,4,0.2,0.2,1
7496,0,0,27,1,0,27.0,27.0,0
7503,0,2,15,3,0,5.0,5.0,0
7516,0,0,17,1,0,17.0,17.0,0
7519,2,0,3,3,2,1.0,1.0,1
7521,1,0,2,2,1,1.0,1.0,1
7522,1,0,9,2,1,4.5,4.5,1
7523,0,0,8,1,0,8.0,8.0,1
7524,0,0,4,1,0,4.0,4.0,1
7528,3,0,1,4,3,0.25,0.25,1
7529,0,0,22,1,0,22.0,22.0,0
7530,6,0,2,7,6,0.285714,0.285714,1
7501,0,0,4,1,0,4.0,4.0,1
7502,0,0,6,1,0,6.0,6.0,1
7504,2,2,31,5,2,6.2,6.2,0
7531,0,0,27,1,0,27.0,27.0,0
7534,0,4,31,5,0,6.2,6.2,0
7536,0,0,3,1,0,3.0,3.0,1
7537,0,0,3,1,0,3.0,3.0,1
7538,1,0,3,2,1,1.5,1.5,1
7540,1,0,1,2,1,0.5,0.5,1
7527,1,0,1,2,1,0.5,0.5,1
7535,2,0,2,3,2,0.666667,0.666667,1
7541,2,0,1,3,2,0.333333,0.333333,1
7543,4,0,2,5,4,0.4,0.4,1
7544,0,0,6,1,0,6.0,6.0,1
7545,0,0,15,1,0,15.0,15.0,0
7546,0,0,30,1,0,30.0,30.0,0
7549,0,0,26,1,0,26.0,26.0,0
7550,0,0,6,1,0,6.0,6.0,1
7518,3,0,4,4,3,1.0,1.0,1
7526,0,0,4,1,0,4.0,4.0,1
7532,0,0,1,1,0,1.0,1.0,1
7533,0,0,0,1,0,0.0,0.0,1
7554,2,0,3,3,2,1.0,1.0,1
7558,0,0,12,1,0,12.0,12.0,0
7560,5,0,0,6,5,0.0,0.0,1
7471,0,0,26,1,0,26.0,26.0,0
7539,0,0,32,1,0,32.0,32.0,0
7547,0,0,17,1,0,17.0,17.0,0
7561,2,0,3,3,2,1.0,1.0,1
7562,0,0,4,1,0,4.0,4.0,1
7564,1,0,5,2,1,2.5,2.5,1
7565,1,0,3,2,1,1.5,1.5,1
7567,1,0,1,2,1,0.5,0.5,1
7568,0,0,1,1,0,1.0,1.0,1
7569,2,0,4,3,2,1.333333,1.333333,1
7542,0,0,2,1,0,2.0,2.0,1
7548,0,0,6,1,0,6.0,6.0,1
7551,0,0,21,1,0,21.0,21.0,0
7553,0,0,6,1,0,6.0,6.0,1
7557,1,0,2,2,1,1.0,1.0,1
7563,0,1,12,2,0,6.0,6.0,0
7566,0,0,5,1,0,5.0,5.0,1
7570,1,0,2,2,1,1.0,1.0,1
7571,0,0,4,1,0,4.0,4.0,1
7578,1,0,2,2,1,1.0,1.0,1
7579,0,0,2,1,0,2.0,2.0,1
7580,3,0,3,4,3,0.75,0.75,1
7559,4,0,2,5,4,0.4,0.4,1
7573,4,0,8,5,4,1.6,1.6,1
7582,0,0,22,1,0,22.0,22.0,0
7584,0,0,3,1,0,3.0,3.0,1
7585,0,0,1,1,0,1.0,1.0,1
7586,1,0,5,2,1,2.5,2.5,1
7588,2,4,33,7,2,4.714286,4.714286,0
7590,1,0,0,2,1,0.0,0.0,1
7517,1,0,3,2,1,1.5,1.5,1
7556,0,0,21,1,0,21.0,21.0,0
7575,1,0,2,2,1,1.0,1.0,1
7577,3,0,7,4,3,1.75,1.75,1
7583,1,0,4,2,1,2.0,2.0,1
7589,0,0,5,1,0,5.0,5.0,1
7591,1,1,19,3,1,6.333333,6.333333,0
7592,0,0,5,1,0,5.0,5.0,1
7593,0,0,3,1,0,3.0,3.0,1
7594,0,0,3,1,0,3.0,3.0,1
7595,1,0,29,2,1,14.5,14.5,0
7596,1,0,1,2,1,0.5,0.5,1
7598,3,0,4,4,3,1.0,1.0,1
7599,0,0,4,1,0,4.0,4.0,1
7600,0,0,3,1,0,3.0,3.0,1
7576,3,4,25,8,3,3.125,3.125,0
7597,0,0,24,1,0,24.0,24.0,0
7601,0,0,3,1,0,3.0,3.0,1
7603,1,0,0,2,1,0.0,0.0,1
7605,2,0,4,3,2,1.333333,1.333333,1
7606,0,0,1,1,0,1.0,1.0,1
7608,0,4,27,5,0,5.4,5.4,0
7609,2,0,2,3,2,0.666667,0.666667,1
7610,1,0,3,2,1,1.5,1.5,1
7492,1,2,25,4,1,6.25,6.25,0
7572,5,0,3,6,5,0.5,0.5,1
7574,1,0,9,2,1,4.5,4.5,1
7587,0,0,1,1,0,1.0,1.0,1
7602,0,0,7,1,0,7.0,7.0,1
7604,0,3,40,4,0,10.0,10.0,0
7607,0,0,1,1,0,1.0,1.0,1
7613,0,0,5,1,0,5.0,5.0,1
7614,0,0,2,1,0,2.0,2.0,1
7615,0,0,3,1,0,3.0,3.0,1
7618,0,0,0,1,0,0.0,0.0,1
7619,0,0,4,1,0,4.0,4.0,1
7552,0,0,4,1,0,4.0,4.0,1
7612,0,0,2,1,0,2.0,2.0,1
7616,2,3,22,6,2,3.666667,3.666667,0
7621,1,0,0,2,1,0.0,0.0,1
7623,4,0,2,5,4,0.4,0.4,1
7624,2,0,2,3,2,0.666667,0.666667,1
7625,0,0,5,1,0,5.0,5.0,1
7629,0,0,3,1,0,3.0,3.0,1
7611,0,0,2,1,0,2.0,2.0,1
7620,0,0,30,1,0,30.0,30.0,0
7622,0,2,28,3,0,9.333333,9.333333,0
7628,5,0,1,6,5,0.166667,0.166667,1
7632,6,0,4,7,6,0.571429,0.571429,1
7633,0,0,1,1,0,1.0,1.0,1
7634,0,0,25,1,0,25.0,25.0,0
7635,2,0,3,3,2,1.0,1.0,1
7636,0,0,28,1,0,28.0,28.0,0
7637,0,0,1,1,0,1.0,1.0,1
7638,0,0,34,1,0,34.0,34.0,0
7640,0,0,1,1,0,1.0,1.0,1
7617,0,0,4,1,0,4.0,4.0,1
7630,0,0,4,1,0,4.0,4.0,1
7631,0,0,4,1,0,4.0,4.0,1
7642,0,0,4,1,0,4.0,4.0,1
7643,0,0,5,1,0,5.0,5.0,1
7646,0,0,6,1,0,6.0,6.0,1
7647,2,0,5,3,2,1.666667,1.666667,1
7627,3,0,3,4,3,0.75,0.75,1
7639,0,0,3,1,0,3.0,3.0,1
7651,0,0,6,1,0,6.0,6.0,1
7652,1,0,3,2,1,1.5,1.5,1
7654,0,0,7,1,0,7.0,7.0,1
7655,2,0,3,3,2,1.0,1.0,1
7656,0,0,16,1,0,16.0,16.0,0
7657,5,0,3,6,5,0.5,0.5,1
7659,0,2,13,3,0,4.333333,4.333333,0
7660,1,5,30,7,1,4.285714,4.285714,0
7525,3,0,2,4,3,0.5,0.5,1
7641,0,0,4,1,0,4.0,4.0,1
7645,1,0,5,2,1,2.5,2.5,1
7649,0,0,3,1,0,3.0,3.0,1
7662,1,0,1,2,1,0.5,0.5,1
7663,0,0,2,1,0,2.0,2.0,1
7667,2,2,37,5,2,7.4,7.4,0
7668,0,0,1,1,0,1.0,1.0,1
7669,6,0,2,7,6,0.285714,0.285714,1
7555,0,0,0,1,0,0.0,0.0,1
7626,0,0,22,1,0,22.0,22.0,0
7650,3,0,4,4,3,1.0,1.0,1
7658,0,0,2,1,0,2.0,2.0,1
7661,5,0,7,6,5,1.166667,1.166667,1
7666,0,0,1,1,0,1.0,1.0,1
7671,0,0,2,1,0,2.0,2.0,1
7672,0,0,0,1,0,0.0,0.0,1
7674,0,0,19,1,0,19.0,19.0,0
7675,3,0,0,4,3,0.0,0.0,1
7677,0,0,2,1,0,2.0,2.0,1
7679,2,0,3,3,2,1.0,1.0,1
7676,2,0,3,3,2,1.0,1.0,1
7678,1,0,3,2,1,1.5,1.5,1
7681,0,0,1,1,0,1.0,1.0,1
7683,3,0,0,4,3,0.0,0.0,1
7687,0,0,25,1,0,25.0,25.0,0
7688,2,0,3,3,2,1.0,1.0,1
7689,0,0,4,1,0,4.0,4.0,1
7653,1,0,1,2,1,0.5,0.5,1
7682,2,3,33,6,2,5.5,5.5,0
7686,1,0,2,2,1,1.0,1.0,1
7690,3,0,6,4,3,1.5,1.5,1
7691,3,0,1,4,3,0.25,0.25,1
7692,1,2,23,4,1,5.75,5.75,0
7693,6,0,1,7,6,0.142857,0.142857,1
7694,0,0,4,1,0,4.0,4.0,1
7695,0,0,5,1,0,5.0,5.0,1
7697,0,0,2,1,0,2.0,2.0,1
7700,0,0,2,1,0,2.0,2.0,1
7648,3,0,7,4,3,1.75,1.75,1
7665,0,0,34,1,0,34.0,34.0,0
7680,0,0,22,1,0,22.0,22.0,0
7684,4,0,3,5,4,0.6,0.6,1
7696,0,0,6,1,0,6.0,6.0,0
7703,0,0,1,1,0,1.0,1.0,1
7704,0,3,25,4,0,6.25,6.25,0
7706,0,0,22,1,0,22.0,22.0,0
7709,5,0,1,6,5,0.166667,0.166667,1
7710,0,0,2,1,0,2.0,2.0,1
7673,0,0,1,1,0,1.0,1.0,1
7699,1,0,3,2,1,1.5,1.5,1
7711,0,0,3,1,0,3.0,3.0,1
7713,2,0,1,3,2,0.333333,0.333333,1
7714,4,0,3,5,4,0.6,0.6,1
7719,1,2,33,4,1,8.25,8.25,0
7664,2,0,3,3,2,1.0,1.0,1
7701,0,0,3,1,0,3.0,3.0,1
7702,0,0,24,1,0,24.0,24.0,0
7707,0,0,3,1,0,3.0,3.0,1
7718,4,0,3,5,4,0.6,0.6,1
7722,0,0,32,1,0,32.0,32.0,0
7724,5,0,5,6,5,0.833333,0.833333,1
7725,0,0,4,1,0,4.0,4.0,1
7726,0,0,3,1,0,3.0,3.0,1
7729,0,0,3,1,0,3.0,3.0,1
7670,5,0,5,6,5,0.833333,0.833333,1
7717,0,0,6,1,0,6.0,6.0,1
7730,0,0,1,1,0,1.0,1.0,1
7731,8,0,1,9,8,0.111111,0.111111,1
7732,0,0,3,1,0,3.0,3.0,1
7734,0,0,2,1,0,2.0,2.0,1
7737,0,0,2,1,0,2.0,2.0,1
7712,0,0,2,1,0,2.0,2.0,1
7723,0,0,5,1,0,5.0,5.0,1
7735,0,0,2,1,0,2.0,2.0,1
7738,4,0,0,5,4,0.0,0.0,1
7741,0,0,1,1,0,1.0,1.0,1
7742,3,0,1,4,3,0.25,0.25,1
7744,0,0,3,1,0,3.0,3.0,1
7746,3,0,5,4,3,1.25,1.25,1
7747,0,0,2,1,0,2.0,2.0,1
7748,5,0,4,6,5,0.666667,0.666667,1
7749,0,0,6,1,0,6.0,6.0,1
7727,4,0,2,5,4,0.4,0.4,1
7736,0,1,17,2,0,8.5,8.5,0
7751,0,0,20,1,0,20.0,20.0,0
7752,0,0,6,1,0,6.0,6.0,1
7753,3,0,5,4,3,1.25,1.25,1
7754,0,0,21,1,0,21.0,21.0,0
7755,3,0,1,4,3,0.25,0.25,1
7756,0,0,22,1,0,22.0,22.0,0
7758,3,0,4,4,3,1.0,1.0,1
7760,1,0,2,2,1,1.0,1.0,1
7743,0,0,5,1,0,5.0,5.0,1
7750,0,0,4,1,0,4.0,4.0,1
7759,3,0,1,4,3,0.25,0.25,1
7763,1,0,2,2,1,1.0,1.0,1
7764,0,0,5,1,0,5.0,5.0,1
7766,0,0,11,1,0,11.0,11.0,0
7769,0,0,4,1,0,4.0,4.0,1
7770,0,0,0,1,0,0.0,0.0,1
7581,0,0,4,1,0,4.0,4.0,1
7705,2,0,3,3,2,1.0,1.0,1
7765,0,0,4,1,0,4.0,4.0,1
7772,0,0,4,1,0,4.0,4.0,1
7774,0,0,18,1,0,18.0,18.0,0
7775,0,2,12,3,0,4.0,4.0,0
7776,2,0,1,3,2,0.333333,0.333333,1
7778,2,0,2,3,2,0.666667,0.666667,1
7780,0,0,2,1,0,2.0,2.0,1
7716,2,0,2,3,2,0.666667,0.666667,1
7720,5,0,0,6,5,0.0,0.0,1
7728,0,0,3,1,0,3.0,3.0,1
7733,0,0,1,1,0,1.0,1.0,1
7739,0,0,0,1,0,0.0,0.0,1
7757,0,0,3,1,0,3.0,3.0,1
7771,4,0,5,5,4,1.0,1.0,1
7777,0,0,1,1,0,1.0,1.0,1
7781,0,0,2,1,0,2.0,2.0,1
7782,0,0,0,1,0,0.0,0.0,1
7788,1,0,1,2,1,0.5,0.5,1
7767,0,0,10,1,0,10.0,10.0,0
7773,0,0,2,1,0,2.0,2.0,1
7779,3,0,4,4,3,1.0,1.0,1
7784,3,0,4,4,3,1.0,1.0,1
7786,0,0,2,1,0,2.0,2.0,1
7789,0,0,2,1,0,2.0,2.0,1
7790,1,0,3,2,1,1.5,1.5,1
7793,3,0,4,4,3,1.0,1.0,1
7798,1,0,3,2,1,1.5,1.5,1
7783,2,0,1,3,2,0.333333,0.333333,1
7792,0,0,4,1,0,4.0,4.0,1
7801,7,0,1,8,7,0.125,0.125,1
7803,0,0,28,1,0,28.0,28.0,0
7805,1,0,21,2,1,10.5,10.5,0
7806,0,3,10,4,0,2.5,2.5,0
7807,0,0,1,1,0,1.0,1.0,1
7809,3,0,2,4,3,0.5,0.5,1
7810,1,0,2,2,1,1.0,1.0,1
7685,2,1,23,4,2,5.75,5.75,0
7794,4,0,2,5,4,0.4,0.4,1
7795,0,0,3,1,0,3.0,3.0,1
7796,0,0,18,1,0,18.0,18.0,0
7799,0,0,5,1,0,5.0,5.0,1
7808,1,0,0,2,1,0.0,0.0,1
7814,0,0,2,1,0,2.0,2.0,1
7815,0,0,2,1,0,2.0,2.0,1
7818,0,0,0,1,0,0.0,0.0,1
7819,0,0,1,1,0,1.0,1.0,1
7820,0,0,3,1,0,3.0,3.0,1
7745,0,0,4,1,0,4.0,4.0,1
7800,0,0,3,1,0,3.0,3.0,1
7813,3,0,4,4,3,1.0,1.0,1
7816,0,0,5,1,0,5.0,5.0,1
7821,1,0,11,2,1,5.5,5.5,0
7822,0,0,1,1,0,1.0,1.0,1
7826,3,0,1,4,3,0.25,0.25,1
7827,0,0,7,1,0,7.0,7.0,1
7828,0,2,17,3,0,5.666667,5.666667,0
7830,1,0,1,2,1,0.5,0.5,1
7644,0,0,4,1,0,4.0,4.0,1
7698,1,0,2,2,1,1.0,1.0,1
7740,0,0,1,1,0,1.0,1.0,1
7762,2,0,21,3,2,7.0,7.0,0
7804,0,0,3,1,0,3.0,3.0,1
7812,4,0,3,5,4,0.6,0.6,1
7823,4,0,4,5,4,0.8,0.8,1
7825,3,0,1,4,3,0.25,0.25,1
7829,2,5,25,8,2,3.125,3.125,0
7834,0,1,17,2,0,8.5,8.5,0
7835,1,0,1,2,1,0.5,0.5,1
7836,0,0,13,1,0,13.0,13.0,0
7838,1,0,1,2,1,0.5,0.5,1
7839,0,0,2,1,0,2.0,2.0,1
7761,0,0,21,1,0,21.0,21.0,0
7797,0,2,24,3,0,8.0,8.0,0
7817,0,0,4,1,0,4.0,4.0,1
7824,0,0,29,1,0,29.0,29.0,0
7833,3,0,2,4,3,0.5,0.5,1
7837,0,0,4,1,0,4.0,4.0,1
7844,3,0,3,4,3,0.75,0.75,1
7849,7,0,3,8,7,0.375,0.375,1
7721,0,0,6,1,0,6.0,6.0,1
7811,0,1,21,2,0,10.5,10.5,0
7843,0,0,4,1,0,4.0,4.0,1
7845,0,0,1,1,0,1.0,1.0,1
7846,0,0,2,1,0,2.0,2.0,1
7852,0,0,2,1,0,2.0,2.0,1
7855,0,0,0,1,0,0.0,0.0,1
7856,0,0,1,1,0,1.0,1.0,1
7857,3,0,5,4,3,1.25,1.25,1
7860,0,0,7,1,0,7.0,7.0,1
7708,0,0,2,1,0,2.0,2.0,1
7791,0,0,3,1,0,3.0,3.0,1
7802,1,1,21,3,1,7.0,7.0,0
7842,0,0,5,1,0,5.0,5.0,1
7858,2,0,5,3,2,1.666667,1.666667,1
7859,0,0,0,1,0,0.0,0.0,1
7863,6,0,1,7,6,0.142857,0.142857,1
7864,2,0,1,3,2,0.333333,0.333333,1
7865,0,0,1,1,0,1.0,1.0,1
7866,5,0,2,6,5,0.333333,0.333333,1
7870,0,0,9,1,0,9.0,9.0,1
7841,0,0,4,1,0,4.0,4.0,1
7850,0,0,2,1,0,2.0,2.0,1
7853,0,0,4,1,0,4.0,4.0,1
7861,3,0,2,4,3,0.5,0.5,1
7871,0,0,2,1,0,2.0,2.0,1
7872,1,0,2,2,1,1.0,1.0,1
7875,2,0,16,3,2,5.333333,5.333333,0
7878,1,0,1,2,1,0.5,0.5,1
7880,0,0,7,1,0,7.0,7.0,1
7768,0,0,22,1,0,22.0,22.0,0
7840,0,0,5,1,0,5.0,5.0,1
7847,0,0,3,1,0,3.0,3.0,1
7848,1,2,17,4,1,4.25,4.25,0
7862,3,0,1,4,3,0.25,0.25,1
7867,3,0,4,4,3,1.0,1.0,1
7869,3,0,5,4,3,1.25,1.25,1
7877,0,0,23,1,0,23.0,23.0,0
7881,0,0,9,1,0,9.0,9.0,0
7882,1,0,5,2,1,2.5,2.5,1
7884,0,0,0,1,0,0.0,0.0,1
7885,0,0,5,1,0,5.0,5.0,1
7886,0,0,1,1,0,1.0,1.0,1
7888,0,0,4,1,0,4.0,4.0,1
7889,0,0,3,1,0,3.0,3.0,1
7890,4,0,4,5,4,0.8,0.8,1
7851,0,0,28,1,0,28.0,28.0,0
7873,0,0,2,1,0,2.0,2.0,1
7876,2,0,1,3,2,0.333333,0.333333,1
7883,0,0,1,1,0,1.0,1.0,1
7891,0,0,2,1,0,2.0,2.0,1
7894,1,0,3,2,1,1.5,1.5,1
7895,0,0,1,1,0,1.0,1.0,1
7896,1,0,1,2,1,0.5,0.5,1
7900,0,0,1,1,0,1.0,1.0,1
7832,0,0,0,1,0,0.0,0.0,1
7854,0,0,3,1,0,3.0,3.0,1
7868,0,0,2,1,0,2.0,2.0,1
7887,0,0,1,1,0,1.0,1.0,1
7899,2,0,3,3,2,1.0,1.0,1
7902,0,0,2,1,0,2.0,2.0,1
7905,0,0,2,1,0,2.0,2.0,1
7908,0,0,6,1,0,6.0,6.0,1
7910,0,0,4,1,0,4.0,4.0,1
7898,0,0,1,1,0,1.0,1.0,1
7904,0,0,2,1,0,2.0,2.0,1
7909,0,0,0,1,0,0.0,0.0,1
7911,0,0,16,1,0,16.0,16.0,0
7912,0,0,20,1,0,20.0,20.0,0
7913,0,0,2,1,0,2.0,2.0,1
7914,0,0,1,1,0,1.0,1.0,1
7916,3,0,7,4,3,1.75,1.75,1
7917,0,0,4,1,0,4.0,4.0,1
7918,0,0,8,1,0,8.0,8.0,1
7892,0,0,2,1,0,2.0,2.0,1
7897,0,0,1,1,0,1.0,1.0,1
7901,0,0,22,1,0,22.0,22.0,0
7903,0,0,6,1,0,6.0,6.0,1
7915,0,0,2,1,0,2.0,2.0,1
7921,0,0,27,1,0,27.0,27.0,0
7922,0,0,2,1,0,2.0,2.0,1
7924,0,0,5,1,0,5.0,5.0,1
7926,0,0,2,1,0,2.0,2.0,1
7927,2,0,1,3,2,0.333333,0.333333,1
7928,1,0,4,2,1,2.0,2.0,1
7930,2,0,2,3,2,0.666667,0.666667,1
7879,0,0,1,1,0,1.0,1.0,1
7919,3,0,1,4,3,0.25,0.25,1
7925,1,0,5,2,1,2.5,2.5,1
7933,1,0,1,2,1,0.5,0.5,1
7934,2,0,3,3,2,1.0,1.0,1
7935,1,0,2,2,1,1.0,1.0,1
7937,0,0,1,1,0,1.0,1.0,1
7938,1,0,1,2,1,0.5,0.5,1
7931,0,0,5,1,0,5.0,5.0,1
7936,0,0,2,1,0,2.0,2.0,1
7939,0,0,2,1,0,2.0,2.0,1
7942,0,0,0,1,0,0.0,0.0,1
7944,3,0,2,4,3,0.5,0.5,1
7945,1,2,17,4,1,4.25,4.25,0
7947,0,0,3,1,0,3.0,3.0,1
7949,0,1,26,2,0,13.0,13.0,0
7874,0,0,4,1,0,4.0,4.0,1
7893,0,0,2,1,0,2.0,2.0,1
7906,0,0,1,1,0,1.0,1.0,1
7920,1,0,3,2,1,1.5,1.5,1
7923,0,0,7,1,0,7.0,7.0,1
7948,0,0,3,1,0,3.0,3.0,1
7951,0,0,1,1,0,1.0,1.0,1
7956,2,6,17,9,2,1.888889,1.888889,0
7957,0,0,2,1,0,2.0,2.0,1
7959,2,0,3,3,2,1.0,1.0,1
7960,1,0,4,2,1,2.0,2.0,1
7929,0,2,9,3,0,3.0,3.0,0
7932,0,0,1,1,0,1.0,1.0,1
7941,1,0,8,2,1,4.0,4.0,1
7952,0,0,2,1,0,2.0,2.0,1
7954,2,0,4,3,2,1.333333,1.333333,1
7958,2,0,2,3,2,0.666667,0.666667,1
7963,0,0,1,1,0,1.0,1.0,1
7964,0,0,2,1,0,2.0,2.0,1
7969,0,0,2,1,0,2.0,2.0,1
7715,0,0,6,1,0,6.0,6.0,1
7785,0,0,5,1,0,5.0,5.0,1
7940,0,0,3,1,0,3.0,3.0,1
7955,0,0,2,1,0,2.0,2.0,1
7961,0,0,2,1,0,2.0,2.0,1
7966,0,0,26,1,0,26.0,26.0,0
7968,0,0,4,1,0,4.0,4.0,1
7970,0,0,2,1,0,2.0,2.0,1
7971,0,0,5,1,0,5.0,5.0,1
7972,0,0,2,1,0,2.0,2.0,1
7975,0,0,4,1,0,4.0,4.0,1
7980,2,0,3,3,2,1.0,1.0,1
7950,0,0,1,1,0,1.0,1.0,1
7953,0,0,5,1,0,5.0,5.0,1
7977,0,0,24,1,0,24.0,24.0,0
7981,0,1,18,2,0,9.0,9.0,0
7983,1,0,2,2,1,1.0,1.0,1
7946,0,0,5,1,0,5.0,5.0,1
7962,2,0,2,3,2,0.666667,0.666667,1
7967,0,0,3,1,0,3.0,3.0,1
7973,1,0,3,2,1,1.5,1.5,1
7978,0,0,1,1,0,1.0,1.0,1
7979,0,0,25,1,0,25.0,25.0,0
7990,0,0,1,1,0,1.0,1.0,1
7994,1,0,2,2,1,1.0,1.0,1
7997,2,2,20,5,2,4.0,4.0,0
7999,0,0,19,1,0,19.0,19.0,0
7787,0,0,2,1,0,2.0,2.0,1
7943,0,0,4,1,0,4.0,4.0,1
7974,0,0,17,1,0,17.0,17.0,0
7976,0,0,3,1,0,3.0,3.0,1
7984,0,0,2,1,0,2.0,2.0,1
7985,0,1,16,2,0,8.0,8.0,0
7986,0,0,2,1,0,2.0,2.0,1
7989,0,0,1,1,0,1.0,1.0,1
8003,2,0,8,3,2,2.666667,2.666667,1
8009,0,0,1,1,0,1.0,1.0,1
8010,0,0,1,1,0,1.0,1.0,1
7907,0,0,4,1,0,4.0,4.0,1
7991,0,0,22,1,0,22.0,22.0,0
7998,0,0,2,1,0,2.0,2.0,1
8013,0,0,24,1,0,24.0,24.0,0
8015,0,0,2,1,0,2.0,2.0,1
8018,1,0,4,2,1,2.0,2.0,1
8019,0,0,3,1,0,3.0,3.0,1
8020,1,0,1,2,1,0.5,0.5,1
7992,2,0,4,3,2,1.333333,1.333333,1
7993,0,0,1,1,0,1.0,1.0,1
8005,0,0,2,1,0,2.0,2.0,1
8016,3,0,1,4,3,0.25,0.25,1
8021,0,1,15,2,0,7.5,7.5,0
8024,0,0,13,1,0,13.0,13.0,0
8025,0,0,3,1,0,3.0,3.0,1
8026,0,0,6,1,0,6.0,6.0,1
8027,1,3,29,5,1,5.8,5.8,0
8029,1,0,5,2,1,2.5,2.5,1
7982,0,0,1,1,0,1.0,1.0,1
8000,1,0,12,2,1,6.0,6.0,0
8004,3,0,2,4,3,0.5,0.5,1
8006,0,0,5,1,0,5.0,5.0,1
8007,0,0,3,1,0,3.0,3.0,1
8008,0,0,3,1,0,3.0,3.0,1
8011,7,0,0,8,7,0.0,0.0,1
8012,0,5,27,6,0,4.5,4.5,0
8017,0,0,13,1,0,13.0,13.0,0
8032,1,0,4,2,1,2.0,2.0,1
8035,0,0,14,1,0,14.0,14.0,0
8037,0,2,20,3,0,6.666667,6.666667,0
8040,0,0,27,1,0,27.0,27.0,0
7965,0,0,3,1,0,3.0,3.0,1
7988,0,0,35,1,0,35.0,35.0,0
7996,0,0,1,1,0,1.0,1.0,1
8028,0,0,3,1,0,3.0,3.0,1
8034,0,0,2,1,0,2.0,2.0,1
8038,0,0,18,1,0,18.0,18.0,0
8041,0,0,2,1,0,2.0,2.0,1
8047,4,0,6,5,4,1.2,1.2,1
8049,1,0,1,2,1,0.5,0.5,1
7995,0,0,15,1,0,15.0,15.0,0
8022,0,0,2,1,0,2.0,2.0,1
8031,0,0,1,1,0,1.0,1.0,1
8039,1,0,1,2,1,0.5,0.5,1
8042,0,0,3,1,0,3.0,3.0,1
8053,8,0,3,9,8,0.333333,0.333333,1
8057,0,0,3,1,0,3.0,3.0,1
8059,0,0,1,1,0,1.0,1.0,1
8060,0,0,4,1,0,4.0,4.0,1
7987,3,0,2,4,3,0.5,0.5,1
8033,1,0,3,2,1,1.5,1.5,1
8036,0,0,29,1,0,29.0,29.0,0
8043,5,0,4,6,5,0.666667,0.666667,1
8045,1,0,35,2,1,17.5,17.5,0
8048,1,0,3,2,1,1.5,1.5,1
8050,1,0,1,2,1,0.5,0.5,1
8055,0,0,2,1,0,2.0,2.0,1
8061,0,0,1,1,0,1.0,1.0,1
8063,1,0,4,2,1,2.0,2.0,1
8064,0,0,1,1,0,1.0,1.0,1
8001,3,0,1,4,3,0.25,0.25,1
8044,0,1,13,2,0,6.5,6.5,0
8052,2,0,4,3,2,1.333333,1.333333,1
8054,1,6,27,8,1,3.375,3.375,0
8066,0,0,6,1,0,6.0,6.0,0
8067,0,0,4,1,0,4.0,4.0,1
8069,4,0,1,5,4,0.2,0.2,1
8072,1,0,2,2,1,1.0,1.0,1
8077,0,0,2,1,0,2.0,2.0,1
8079,0,0,3,1,0,3.0,3.0,1
8030,0,0,31,1,0,31.0,31.0,0
8058,0,0,5,1,0,5.0,5.0,1
8062,0,0,25,1,0,25.0,25.0,0
8073,4,0,4,5,4,0.8,0.8,1
8076,1,0,1,2,1,0.5,0.5,1
8083,1,0,2,2,1,1.0,1.0,1
8084,4,0,2,5,4,0.4,0.4,1
8088,0,0,2,1,0,2.0,2.0,1
8014,0,0,4,1,0,4.0,4.0,1
8068,4,0,1,5,4,0.2,0.2,1
8074,4,7,28,12,4,2.333333,2.333333,0
8078,0,0,1,1,0,1.0,1.0,1
8080,0,0,1,1,0,1.0,1.0,1
8081,1,1,19,3,1,6.333333,6.333333,0
8082,0,0,0,1,0,0.0,0.0,1
8089,5,0,6,6,5,1.0,1.0,1
8098,3,0,2,4,3,0.5,0.5,1
8099,1,0,2,2,1,1.0,1.0,1
8046,0,0,5,1,0,5.0,5.0,1
8075,0,0,1,1,0,1.0,1.0,1
8091,0,0,4,1,0,4.0,4.0,1
8092,0,0,2,1,0,2.0,2.0,1
8096,0,0,25,1,0,25.0,25.0,0
8102,0,0,20,1,0,20.0,20.0,0
8104,0,0,1,1,0,1.0,1.0,1
8107,2,0,1,3,2,0.333333,0.333333,1
8051,2,0,4,3,2,1.333333,1.333333,1
8070,1,0,3,2,1,1.5,1.5,1
8086,0,0,28,1,0,28.0,28.0,0
8090,0,0,1,1,0,1.0,1.0,1
8112,2,0,3,3,2,1.0,1.0,1
8116,1,0,2,2,1,1.0,1.0,1
8119,0,0,3,1,0,3.0,3.0,1
8065,4,0,1,5,4,0.2,0.2,1
8093,2,0,4,3,2,1.333333,1.333333,1
8105,4,0,0,5,4,0.0,0.0,1
8111,0,0,3,1,0,3.0,3.0,1
8120,1,0,6,2,1,3.0,3.0,1
8122,1,0,4,2,1,2.0,2.0,1
8123,0,0,1,1,0,1.0,1.0,1
8127,0,0,3,1,0,3.0,3.0,1
8087,0,0,5,1,0,5.0,5.0,1
8101,0,0,1,1,0,1.0,1.0,1
8106,0,0,1,1,0,1.0,1.0,1
8113,0,0,3,1,0,3.0,3.0,1
8117,0,0,1,1,0,1.0,1.0,1
8118,0,0,2,1,0,2.0,2.0,1
8121,0,0,4,1,0,4.0,4.0,1
8125,0,0,31,1,0,31.0,31.0,0
8131,3,0,3,4,3,0.75,0.75,1
8132,0,0,21,1,0,21.0,21.0,0
8133,3,0,1,4,3,0.25,0.25,1
8136,0,0,3,1,0,3.0,3.0,1
8138,0,0,3,1,0,3.0,3.0,1
8139,0,0,3,1,0,3.0,3.0,1
8140,5,0,3,6,5,0.5,0.5,1
8097,0,0,2,1,0,2.0,2.0,1
8100,0,0,2,1,0,2.0,2.0,1
8110,2,0,3,3,2,1.0,1.0,1
8130,8,0,4,9,8,0.444444,0.444444,1
8141,1,2,21,4,1,5.25,5.25,0
8143,8,0,4,9,8,0.444444,0.444444,1
8144,0,0,24,1,0,24.0,24.0,0
8145,0,0,2,1,0,2.0,2.0,1
8146,0,0,2,1,0,2.0,2.0,1
8147,0,0,2,1,0,2.0,2.0,1
8148,1,0,3,2,1,1.5,1.5,1
7831,0,0,23,1,0,23.0,23.0,0
8056,2,0,1,3,2,0.333333,0.333333,1
8109,0,0,1,1,0,1.0,1.0,1
8128,1,0,2,2,1,1.0,1.0,1
8129,2,0,4,3,2,1.333333,1.333333,1
8134,0,0,17,1,0,17.0,17.0,0
8151,0,0,3,1,0,3.0,3.0,1
8152,3,0,6,4,3,1.5,1.5,1
8153,1,0,0,2,1,0.0,0.0,1
8155,0,0,4,1,0,4.0,4.0,1
8158,2,0,4,3,2,1.333333,1.333333,1
8108,0,0,2,1,0,2.0,2.0,1
8159,0,0,1,1,0,1.0,1.0,1
8163,0,0,6,1,0,6.0,6.0,1
8164,0,0,1,1,0,1.0,1.0,1
8165,1,0,1,2,1,0.5,0.5,1
8167,0,0,24,1,0,24.0,24.0,0
8168,0,0,5,1,0,5.0,5.0,1
8071,0,0,5,1,0,5.0,5.0,1
8085,0,0,4,1,0,4.0,4.0,1
8103,3,0,1,4,3,0.25,0.25,1
8124,2,0,2,3,2,0.666667,0.666667,1
8149,0,0,1,1,0,1.0,1.0,1
8157,0,0,3,1,0,3.0,3.0,1
8160,0,0,2,1,0,2.0,2.0,1
8161,0,0,3,1,0,3.0,3.0,1
8169,2,0,3,3,2,1.0,1.0,1
8174,3,0,1,4,3,0.25,0.25,1
8175,0,0,5,1,0,5.0,5.0,1
8177,5,0,3,6,5,0.5,0.5,1
8178,0,0,4,1,0,4.0,4.0,1
8002,0,0,1,1,0,1.0,1.0,1
8126,0,0,0,1,0,0.0,0.0,1
8154,3,0,5,4,3,1.25,1.25,1
8162,0,0,3,1,0,3.0,3.0,1
8170,0,0,8,1,0,8.0,8.0,0
8173,0,4,28,5,0,5.6,5.6,0
8180,3,0,1,4,3,0.25,0.25,1
8184,0,0,1,1,0,1.0,1.0,1
8187,4,0,1,5,4,0.2,0.2,1
8188,2,2,10,5,2,2.0,2.0,0
8189,3,0,0,4,3,0.0,0.0,1
8142,2,0,0,3,2,0.0,0.0,1
8171,0,0,0,1,0,0.0,0.0,1
8182,0,0,15,1,0,15.0,15.0,0
8193,0,0,3,1,0,3.0,3.0,1
8194,0,0,4,1,0,4.0,4.0,1
8196,3,0,5,4,3,1.25,1.25,1
8199,8,0,0,9,8,0.0,0.0,1
8200,0,0,0,1,0,0.0,0.0,1
8094,0,0,6,1,0,6.0,6.0,1
8114,4,0,1,5,4,0.2,0.2,1
8183,2,0,1,3,2,0.333333,0.333333,1
8185,0,0,3,1,0,3.0,3.0,1
8197,0,0,1,1,0,1.0,1.0,1
8202,0,0,1,1,0,1.0,1.0,1
8204,0,0,1,1,0,1.0,1.0,1
8206,3,0,3,4,3,0.75,0.75,1
8209,1,2,9,4,1,2.25,2.25,0
8210,0,0,2,1,0,2.0,2.0,1
8137,0,0,1,1,0,1.0,1.0,1
8150,0,0,0,1,0,0.0,0.0,1
8172,0,1,11,2,0,5.5,5.5,0
8192,0,0,4,1,0,4.0,4.0,1
8201,0,0,2,1,0,2.0,2.0,1
8205,0,1,11,2,0,5.5,5.5,0
8211,5,0,1,6,5,0.166667,0.166667,1
8215,0,1,17,2,0,8.5,8.5,0
8216,1,0,1,2,1,0.5,0.5,1
8217,0,0,1,1,0,1.0,1.0,1
8219,2,1,22,4,2,5.5,5.5,0
8095,0,0,3,1,0,3.0,3.0,1
8135,0,0,31,1,0,31.0,31.0,0
8156,0,0,2,1,0,2.0,2.0,1
8218,0,0,6,1,0,6.0,6.0,1
8223,0,0,3,1,0,3.0,3.0,1
8226,0,0,3,1,0,3.0,3.0,1
8229,0,0,2,1,0,2.0,2.0,1
8230,0,0,6,1,0,6.0,6.0,1
8166,1,4,21,6,1,3.5,3.5,0
8176,0,0,2,1,0,2.0,2.0,1
8181,4,0,3,5,4,0.6,0.6,1
8190,0,0,1,1,0,1.0,1.0,1
8208,0,0,7,1,0,7.0,7.0,0
8213,2,0,2,3,2,0.666667,0.666667,1
8224,2,3,16,6,2,2.666667,2.666667,0
8228,0,0,16,1,0,16.0,16.0,0
8231,0,0,1,1,0,1.0,1.0,1
8232,2,0,1,3,2,0.333333,0.333333,1
8233,0,0,1,1,0,1.0,1.0,1
8234,0,0,1,1,0,1.0,1.0,1
8237,0,0,1,1,0,1.0,1.0,1
8238,2,0,3,3,2,1.0,1.0,1
8240,0,0,1,1,0,1.0,1.0,1
8221,0,0,2,1,0,2.0,2.0,1
8235,1,0,3,2,1,1.5,1.5,1
8243,1,2,14,4,1,3.5,3.5,0
8244,0,0,2,1,0,2.0,2.0,1
8247,0,0,3,1,0,3.0,3.0,1
8248,1,0,3,2,1,1.5,1.5,1
8249,0,0,6,1,0,6.0,6.0,1
8250,0,0,3,1,0,3.0,3.0,1
8198,0,0,5,1,0,5.0,5.0,1
8236,0,0,2,1,0,2.0,2.0,1
8245,0,0,7,1,0,7.0,7.0,1
8251,2,0,2,3,2,0.666667,0.666667,1
8252,0,0,6,1,0,6.0,6.0,1
8253,3,0,3,4,3,0.75,0.75,1
8257,1,0,3,2,1,1.5,1.5,1
8260,2,0,2,3,2,0.666667,0.666667,1
8207,4,0,1,5,4,0.2,0.2,1
8246,0,0,3,1,0,3.0,3.0,1
8259,0,0,1,1,0,1.0,1.0,1
8261,2,0,4,3,2,1.333333,1.333333,1
8267,3,0,4,4,3,1.0,1.0,1
8268,0,0,5,1,0,5.0,5.0,1
8270,0,0,3,1,0,3.0,3.0,1
8242,0,0,2,1,0,2.0,2.0,1
8256,1,0,2,2,1,1.0,1.0,1
8258,0,0,17,1,0,17.0,17.0,0
8263,0,0,17,1,0,17.0,17.0,0
8271,2,0,3,3,2,1.0,1.0,1
8274,0,0,23,1,0,23.0,23.0,0
8275,4,0,2,5,4,0.4,0.4,1
8276,0,0,2,1,0,2.0,2.0,1
8277,0,0,4,1,0,4.0,4.0,1
8279,6,0,4,7,6,0.571429,0.571429,1
8186,0,0,1,1,0,1.0,1.0,1
8212,0,0,20,1,0,20.0,20.0,0
8222,0,0,3,1,0,3.0,3.0,1
8225,0,1,12,2,0,6.0,6.0,0
8255,2,0,3,3,2,1.0,1.0,1
8265,0,0,0,1,0,0.0,0.0,1
8266,2,0,2,3,2,0.666667,0.666667,1
8269,1,0,2,2,1,1.0,1.0,1
8283,2,0,2,3,2,0.666667,0.666667,1
8286,0,0,0,1,0,0.0,0.0,1
8287,0,0,3,1,0,3.0,3.0,1
8289,1,0,2,2,1,1.0,1.0,1
8290,0,0,1,1,0,1.0,1.0,1
8227,0,0,3,1,0,3.0,3.0,1
8264,0,0,16,1,0,16.0,16.0,0
8280,2,0,5,3,2,1.666667,1.666667,1
8282,0,0,0,1,0,0.0,0.0,1
8285,0,0,0,1,0,0.0,0.0,1
8292,1,0,4,2,1,2.0,2.0,1
8293,2,0,19,3,2,6.333333,6.333333,0
8294,1,0,2,2,1,1.0,1.0,1
8296,4,0,3,5,4,0.6,0.6,1
8297,2,0,0,3,2,0.0,0.0,1
8299,0,2,20,3,0,6.666667,6.666667,0
8195,2,0,2,3,2,0.666667,0.666667,1
8278,0,0,1,1,0,1.0,1.0,1
8284,0,0,0,1,0,0.0,0.0,1
8288,4,0,0,5,4,0.0,0.0,1
8295,4,0,2,5,4,0.4,0.4,1
8304,0,0,0,1,0,0.0,0.0,1
8305,0,0,1,1,0,1.0,1.0,1
8306,0,0,3,1,0,3.0,3.0,1
8307,0,0,14,1,0,14.0,14.0,0
8308,2,0,2,3,2,0.666667,0.666667,1
8273,0,0,3,1,0,3.0,3.0,1
8302,0,0,2,1,0,2.0,2.0,1
8303,0,0,17,1,0,17.0,17.0,0
8311,2,0,6,3,2,2.0,2.0,1
8313,0,0,14,1,0,14.0,14.0,0
8318,0,0,2,1,0,2.0,2.0,1
8191,0,0,20,1,0,20.0,20.0,0
8239,0,0,2,1,0,2.0,2.0,1
8262,0,2,19,3,0,6.333333,6.333333,0
8312,0,0,5,1,0,5.0,5.0,1
8314,1,0,2,2,1,1.0,1.0,1
8321,0,0,1,1,0,1.0,1.0,1
8322,0,0,1,1,0,1.0,1.0,1
8323,0,0,3,1,0,3.0,3.0,1
8327,2,0,1,3,2,0.333333,0.333333,1
8330,0,0,13,1,0,13.0,13.0,0
8203,0,0,1,1,0,1.0,1.0,1
8300,0,0,23,1,0,23.0,23.0,0
8301,0,0,5,1,0,5.0,5.0,1
8310,0,1,27,2,0,13.5,13.5,0
8325,0,0,5,1,0,5.0,5.0,1
8331,1,0,0,2,1,0.0,0.0,1
8332,0,0,17,1,0,17.0,17.0,0
8335,0,0,1,1,0,1.0,1.0,1
8338,0,0,4,1,0,4.0,4.0,1
8339,0,0,17,1,0,17.0,17.0,0
8179,0,0,4,1,0,4.0,4.0,1
8214,0,0,16,1,0,16.0,16.0,0
8316,0,0,20,1,0,20.0,20.0,0
8324,0,0,2,1,0,2.0,2.0,1
8329,0,0,1,1,0,1.0,1.0,1
8342,0,0,7,1,0,7.0,7.0,1
8343,0,0,19,1,0,19.0,19.0,0
8349,0,0,0,1,0,0.0,0.0,1
8350,0,0,7,1,0,7.0,7.0,1
8023,1,0,7,2,1,3.5,3.5,0
8241,0,0,9,1,0,9.0,9.0,0
8272,0,0,26,1,0,26.0,26.0,0
8291,0,0,1,1,0,1.0,1.0,1
8320,0,0,1,1,0,1.0,1.0,1
8345,0,0,0,1,0,0.0,0.0,1
8346,0,0,4,1,0,4.0,4.0,1
8347,0,0,2,1,0,2.0,2.0,1
8351,2,0,3,3,2,1.0,1.0,1
8354,0,0,14,1,0,14.0,14.0,0
8355,5,0,1,6,5,0.166667,0.166667,1
8357,1,0,3,2,1,1.5,1.5,1
8358,0,0,3,1,0,3.0,3.0,1
8360,0,0,2,1,0,2.0,2.0,1
8336,0,1,18,2,0,9.0,9.0,0
8340,3,0,3,4,3,0.75,0.75,1
8356,2,0,1,3,2,0.333333,0.333333,1
8362,0,0,9,1,0,9.0,9.0,0
8363,2,0,3,3,2,1.0,1.0,1
8364,6,0,3,7,6,0.428571,0.428571,1
8365,1,2,17,4,1,4.25,4.25,0
8368,0,0,0,1,0,0.0,0.0,1
8220,1,0,3,2,1,1.5,1.5,1
8298,0,0,1,1,0,1.0,1.0,1
8309,0,0,3,1,0,3.0,3.0,1
8315,0,0,2,1,0,2.0,2.0,1
8317,0,0,4,1,0,4.0,4.0,1
8334,0,0,2,1,0,2.0,2.0,1
8352,0,0,17,1,0,17.0,17.0,0
8373,0,0,2,1,0,2.0,2.0,1
8374,0,0,1,1,0,1.0,1.0,1
8375,0,0,1,1,0,1.0,1.0,1
8377,0,0,2,1,0,2.0,2.0,1
8380,0,0,15,1,0,15.0,15.0,0
8333,0,0,1,1,0,1.0,1.0,1
8353,0,0,2,1,0,2.0,2.0,1
8372,0,0,16,1,0,16.0,16.0,0
8376,0,0,3,1,0,3.0,3.0,1
8381,3,0,1,4,3,0.25,0.25,1
8382,2,0,1,3,2,0.333333,0.333333,1
8383,1,0,1,2,1,0.5,0.5,1
8384,0,0,2,1,0,2.0,2.0,1
8390,2,0,0,3,2,0.0,0.0,1
8254,0,0,4,1,0,4.0,4.0,1
8344,0,0,21,1,0,21.0,21.0,0
8348,0,0,2,1,0,2.0,2.0,1
8367,7,0,0,8,7,0.0,0.0,1
8385,0,0,1,1,0,1.0,1.0,1
8392,1,0,4,2,1,2.0,2.0,1
8394,0,0,1,1,0,1.0,1.0,1
8396,0,0,17,1,0,17.0,17.0,0
8398,0,0,3,1,0,3.0,3.0,1
8326,0,0,1,1,0,1.0,1.0,1
8328,0,0,19,1,0,19.0,19.0,0
8341,0,0,0,1,0,0.0,0.0,1
8361,0,0,2,1,0,2.0,2.0,1
8369,0,2,11,3,0,3.666667,3.666667,0
8378,0,0,3,1,0,3.0,3.0,1
8389,5,0,2,6,5,0.333333,0.333333,1
8393,0,0,2,1,0,2.0,2.0,1
8399,1,0,0,2,1,0.0,0.0,1
8400,0,0,14,1,0,14.0,14.0,0
8401,0,0,3,1,0,3.0,3.0,1
8403,0,0,2,1,0,2.0,2.0,1
8404,0,0,2,1,0,2.0,2.0,1
8405,0,0,3,1,0,3.0,3.0,1
8408,0,0,21,1,0,21.0,21.0,0
8409,1,0,3,2,1,1.5,1.5,1
8410,0,0,1,1,0,1.0,1.0,1
8359,0,0,0,1,0,0.0,0.0,1
8379,3,0,3,4,3,0.75,0.75,1
8386,1,0,2,2,1,1.0,1.0,1
8388,0,0,2,1,0,2.0,2.0,1
8391,0,0,10,1,0,10.0,10.0,0
8411,0,0,10,1,0,10.0,10.0,0
8413,2,0,3,3,2,1.0,1.0,1
8414,0,0,1,1,0,1.0,1.0,1
8417,0,0,2,1,0,2.0,2.0,1
8418,0,0,14,1,0,14.0,14.0,0
8366,4,0,3,5,4,0.6,0.6,1
8371,0,0,1,1,0,1.0,1.0,1
8387,0,0,1,1,0,1.0,1.0,1
8395,2,0,4,3,2,1.333333,1.333333,1
8412,0,0,3,1,0,3.0,3.0,1
8420,0,0,17,1,0,17.0,17.0,0
8421,1,0,1,2,1,0.5,0.5,1
8422,1,2,26,4,1,6.5,6.5,0
8423,0,0,1,1,0,1.0,1.0,1
8424,5,0,3,6,5,0.5,0.5,1
8426,2,0,0,3,2,0.0,0.0,1
8427,2,0,0,3,2,0.0,0.0,1
8428,0,0,4,1,0,4.0,4.0,1
8115,0,0,1,1,0,1.0,1.0,1
8281,0,0,3,1,0,3.0,3.0,1
8402,2,0,2,3,2,0.666667,0.666667,1
8406,0,0,14,1,0,14.0,14.0,0
8407,0,0,19,1,0,19.0,19.0,0
8419,0,0,1,1,0,1.0,1.0,1
8430,2,0,1,3,2,0.333333,0.333333,1
8431,0,0,1,1,0,1.0,1.0,1
8432,3,0,0,4,3,0.0,0.0,1
8434,0,0,12,1,0,12.0,12.0,0
8435,1,0,1,2,1,0.5,0.5,1
8436,4,0,0,5,4,0.0,0.0,1
8437,0,0,18,1,0,18.0,18.0,0
8440,0,0,3,1,0,3.0,3.0,1
8319,0,0,20,1,0,20.0,20.0,0
8433,0,0,2,1,0,2.0,2.0,1
8439,0,0,16,1,0,16.0,16.0,0
8442,0,0,12,1,0,12.0,12.0,0
8447,1,0,2,2,1,1.0,1.0,1
8449,0,0,12,1,0,12.0,12.0,0
8337,0,0,0,1,0,0.0,0.0,1
8429,4,0,5,5,4,1.0,1.0,1
8448,1,0,17,2,1,8.5,8.5,0
8451,0,0,2,1,0,2.0,2.0,1
8453,4,0,3,5,4,0.6,0.6,1
8456,0,0,3,1,0,3.0,3.0,1
8458,0,0,2,1,0,2.0,2.0,1
8459,2,0,3,3,2,1.0,1.0,1
8460,0,0,2,1,0,2.0,2.0,1
8397,2,0,1,3,2,0.333333,0.333333,1
8416,7,0,3,8,7,0.375,0.375,1
8441,0,0,13,1,0,13.0,13.0,0
8446,0,0,0,1,0,0.0,0.0,1
8464,0,0,1,1,0,1.0,1.0,1
8467,0,0,0,1,0,0.0,0.0,1
8469,0,0,21,1,0,21.0,21.0,0
8470,1,2,14,4,1,3.5,3.5,0
8415,0,0,1,1,0,1.0,1.0,1
8455,0,0,4,1,0,4.0,4.0,1
8461,0,0,4,1,0,4.0,4.0,1
8462,0,0,1,1,0,1.0,1.0,1
8463,0,0,1,1,0,1.0,1.0,1
8468,0,0,2,1,0,2.0,2.0,1
8471,0,0,21,1,0,21.0,21.0,0
8472,0,0,15,1,0,15.0,15.0,0
8474,0,0,22,1,0,22.0,22.0,0
8475,0,0,1,1,0,1.0,1.0,1
8476,0,0,5,1,0,5.0,5.0,1
8478,1,0,1,2,1,0.5,0.5,1
8480,0,0,1,1,0,1.0,1.0,1
8370,0,0,4,1,0,4.0,4.0,1
8443,1,0,14,2,1,7.0,7.0,0
8457,1,0,3,2,1,1.5,1.5,1
8484,0,0,2,1,0,2.0,2.0,1
8485,0,0,4,1,0,4.0,4.0,1
8486,2,0,2,3,2,0.666667,0.666667,1
8488,0,0,1,1,0,1.0,1.0,1
8489,0,0,3,1,0,3.0,3.0,1
8444,2,0,1,3,2,0.333333,0.333333,1
8479,0,0,2,1,0,2.0,2.0,1
8483,0,0,1,1,0,1.0,1.0,1
8487,0,0,2,1,0,2.0,2.0,1
8491,0,0,0,1,0,0.0,0.0,1
8492,0,0,3,1,0,3.0,3.0,1
8493,0,0,1,1,0,1.0,1.0,1
8495,0,0,3,1,0,3.0,3.0,1
8499,2,0,1,3,2,0.333333,0.333333,1
8438,0,1,15,2,0,7.5,7.5,0
8445,0,0,4,1,0,4.0,4.0,1
8454,0,0,2,1,0,2.0,2.0,1
8477,0,0,1,1,0,1.0,1.0,1
8494,0,0,11,1,0,11.0,11.0,0
8496,0,0,5,1,0,5.0,5.0,1
8500,0,0,5,1,0,5.0,5.0,1
8501,0,0,8,1,0,8.0,8.0,0
8502,0,0,2,1,0,2.0,2.0,1
8504,0,0,1,1,0,1.0,1.0,1
8505,1,0,2,2,1,1.0,1.0,1
8506,0,0,0,1,0,0.0,0.0,1
8507,0,0,4,1,0,4.0,4.0,1
8508,0,0,1,1,0,1.0,1.0,1
8509,0,0,1,1,0,1.0,1.0,1
8452,3,0,3,4,3,0.75,0.75,1
8465,1,0,1,2,1,0.5,0.5,1
8481,3,0,4,4,3,1.0,1.0,1
8503,0,0,5,1,0,5.0,5.0,1
8512,0,0,16,1,0,16.0,16.0,0
8513,3,0,1,4,3,0.25,0.25,1
8516,0,0,1,1,0,1.0,1.0,1
8517,0,0,1,1,0,1.0,1.0,1
8518,0,0,2,1,0,2.0,2.0,1
8519,0,0,1,1,0,1.0,1.0,1
8520,0,0,13,1,0,13.0,13.0,0
8466,0,0,0,1,0,0.0,0.0,1
8521,0,0,3,1,0,3.0,3.0,1
8530,0,0,1,1,0,1.0,1.0,1
8497,0,0,2,1,0,2.0,2.0,1
8514,1,0,2,2,1,1.0,1.0,1
8524,0,0,3,1,0,3.0,3.0,1
8534,0,0,1,1,0,1.0,1.0,1
8535,0,0,2,1,0,2.0,2.0,1
8537,1,0,4,2,1,2.0,2.0,1
8539,0,0,15,1,0,15.0,15.0,0
8540,0,0,2,1,0,2.0,2.0,1
8473,0,0,0,1,0,0.0,0.0,1
8482,0,0,3,1,0,3.0,3.0,1
8511,1,0,1,2,1,0.5,0.5,1
8522,2,0,1,3,2,0.333333,0.333333,1
8526,0,0,0,1,0,0.0,0.0,1
8538,0,0,19,1,0,19.0,19.0,0
8541,0,0,1,1,0,1.0,1.0,1
8546,2,0,1,3,2,0.333333,0.333333,1
8547,3,0,3,4,3,0.75,0.75,1
8548,0,0,0,1,0,0.0,0.0,1
8549,0,0,1,1,0,1.0,1.0,1
8550,3,0,2,4,3,0.5,0.5,1
8425,0,0,13,1,0,13.0,13.0,0
8510,0,0,0,1,0,0.0,0.0,1
8527,0,0,2,1,0,2.0,2.0,1
8529,0,0,21,1,0,21.0,21.0,0
8542,0,0,1,1,0,1.0,1.0,1
8552,0,0,5,1,0,5.0,5.0,1
8553,0,0,14,1,0,14.0,14.0,0
8554,0,0,2,1,0,2.0,2.0,1
8555,0,0,3,1,0,3.0,3.0,1
8515,0,0,2,1,0,2.0,2.0,1
8523,0,0,0,1,0,0.0,0.0,1
8525,0,0,2,1,0,2.0,2.0,1
8557,0,0,1,1,0,1.0,1.0,1
8560,0,0,3,1,0,3.0,3.0,1
8562,0,0,2,1,0,2.0,2.0,1
8564,0,4,15,5,0,3.0,3.0,0
8570,0,0,2,1,0,2.0,2.0,1
8450,0,0,1,1,0,1.0,1.0,1
8528,1,0,4,2,1,2.0,2.0,1
8531,0,1,9,2,0,4.5,4.5,0
8543,0,0,2,1,0,2.0,2.0,1
8551,0,0,4,1,0,4.0,4.0,1
8567,1,0,1,2,1,0.5,0.5,1
8571,0,0,3,1,0,3.0,3.0,1
8573,0,0,1,1,0,1.0,1.0,1
8574,0,0,3,1,0,3.0,3.0,1
8575,0,0,12,1,0,12.0,12.0,0
8577,0,0,6,1,0,6.0,6.0,1
8578,0,0,2,1,0,2.0,2.0,1
8579,0,0,4,1,0,4.0,4.0,1
8580,0,0,1,1,0,1.0,1.0,1
8498,0,0,3,1,0,3.0,3.0,1
8532,0,0,1,1,0,1.0,1.0,1
8566,2,0,4,3,2,1.333333,1.333333,1
8569,0,0,2,1,0,2.0,2.0,1
8576,0,0,2,1,0,2.0,2.0,1
8581,0,0,13,1,0,13.0,13.0,0
8585,0,0,2,1,0,2.0,2.0,1
8586,0,0,3,1,0,3.0,3.0,1
8587,0,2,15,3,0,5.0,5.0,0
8589,1,0,3,2,1,1.5,1.5,1
8572,0,0,5,1,0,5.0,5.0,1
8591,0,0,1,1,0,1.0,1.0,1
8592,0,0,0,1,0,0.0,0.0,1
8593,0,0,4,1,0,4.0,4.0,1
8594,1,0,2,2,1,1.0,1.0,1
8595,0,0,4,1,0,4.0,4.0,1
8600,0,0,17,1,0,17.0,17.0,0
8545,0,0,2,1,0,2.0,2.0,1
8565,0,0,2,1,0,2.0,2.0,1
8588,0,0,1,1,0,1.0,1.0,1
8597,0,0,7,1,0,7.0,7.0,1
8601,0,0,1,1,0,1.0,1.0,1
8604,0,0,1,1,0,1.0,1.0,1
8610,0,0,2,1,0,2.0,2.0,1
8561,0,0,4,1,0,4.0,4.0,1
8609,0,0,2,1,0,2.0,2.0,1
8616,0,0,1,1,0,1.0,1.0,1
8618,0,0,2,1,0,2.0,2.0,1
8490,0,0,2,1,0,2.0,2.0,1
8558,0,0,3,1,0,3.0,3.0,1
8559,1,0,2,2,1,1.0,1.0,1
8563,0,0,1,1,0,1.0,1.0,1
8568,2,0,2,3,2,0.666667,0.666667,1
8582,0,0,10,1,0,10.0,10.0,0
8596,0,0,7,1,0,7.0,7.0,0
8598,0,0,2,1,0,2.0,2.0,1
8599,0,0,0,1,0,0.0,0.0,1
8608,0,0,8,1,0,8.0,8.0,0
8612,0,0,0,1,0,0.0,0.0,1
8614,0,0,1,1,0,1.0,1.0,1
8621,7,0,2,8,7,0.25,0.25,1
8623,0,0,0,1,0,0.0,0.0,1
8624,0,0,2,1,0,2.0,2.0,1
8625,0,0,1,1,0,1.0,1.0,1
8626,2,0,2,3,2,0.666667,0.666667,1
8627,0,0,0,1,0,0.0,0.0,1
8629,0,0,1,1,0,1.0,1.0,1
8533,0,0,1,1,0,1.0,1.0,1
8536,0,0,2,1,0,2.0,2.0,1
8590,0,0,1,1,0,1.0,1.0,1
8615,0,0,1,1,0,1.0,1.0,1
8632,4,0,0,5,4,0.0,0.0,1
8633,0,0,3,1,0,3.0,3.0,1
8634,0,0,1,1,0,1.0,1.0,1
8638,2,0,3,3,2,1.0,1.0,1
8639,0,0,1,1,0,1.0,1.0,1
8640,0,0,0,1,0,0.0,0.0,1
8544,0,0,3,1,0,3.0,3.0,1
8607,0,0,3,1,0,3.0,3.0,1
8617,0,0,3,1,0,3.0,3.0,1
8619,0,0,15,1,0,15.0,15.0,0
8636,0,0,3,1,0,3.0,3.0,1
8641,0,0,15,1,0,15.0,15.0,0
8642,0,0,0,1,0,0.0,0.0,1
8643,0,0,2,1,0,2.0,2.0,1
8645,0,0,2,1,0,2.0,2.0,1
8646,2,0,2,3,2,0.666667,0.666667,1
8648,0,0,1,1,0,1.0,1.0,1
8649,0,0,3,1,0,3.0,3.0,1
8583,0,0,11,1,0,11.0,11.0,0
8611,0,0,3,1,0,3.0,3.0,1
8630,2,0,3,3,2,1.0,1.0,1
8644,1,0,5,2,1,2.5,2.5,1
8650,1,0,3,2,1,1.5,1.5,1
8652,1,0,5,2,1,2.5,2.5,1
8653,0,0,3,1,0,3.0,3.0,1
8658,0,1,3,2,0,1.5,1.5,0
8659,1,0,2,2,1,1.0,1.0,1
8660,1,0,0,2,1,0.0,0.0,1
8605,0,0,0,1,0,0.0,0.0,1
8606,0,0,10,1,0,10.0,10.0,0
8654,0,0,1,1,0,1.0,1.0,1
8662,1,0,0,2,1,0.0,0.0,1
8663,0,0,4,1,0,4.0,4.0,1
8665,0,0,2,1,0,2.0,2.0,1
8666,0,0,2,1,0,2.0,2.0,1
8667,1,0,2,2,1,1.0,1.0,1
8668,0,0,12,1,0,12.0,12.0,0
8584,0,0,1,1,0,1.0,1.0,1
8602,0,0,5,1,0,5.0,5.0,1
8651,0,0,2,1,0,2.0,2.0,1
8655,0,0,0,1,0,0.0,0.0,1
8657,0,0,2,1,0,2.0,2.0,1
8672,0,2,14,3,0,4.666667,4.666667,0
8676,0,0,4,1,0,4.0,4.0,1
8677,0,0,0,1,0,0.0,0.0,1
8679,0,0,10,1,0,10.0,10.0,0
8680,0,1,8,2,0,4.0,4.0,0
8603,0,0,0,1,0,0.0,0.0,1
8622,0,0,22,1,0,22.0,22.0,0
8674,0,0,9,1,0,9.0,9.0,0
8681,2,0,0,3,2,0.0,0.0,1
8684,0,0,1,1,0,1.0,1.0,1
8685,0,0,1,1,0,1.0,1.0,1
8687,0,0,1,1,0,1.0,1.0,1
8688,0,0,14,1,0,14.0,14.0,0
8689,0,0,1,1,0,1.0,1.0,1
8690,1,2,18,4,1,4.5,4.5,0
8656,0,0,1,1,0,1.0,1.0,1
8669,0,0,3,1,0,3.0,3.0,1
8670,0,0,0,1,0,0.0,0.0,1
8675,0,0,2,1,0,2.0,2.0,1
8678,0,0,3,1,0,3.0,3.0,1
8682,0,0,7,1,0,7.0,7.0,0
8686,0,1,12,2,0,6.0,6.0,0
8691,5,0,3,6,5,0.5,0.5,1
8696,0,0,0,1,0,0.0,0.0,1
8698,0,0,7,1,0,7.0,7.0,1
8700,0,0,0,1,0,0.0,0.0,1
8556,0,0,2,1,0,2.0,2.0,1
8635,0,0,23,1,0,23.0,23.0,0
8683,1,0,3,2,1,1.5,1.5,1
8695,0,1,11,2,0,5.5,5.5,0
8701,0,0,3,1,0,3.0,3.0,1
8702,0,0,2,1,0,2.0,2.0,1
8705,0,0,2,1,0,2.0,2.0,1
8707,0,0,2,1,0,2.0,2.0,1
8708,2,0,0,3,2,0.0,0.0,1
8671,0,0,3,1,0,3.0,3.0,1
8694,3,0,2,4,3,0.5,0.5,1
8699,0,0,2,1,0,2.0,2.0,1
8704,0,0,3,1,0,3.0,3.0,1
8706,0,0,3,1,0,3.0,3.0,1
8709,0,0,13,1,0,13.0,13.0,0
8713,0,0,3,1,0,3.0,3.0,1
8719,0,0,3,1,0,3.0,3.0,1
8720,3,0,1,4,3,0.25,0.25,1
8613,0,0,2,1,0,2.0,2.0,1
8661,3,0,1,4,3,0.25,0.25,1
8673,0,0,7,1,0,7.0,7.0,0
8692,0,0,1,1,0,1.0,1.0,1
8703,0,0,3,1,0,3.0,3.0,1
8710,0,0,6,1,0,6.0,6.0,0
8711,1,0,0,2,1,0.0,0.0,1
8714,0,0,1,1,0,1.0,1.0,1
8716,0,0,2,1,0,2.0,2.0,1
8721,0,0,2,1,0,2.0,2.0,1
8722,0,0,2,1,0,2.0,2.0,1
8724,0,0,3,1,0,3.0,3.0,1
8725,0,0,2,1,0,2.0,2.0,1
8729,0,0,12,1,0,12.0,12.0,0
8730,0,0,10,1,0,10.0,10.0,0
8637,2,0,0,3,2,0.0,0.0,1
8693,2,0,2,3,2,0.666667,0.666667,1
8726,0,0,2,1,0,2.0,2.0,1
8731,0,0,1,1,0,1.0,1.0,1
8732,2,0,2,3,2,0.666667,0.666667,1
8734,1,0,4,2,1,2.0,2.0,1
8739,0,0,14,1,0,14.0,14.0,0
8740,1,0,0,2,1,0.0,0.0,1
8664,0,0,1,1,0,1.0,1.0,1
8712,0,0,1,1,0,1.0,1.0,1
8715,0,0,2,1,0,2.0,2.0,1
8717,0,0,0,1,0,0.0,0.0,1
8718,4,0,3,5,4,0.6,0.6,1
8723,2,0,0,3,2,0.0,0.0,1
8735,0,0,1,1,0,1.0,1.0,1
8743,0,0,0,1,0,0.0,0.0,1
8746,1,0,12,2,1,6.0,6.0,0
8747,0,0,11,1,0,11.0,11.0,0
8749,4,0,0,5,4,0.0,0.0,1
8750,0,0,6,1,0,6.0,6.0,0
8620,0,0,0,1,0,0.0,0.0,1
8628,0,0,3,1,0,3.0,3.0,1
8728,0,0,16,1,0,16.0,16.0,0
8737,0,1,13,2,0,6.5,6.5,0
8741,0,0,0,1,0,0.0,0.0,1
8742,2,0,3,3,2,1.0,1.0,1
8745,1,0,0,2,1,0.0,0.0,1
8751,0,0,0,1,0,0.0,0.0,1
8753,0,0,0,1,0,0.0,0.0,1
8755,0,0,4,1,0,4.0,4.0,1
8756,0,0,2,1,0,2.0,2.0,1
8758,0,0,9,1,0,9.0,9.0,0
8759,0,0,0,1,0,0.0,0.0,1
8760,0,0,5,1,0,5.0,5.0,0
8736,0,0,12,1,0,12.0,12.0,0
8762,2,0,1,3,2,0.333333,0.333333,1
8763,0,0,4,1,0,4.0,4.0,1
8764,0,0,4,1,0,4.0,4.0,1
8766,1,0,2,2,1,1.0,1.0,1
8767,0,0,1,1,0,1.0,1.0,1
8770,1,0,3,2,1,1.5,1.5,1
8697,1,1,13,3,1,4.333333,4.333333,0
8733,0,0,2,1,0,2.0,2.0,1
8744,0,0,0,1,0,0.0,0.0,1
8757,0,0,1,1,0,1.0,1.0,1
8765,0,0,0,1,0,0.0,0.0,1
8769,3,0,2,4,3,0.5,0.5,1
8771,2,0,3,3,2,1.0,1.0,1
8774,0,0,1,1,0,1.0,1.0,1
8780,0,0,1,1,0,1.0,1.0,1
8647,0,0,2,1,0,2.0,2.0,1
8738,0,0,3,1,0,3.0,3.0,1
8773,0,0,1,1,0,1.0,1.0,1
8775,0,0,0,1,0,0.0,0.0,1
8779,4,0,3,5,4,0.6,0.6,1
8782,0,0,4,1,0,4.0,4.0,1
8783,0,0,0,1,0,0.0,0.0,1
8785,0,0,15,1,0,15.0,15.0,0
8786,0,1,8,2,0,4.0,4.0,0
8787,1,0,2,2,1,1.0,1.0,1
8789,0,0,5,1,0,5.0,5.0,1
8748,4,0,2,5,4,0.4,0.4,1
8772,1,4,11,6,1,1.833333,1.833333,0
8792,0,0,1,1,0,1.0,1.0,1
8793,6,0,3,7,6,0.428571,0.428571,1
8794,0,0,0,1,0,0.0,0.0,1
8796,3,0,1,4,3,0.25,0.25,1
8799,2,0,1,3,2,0.333333,0.333333,1
8800,0,0,0,1,0,0.0,0.0,1
8727,0,0,1,1,0,1.0,1.0,1
8761,0,0,2,1,0,2.0,2.0,1
8768,0,0,5,1,0,5.0,5.0,1
8777,0,0,10,1,0,10.0,10.0,0
8795,0,0,1,1,0,1.0,1.0,1
8802,0,0,1,1,0,1.0,1.0,1
8803,0,0,5,1,0,5.0,5.0,1
8804,3,0,1,4,3,0.25,0.25,1
8805,0,0,1,1,0,1.0,1.0,1
8806,0,1,12,2,0,6.0,6.0,0
8807,0,2,9,3,0,3.0,3.0,0
8809,0,0,5,1,0,5.0,5.0,1
8810,1,0,0,2,1,0.0,0.0,1
8631,0,0,2,1,0,2.0,2.0,1
8791,0,0,19,1,0,19.0,19.0,0
8797,0,0,10,1,0,10.0,10.0,0
8801,4,0,0,5,4,0.0,0.0,1
8811,0,0,1,1,0,1.0,1.0,1
8814,2,0,1,3,2,0.333333,0.333333,1
8816,0,0,1,1,0,1.0,1.0,1
8817,0,0,4,1,0,4.0,4.0,1
8790,2,0,3,3,2,1.0,1.0,1
8808,5,0,2,6,5,0.333333,0.333333,1
8821,5,0,2,6,5,0.333333,0.333333,1
8823,0,0,10,1,0,10.0,10.0,0
8826,1,0,1,2,1,0.5,0.5,1
8829,0,0,1,1,0,1.0,1.0,1
8776,0,0,16,1,0,16.0,16.0,0
8778,0,0,19,1,0,19.0,19.0,0
8813,1,0,1,2,1,0.5,0.5,1
8820,0,0,2,1,0,2.0,2.0,1
8825,0,0,2,1,0,2.0,2.0,1
8832,1,0,0,2,1,0.0,0.0,1
8833,2,0,0,3,2,0.0,0.0,1
8835,2,0,1,3,2,0.333333,0.333333,1
8838,3,0,2,4,3,0.5,0.5,1
8840,3,0,1,4,3,0.25,0.25,1
8752,0,0,2,1,0,2.0,2.0,1
8781,2,0,3,3,2,1.0,1.0,1
8818,1,0,3,2,1,1.5,1.5,1
8819,3,0,1,4,3,0.25,0.25,1
8822,0,0,5,1,0,5.0,5.0,1
8830,1,0,0,2,1,0.0,0.0,1
8831,0,0,0,1,0,0.0,0.0,1
8841,0,0,2,1,0,2.0,2.0,1
8842,0,0,3,1,0,3.0,3.0,1
8843,4,0,1,5,4,0.2,0.2,1
8846,0,0,2,1,0,2.0,2.0,1
8847,0,0,1,1,0,1.0,1.0,1
8849,3,0,2,4,3,0.5,0.5,1
8784,0,0,1,1,0,1.0,1.0,1
8824,1,0,3,2,1,1.5,1.5,1
8827,0,0,1,1,0,1.0,1.0,1
8836,0,0,1,1,0,1.0,1.0,1
8844,0,0,2,1,0,2.0,2.0,1
8850,0,1,12,2,0,6.0,6.0,0
8853,0,0,1,1,0,1.0,1.0,1
8855,0,0,11,1,0,11.0,11.0,0
8858,3,0,3,4,3,0.75,0.75,1
8860,0,0,0,1,0,0.0,0.0,1
8837,0,0,13,1,0,13.0,13.0,0
8852,1,0,0,2,1,0.0,0.0,1
8862,0,0,3,1,0,3.0,3.0,1
8864,0,0,1,1,0,1.0,1.0,1
8865,0,0,1,1,0,1.0,1.0,1
8868,0,0,2,1,0,2.0,2.0,1
8869,0,0,5,1,0,5.0,5.0,1
8754,0,0,1,1,0,1.0,1.0,1
8828,0,0,1,1,0,1.0,1.0,1
8834,1,0,1,2,1,0.5,0.5,1
8839,0,0,2,1,0,2.0,2.0,1
8845,0,0,2,1,0,2.0,2.0,1
8854,0,0,2,1,0,2.0,2.0,1
8857,0,0,11,1,0,11.0,11.0,0
8861,4,0,0,5,4,0.0,0.0,1
8866,0,0,12,1,0,12.0,12.0,0
8872,0,0,2,1,0,2.0,2.0,1
8873,0,1,9,2,0,4.5,4.5,0
8875,2,0,3,3,2,1.0,1.0,1
8880,0,0,1,1,0,1.0,1.0,1
8798,0,0,1,1,0,1.0,1.0,1
8815,2,0,2,3,2,0.666667,0.666667,1
8870,1,0,3,2,1,1.5,1.5,1
8876,0,0,0,1,0,0.0,0.0,1
8877,0,0,1,1,0,1.0,1.0,1
8885,0,0,1,1,0,1.0,1.0,1
8886,0,0,0,1,0,0.0,0.0,1
8888,2,0,4,3,2,1.333333,1.333333,1
8889,0,0,1,1,0,1.0,1.0,1
8890,1,0,1,2,1,0.5,0.5,1
8867,0,0,10,1,0,10.0,10.0,0
8871,0,0,1,1,0,1.0,1.0,1
8887,0,0,5,1,0,5.0,5.0,0
8891,2,0,1,3,2,0.333333,0.333333,1
8895,1,0,1,2,1,0.5,0.5,1
8897,0,0,1,1,0,1.0,1.0,1
8899,1,0,1,2,1,0.5,0.5,1
8879,0,0,3,1,0,3.0,3.0,1
8882,2,0,1,3,2,0.333333,0.333333,1
8883,0,0,1,1,0,1.0,1.0,1
8884,0,0,4,1,0,4.0,4.0,1
8893,0,0,0,1,0,0.0,0.0,1
8894,0,0,2,1,0,2.0,2.0,1
8898,0,0,1,1,0,1.0,1.0,1
8903,1,0,1,2,1,0.5,0.5,1
8907,0,0,1,1,0,1.0,1.0,1
8908,0,0,11,1,0,11.0,11.0,0
8812,0,0,14,1,0,14.0,14.0,0
8856,0,0,10,1,0,10.0,10.0,0
8909,0,0,3,1,0,3.0,3.0,1
8915,1,0,1,2,1,0.5,0.5,1
8916,0,0,10,1,0,10.0,10.0,0
8917,0,0,1,1,0,1.0,1.0,1
8919,0,0,1,1,0,1.0,1.0,1
8920,0,0,4,1,0,4.0,4.0,1
8851,0,0,1,1,0,1.0,1.0,1
8900,0,0,10,1,0,10.0,10.0,0
8912,5,0,3,6,5,0.5,0.5,1
8923,0,0,0,1,0,0.0,0.0,1
8924,0,0,0,1,0,0.0,0.0,1
8925,1,0,11,2,1,5.5,5.5,0
8926,0,0,2,1,0,2.0,2.0,1
8927,0,0,2,1,0,2.0,2.0,1
8928,0,0,3,1,0,3.0,3.0,1
8929,0,1,9,2,0,4.5,4.5,0
8901,0,0,1,1,0,1.0,1.0,1
8902,0,2,9,3,0,3.0,3.0,0
8932,0,0,1,1,0,1.0,1.0,1
8934,0,0,0,1,0,0.0,0.0,1
8937,0,0,12,1,0,12.0,12.0,0
8881,0,0,2,1,0,2.0,2.0,1
8896,1,0,1,2,1,0.5,0.5,1
8904,4,0,0,5,4,0.0,0.0,1
8911,0,0,0,1,0,0.0,0.0,1
8918,3,0,1,4,3,0.25,0.25,1
8943,0,0,10,1,0,10.0,10.0,0
8944,0,0,5,1,0,5.0,5.0,1
8945,1,0,2,2,1,1.0,1.0,1
8947,0,0,1,1,0,1.0,1.0,1
8878,2,0,1,3,2,0.333333,0.333333,1
8906,0,0,0,1,0,0.0,0.0,1
8910,0,0,2,1,0,2.0,2.0,1
8930,0,0,2,1,0,2.0,2.0,1
8942,0,0,4,1,0,4.0,4.0,1
8946,3,0,2,4,3,0.5,0.5,1
8951,0,0,0,1,0,0.0,0.0,1
8952,0,0,1,1,0,1.0,1.0,1
8956,0,0,2,1,0,2.0,2.0,1
8958,0,0,1,1,0,1.0,1.0,1
8960,0,0,2,1,0,2.0,2.0,1
8848,0,0,2,1,0,2.0,2.0,1
8863,0,0,1,1,0,1.0,1.0,1
8933,1,0,2,2,1,1.0,1.0,1
8950,0,0,1,1,0,1.0,1.0,1
8957,0,0,2,1,0,2.0,2.0,1
8962,0,0,0,1,0,0.0,0.0,1
8964,0,0,0,1,0,0.0,0.0,1
8966,1,0,1,2,1,0.5,0.5,1
8874,0,0,3,1,0,3.0,3.0,1
8905,0,0,0,1,0,0.0,0.0,1
8913,0,0,1,1,0,1.0,1.0,1
8931,0,0,1,1,0,1.0,1.0,1
8935,0,0,0,1,0,0.0,0.0,1
8938,0,0,2,1,0,2.0,2.0,1
8963,2,0,4,3,2,1.333333,1.333333,1
8970,3,0,2,4,3,0.5,0.5,1
8971,0,0,1,1,0,1.0,1.0,1
8972,0,0,11,1,0,11.0,11.0,0
8978,0,0,1,1,0,1.0,1.0,1
8788,0,0,2,1,0,2.0,2.0,1
8936,0,0,3,1,0,3.0,3.0,1
8953,0,0,10,1,0,10.0,10.0,0
8974,0,0,3,1,0,3.0,3.0,1
8977,4,0,2,5,4,0.4,0.4,1
8980,1,0,0,2,1,0.0,0.0,1
8981,0,0,0,1,0,0.0,0.0,1
8982,0,0,11,1,0,11.0,11.0,0
8983,0,0,0,1,0,0.0,0.0,1
8984,0,0,1,1,0,1.0,1.0,1
8986,0,0,10,1,0,10.0,10.0,0
8987,0,0,1,1,0,1.0,1.0,1
8988,0,0,0,1,0,0.0,0.0,1
8990,0,0,1,1,0,1.0,1.0,1
8859,1,0,2,2,1,1.0,1.0,1
8940,0,0,9,1,0,9.0,9.0,0
8948,0,0,4,1,0,4.0,4.0,1
8949,0,0,3,1,0,3.0,3.0,1
8969,1,2,7,4,1,1.75,1.75,0
8991,0,0,0,1,0,0.0,0.0,1
8994,0,0,3,1,0,3.0,3.0,1
8996,0,0,1,1,0,1.0,1.0,1
8999,0,0,0,1,0,0.0,0.0,1
8914,0,0,1,1,0,1.0,1.0,1
8939,0,0,2,1,0,2.0,2.0,1
8941,0,0,3,1,0,3.0,3.0,1
8954,0,0,1,1,0,1.0,1.0,1
8961,0,0,12,1,0,12.0,12.0,0
8979,0,0,13,1,0,13.0,13.0,0
8993,0,0,0,1,0,0.0,0.0,1
9003,0,0,20,1,0,20.0,20.0,0
9005,4,0,4,5,4,0.8,0.8,1
9006,0,0,14,1,0,14.0,14.0,0
9007,0,0,11,1,0,11.0,11.0,0
9010,1,0,2,2,1,1.0,1.0,1
8955,0,0,0,1,0,0.0,0.0,1
8959,0,0,0,1,0,0.0,0.0,1
8968,0,0,0,1,0,0.0,0.0,1
8976,0,0,4,1,0,4.0,4.0,1
8985,0,0,2,1,0,2.0,2.0,1
8992,0,0,9,1,0,9.0,9.0,0
9004,0,0,1,1,0,1.0,1.0,1
9009,0,0,0,1,0,0.0,0.0,1
9011,0,0,4,1,0,4.0,4.0,1
9012,1,0,1,2,1,0.5,0.5,1
9014,0,0,8,1,0,8.0,8.0,0
9015,0,0,1,1,0,1.0,1.0,1
9016,0,0,17,1,0,17.0,17.0,0
9017,0,0,2,1,0,2.0,2.0,1
9018,0,0,0,1,0,0.0,0.0,1
9019,0,0,1,1,0,1.0,1.0,1
9020,0,0,11,1,0,11.0,11.0,0
8921,0,0,4,1,0,4.0,4.0,1
8967,2,0,1,3,2,0.333333,0.333333,1
8995,2,0,0,3,2,0.0,0.0,1
8998,0,0,0,1,0,0.0,0.0,1
9021,0,0,1,1,0,1.0,1.0,1
9022,0,0,1,1,0,1.0,1.0,1
9023,0,0,0,1,0,0.0,0.0,1
9024,0,2,8,3,0,2.666667,2.666667,0
9027,0,0,2,1,0,2.0,2.0,1
9028,0,0,10,1,0,10.0,10.0,0
9029,0,0,2,1,0,2.0,2.0,1
8965,0,0,1,1,0,1.0,1.0,1
9008,0,0,2,1,0,2.0,2.0,1
9031,0,0,1,1,0,1.0,1.0,1
9035,0,0,8,1,0,8.0,8.0,0
9038,0,0,0,1,0,0.0,0.0,1
9030,0,0,9,1,0,9.0,9.0,0
9032,0,0,0,1,0,0.0,0.0,1
9039,0,0,1,1,0,1.0,1.0,1
9040,0,1,13,2,0,6.5,6.5,0
9041,1,0,3,2,1,1.5,1.5,1
9043,0,0,9,1,0,9.0,9.0,0
9044,0,0,5,1,0,5.0,5.0,0
9047,0,0,5,1,0,5.0,5.0,1
9050,0,0,3,1,0,3.0,3.0,1
8989,1,0,0,2,1,0.0,0.0,1
9000,0,0,1,1,0,1.0,1.0,1
9034,0,0,2,1,0,2.0,2.0,1
9042,0,0,1,1,0,1.0,1.0,1
9052,0,0,1,1,0,1.0,1.0,1
9057,0,0,2,1,0,2.0,2.0,1
9058,0,0,3,1,0,3.0,3.0,1
8997,0,0,1,1,0,1.0,1.0,1
9025,0,0,11,1,0,11.0,11.0,0
9033,1,0,3,2,1,1.5,1.5,1
9036,2,0,0,3,2,0.0,0.0,1
9037,0,0,1,1,0,1.0,1.0,1
9056,0,0,0,1,0,0.0,0.0,1
9059,0,0,1,1,0,1.0,1.0,1
9060,0,1,10,2,0,5.0,5.0,0
9061,0,0,10,1,0,10.0,10.0,0
9063,0,0,3,1,0,3.0,3.0,1
9068,0,0,0,1,0,0.0,0.0,1
9069,0,0,3,1,0,3.0,3.0,1
9070,0,0,1,1,0,1.0,1.0,1
9002,0,0,1,1,0,1.0,1.0,1
9026,0,0,1,1,0,1.0,1.0,1
9051,0,0,1,1,0,1.0,1.0,1
9053,0,0,3,1,0,3.0,3.0,1
9071,0,0,0,1,0,0.0,0.0,1
9072,0,0,2,1,0,2.0,2.0,1
9075,0,0,2,1,0,2.0,2.0,1
9077,0,0,2,1,0,2.0,2.0,1
9079,0,0,1,1,0,1.0,1.0,1
9080,1,0,2,2,1,1.0,1.0,1
8973,0,0,2,1,0,2.0,2.0,1
9046,0,0,1,1,0,1.0,1.0,1
9062,0,0,11,1,0,11.0,11.0,0
9065,0,0,11,1,0,11.0,11.0,0
9074,2,0,2,3,2,0.666667,0.666667,1
9076,0,0,2,1,0,2.0,2.0,1
9082,0,0,1,1,0,1.0,1.0,1
9083,0,0,1,1,0,1.0,1.0,1
9086,0,0,4,1,0,4.0,4.0,0
9088,0,0,1,1,0,1.0,1.0,1
9089,0,0,7,1,0,7.0,7.0,0
9090,0,0,0,1,0,0.0,0.0,1
9048,0,0,2,1,0,2.0,2.0,1
9087,0,0,0,1,0,0.0,0.0,1
9091,0,0,7,1,0,7.0,7.0,0
9092,0,0,0,1,0,0.0,0.0,1
9093,0,0,7,1,0,7.0,7.0,0
9094,0,0,1,1,0,1.0,1.0,1
9096,0,0,18,1,0,18.0,18.0,0
9099,0,0,0,1,0,0.0,0.0,1
9067,0,0,2,1,0,2.0,2.0,1
9078,0,0,12,1,0,12.0,12.0,0
9095,0,0,0,1,0,0.0,0.0,1
9100,0,0,2,1,0,2.0,2.0,1
9104,0,0,1,1,0,1.0,1.0,1
9109,0,0,3,1,0,3.0,3.0,1
8975,0,0,2,1,0,2.0,2.0,1
9001,0,0,1,1,0,1.0,1.0,1
9049,0,0,12,1,0,12.0,12.0,0
9055,1,0,1,2,1,0.5,0.5,1
9101,0,0,1,1,0,1.0,1.0,1
9102,0,0,1,1,0,1.0,1.0,1
9105,0,0,0,1,0,0.0,0.0,1
9106,0,0,5,1,0,5.0,5.0,0
9111,0,0,1,1,0,1.0,1.0,1
9113,0,0,0,1,0,0.0,0.0,1
9114,0,0,10,1,0,10.0,10.0,0
9116,0,0,0,1,0,0.0,0.0,1
9117,0,0,1,1,0,1.0,1.0,1
9119,0,0,2,1,0,2.0,2.0,1
9064,0,0,0,1,0,0.0,0.0,1
9084,0,0,3,1,0,3.0,3.0,1
9085,0,0,1,1,0,1.0,1.0,1
9098,0,0,0,1,0,0.0,0.0,1
9121,0,0,1,1,0,1.0,1.0,1
9122,0,0,4,1,0,4.0,4.0,1
9123,0,0,0,1,0,0.0,0.0,1
9124,0,0,2,1,0,2.0,2.0,1
9125,0,0,0,1,0,0.0,0.0,1
9127,0,0,1,1,0,1.0,1.0,1
9129,0,0,6,1,0,6.0,6.0,0
9130,0,0,0,1,0,0.0,0.0,1
9013,0,0,1,1,0,1.0,1.0,1
9081,0,0,1,1,0,1.0,1.0,1
9097,0,0,1,1,0,1.0,1.0,1
9107,2,0,1,3,2,0.333333,0.333333,1
9132,0,0,3,1,0,3.0,3.0,1
9136,0,0,1,1,0,1.0,1.0,1
9139,0,0,4,1,0,4.0,4.0,1
9045,0,0,11,1,0,11.0,11.0,0
9066,0,0,11,1,0,11.0,11.0,0
9103,0,0,0,1,0,0.0,0.0,1
9108,0,0,14,1,0,14.0,14.0,0
9110,0,0,0,1,0,0.0,0.0,1
9112,0,0,9,1,0,9.0,9.0,0
9118,0,0,16,1,0,16.0,16.0,0
9128,0,0,8,1,0,8.0,8.0,0
9135,0,0,0,1,0,0.0,0.0,1
9137,0,0,2,1,0,2.0,2.0,1
9141,0,0,2,1,0,2.0,2.0,1
9142,0,0,3,1,0,3.0,3.0,0
9143,0,0,4,1,0,4.0,4.0,0
9144,0,0,10,1,0,10.0,10.0,0
9145,0,0,1,1,0,1.0,1.0,1
9146,0,0,0,1,0,0.0,0.0,1
9147,0,0,1,1,0,1.0,1.0,1
9149,0,0,3,1,0,3.0,3.0,1
8922,0,0,1,1,0,1.0,1.0,1
9120,0,0,1,1,0,1.0,1.0,1
9126,0,0,7,1,0,7.0,7.0,0
9134,0,0,0,1,0,0.0,0.0,1
9140,0,0,2,1,0,2.0,2.0,1
9150,0,0,2,1,0,2.0,2.0,1
9152,0,0,1,1,0,1.0,1.0,1
9156,0,0,2,1,0,2.0,2.0,1
9157,0,0,2,1,0,2.0,2.0,1
9158,0,0,0,1,0,0.0,0.0,1
9159,0,0,0,1,0,0.0,0.0,1
8892,0,0,2,1,0,2.0,2.0,1
9131,0,0,1,1,0,1.0,1.0,1
9148,0,0,11,1,0,11.0,11.0,0
9154,2,0,1,3,2,0.333333,0.333333,1
9164,0,0,1,1,0,1.0,1.0,1
9167,0,0,10,1,0,10.0,10.0,0
9169,0,0,1,1,0,1.0,1.0,1
9170,0,0,2,1,0,2.0,2.0,1
9162,0,0,1,1,0,1.0,1.0,1
9163,0,0,0,1,0,0.0,0.0,1
9165,0,0,7,1,0,7.0,7.0,0
9168,0,0,1,1,0,1.0,1.0,1
9172,0,0,9,1,0,9.0,9.0,0
9173,0,0,0,1,0,0.0,0.0,1
9174,0,0,7,1,0,7.0,7.0,0
9177,0,0,3,1,0,3.0,3.0,0
9179,0,0,10,1,0,10.0,10.0,0
9180,0,0,1,1,0,1.0,1.0,1
9073,0,0,0,1,0,0.0,0.0,1
9115,0,0,5,1,0,5.0,5.0,0
9133,0,0,2,1,0,2.0,2.0,1
9153,0,0,1,1,0,1.0,1.0,1
9171,0,0,1,1,0,1.0,1.0,1
9175,0,0,1,1,0,1.0,1.0,1
9182,0,0,1,1,0,1.0,1.0,1
9184,0,0,0,1,0,0.0,0.0,1
9185,0,0,1,1,0,1.0,1.0,1
9186,0,0,7,1,0,7.0,7.0,0
9187,0,0,11,1,0,11.0,11.0,0
9188,0,0,1,1,0,1.0,1.0,1
9189,0,0,10,1,0,10.0,10.0,0
9160,0,0,2,1,0,2.0,2.0,1
9176,2,0,2,3,2,0.666667,0.666667,1
9178,0,0,9,1,0,9.0,9.0,0
9181,0,0,1,1,0,1.0,1.0,1
9183,0,0,1,1,0,1.0,1.0,1
9191,0,0,0,1,0,0.0,0.0,1
9192,0,0,1,1,0,1.0,1.0,1
9194,0,0,0,1,0,0.0,0.0,1
9197,0,0,2,1,0,2.0,2.0,1
9198,0,0,1,1,0,1.0,1.0,1
9200,0,0,1,1,0,1.0,1.0,1
9161,0,0,7,1,0,7.0,7.0,0
9196,0,0,2,1,0,2.0,2.0,1
9203,0,0,8,1,0,8.0,8.0,0
9204,0,0,0,1,0,0.0,0.0,1
9207,0,0,1,1,0,1.0,1.0,1
9054,0,0,2,1,0,2.0,2.0,1
9138,0,0,3,1,0,3.0,3.0,1
9193,0,0,0,1,0,0.0,0.0,1
9199,1,0,1,2,1,0.5,0.5,1
9201,0,0,13,1,0,13.0,13.0,0
9210,0,0,1,1,0,1.0,1.0,1
9212,0,0,2,1,0,2.0,2.0,1
9214,0,0,3,1,0,3.0,3.0,1
9216,0,0,0,1,0,0.0,0.0,1
9217,0,0,1,1,0,1.0,1.0,1
9219,0,0,11,1,0,11.0,11.0,0
9220,0,0,0,1,0,0.0,0.0,1
9206,0,0,1,1,0,1.0,1.0,1
9211,0,0,7,1,0,7.0,7.0,0
9215,0,0,0,1,0,0.0,0.0,1
9218,0,0,2,1,0,2.0,2.0,1
9221,0,0,0,1,0,0.0,0.0,1
9222,0,0,0,1,0,0.0,0.0,1
9223,0,0,7,1,0,7.0,7.0,0
9224,0,0,0,1,0,0.0,0.0,1
9225,0,0,9,1,0,9.0,9.0,0
9226,0,0,1,1,0,1.0,1.0,1
9228,0,0,1,1,0,1.0,1.0,1
9229,0,0,1,1,0,1.0,1.0,1
9230,0,0,0,1,0,0.0,0.0,1
9213,0,0,6,1,0,6.0,6.0,0
9231,0,0,0,1,0,0.0,0.0,1
9233,0,0,6,1,0,6.0,6.0,0
9235,0,0,0,1,0,0.0,0.0,1
9237,0,0,6,1,0,6.0,6.0,0
9238,0,2,8,3,0,2.666667,2.666667,0
9202,0,0,1,1,0,1.0,1.0,1
9205,0,0,1,1,0,1.0,1.0,1
9208,0,0,1,1,0,1.0,1.0,1
9227,0,0,3,1,0,3.0,3.0,1
9232,0,0,0,1,0,0.0,0.0,1
9236,0,0,0,1,0,0.0,0.0,1
9240,0,0,6,1,0,6.0,6.0,0
9244,0,0,0,1,0,0.0,0.0,1
9247,0,0,0,1,0,0.0,0.0,1
9248,0,0,2,1,0,2.0,2.0,1
9249,0,0,2,1,0,2.0,2.0,1
9242,1,0,1,2,1,0.5,0.5,1
9243,0,0,0,1,0,0.0,0.0,1
9245,0,0,0,1,0,0.0,0.0,1
9250,0,0,0,1,0,0.0,0.0,1
9251,0,0,7,1,0,7.0,7.0,0
9255,0,0,2,1,0,2.0,2.0,0
9256,0,0,3,1,0,3.0,3.0,1
9257,0,0,6,1,0,6.0,6.0,0
9260,0,0,0,1,0,0.0,0.0,1
9151,0,0,6,1,0,6.0,6.0,0
9234,0,0,0,1,0,0.0,0.0,1
9241,0,0,2,1,0,2.0,2.0,1
9253,0,0,1,1,0,1.0,1.0,1
9261,0,1,6,2,0,3.0,3.0,0
9263,0,0,0,1,0,0.0,0.0,1
9264,0,0,4,1,0,4.0,4.0,0
9265,2,0,0,3,2,0.0,0.0,1
9268,0,0,5,1,0,5.0,5.0,0
9269,0,0,8,1,0,8.0,8.0,0
9155,0,0,1,1,0,1.0,1.0,1
9195,0,0,1,1,0,1.0,1.0,1
9209,0,2,10,3,0,3.333333,3.333333,0
9239,0,0,0,1,0,0.0,0.0,1
9271,0,0,1,1,0,1.0,1.0,1
9272,1,0,0,2,1,0.0,0.0,1
9274,0,0,1,1,0,1.0,1.0,1
9275,0,0,1,1,0,1.0,1.0,1
9277,0,0,2,1,0,2.0,2.0,1
9278,3,0,1,4,3,0.25,0.25,1
9166,0,0,2,1,0,2.0,2.0,1
9258,0,0,9,1,0,9.0,9.0,0
9262,0,0,2,1,0,2.0,2.0,1
9266,0,0,1,1,0,1.0,1.0,1
9273,0,0,0,1,0,0.0,0.0,1
9279,2,0,0,3,2,0.0,0.0,1
9282,0,0,2,1,0,2.0,2.0,1
9284,0,0,8,1,0,8.0,8.0,0
9287,0,0,7,1,0,7.0,7.0,0
9288,2,0,0,3,2,0.0,0.0,1
9190,0,0,2,1,0,2.0,2.0,1
9286,0,0,1,1,0,1.0,1.0,1
9289,0,0,1,1,0,1.0,1.0,1
9291,0,0,0,1,0,0.0,0.0,1
9292,0,0,1,1,0,1.0,1.0,1
9297,0,0,1,1,0,1.0,1.0,1
9298,0,0,6,1,0,6.0,6.0,0
9252,0,0,0,1,0,0.0,0.0,1
9270,2,0,1,3,2,0.333333,0.333333,1
9283,5,0,0,6,5,0.0,0.0,1
9285,1,0,4,2,1,2.0,2.0,0
9303,0,0,0,1,0,0.0,0.0,1
9306,0,0,8,1,0,8.0,8.0,0
9309,0,0,5,1,0,5.0,5.0,0
9310,0,0,1,1,0,1.0,1.0,1
9259,3,0,1,4,3,0.25,0.25,1
9290,2,0,0,3,2,0.0,0.0,1
9294,0,0,0,1,0,0.0,0.0,1
9308,0,0,2,1,0,2.0,2.0,1
9311,0,0,2,1,0,2.0,2.0,1
9313,2,0,5,3,2,1.666667,1.666667,0
9317,0,0,2,1,0,2.0,2.0,1
9318,2,0,2,3,2,0.666667,0.666667,1
9319,0,0,2,1,0,2.0,2.0,1
9276,0,0,0,1,0,0.0,0.0,1
9302,0,0,1,1,0,1.0,1.0,1
9315,0,0,0,1,0,0.0,0.0,1
9316,0,0,3,1,0,3.0,3.0,1
9321,0,0,1,1,0,1.0,1.0,1
9323,0,0,0,1,0,0.0,0.0,1
9329,0,0,9,1,0,9.0,9.0,0
9330,2,0,2,3,2,0.666667,0.666667,1
9299,0,0,0,1,0,0.0,0.0,1
9331,0,0,1,1,0,1.0,1.0,1
9333,0,0,0,1,0,0.0,0.0,1
9336,0,0,1,1,0,1.0,1.0,1
9338,0,1,5,2,0,2.5,2.5,0
9340,0,0,0,1,0,0.0,0.0,1
9246,0,0,1,1,0,1.0,1.0,1
9254,0,0,1,1,0,1.0,1.0,1
9267,2,0,0,3,2,0.0,0.0,1
9301,0,0,2,1,0,2.0,2.0,1
9307,0,0,3,1,0,3.0,3.0,0
9312,2,0,0,3,2,0.0,0.0,1
9320,0,0,6,1,0,6.0,6.0,0
9322,0,0,1,1,0,1.0,1.0,1
9326,0,0,2,1,0,2.0,2.0,1
9335,0,0,1,1,0,1.0,1.0,1
9341,0,0,1,1,0,1.0,1.0,1
9342,0,0,0,1,0,0.0,0.0,1
9344,0,0,2,1,0,2.0,2.0,1
9349,0,0,0,1,0,0.0,0.0,1
9281,0,0,1,1,0,1.0,1.0,1
9295,0,0,2,1,0,2.0,2.0,1
9334,0,0,2,1,0,2.0,2.0,1
9348,0,0,2,1,0,2.0,2.0,1
9350,0,0,1,1,0,1.0,1.0,1
9355,0,0,7,1,0,7.0,7.0,0
9358,0,0,1,1,0,1.0,1.0,1
9360,0,0,0,1,0,0.0,0.0,1
9305,0,0,0,1,0,0.0,0.0,1
9314,0,0,2,1,0,2.0,2.0,1
9325,0,0,0,1,0,0.0,0.0,1
9347,2,0,2,3,2,0.666667,0.666667,1
9352,0,0,2,1,0,2.0,2.0,1
9361,2,0,2,3,2,0.666667,0.666667,1
9364,2,0,0,3,2,0.0,0.0,1
9365,0,0,1,1,0,1.0,1.0,1
9368,0,0,0,1,0,0.0,0.0,1
9370,0,0,1,1,0,1.0,1.0,1
9296,0,0,0,1,0,0.0,0.0,1
9324,0,0,0,1,0,0.0,0.0,1
9332,0,0,1,1,0,1.0,1.0,1
9363,2,0,1,3,2,0.333333,0.333333,1
9366,0,0,2,1,0,2.0,2.0,1
9371,1,0,0,2,1,0.0,0.0,1
9372,0,0,3,1,0,3.0,3.0,1
9373,2,0,0,3,2,0.0,0.0,1
9374,0,0,2,1,0,2.0,2.0,1
9327,0,0,0,1,0,0.0,0.0,1
9343,0,0,1,1,0,1.0,1.0,1
9357,0,0,1,1,0,1.0,1.0,1
9375,0,0,0,1,0,0.0,0.0,1
9376,0,0,0,1,0,0.0,0.0,1
9385,1,0,2,2,1,1.0,1.0,1
9387,0,0,1,1,0,1.0,1.0,1
9390,1,0,1,2,1,0.5,0.5,1
9304,1,3,5,5,1,1.0,1.0,0
9337,0,0,2,1,0,2.0,2.0,1
9339,1,0,1,2,1,0.5,0.5,1
9359,4,0,0,5,4,0.0,0.0,1
9380,1,0,0,2,1,0.0,0.0,1
9388,0,0,2,1,0,2.0,2.0,1
9389,0,0,1,1,0,1.0,1.0,1
9391,0,0,8,1,0,8.0,8.0,0
9395,0,0,5,1,0,5.0,5.0,0
9400,0,0,8,1,0,8.0,8.0,0
9280,2,0,2,3,2,0.666667,0.666667,1
9356,0,0,0,1,0,0.0,0.0,1
9383,0,0,0,1,0,0.0,0.0,1
9397,0,0,5,1,0,5.0,5.0,0
9399,0,0,0,1,0,0.0,0.0,1
9401,0,0,1,1,0,1.0,1.0,1
9402,0,0,0,1,0,0.0,0.0,1
9403,0,0,0,1,0,0.0,0.0,1
9405,0,0,0,1,0,0.0,0.0,1
9410,0,0,2,1,0,2.0,2.0,1
9367,0,0,0,1,0,0.0,0.0,1
9384,0,0,0,1,0,0.0,0.0,1
9392,1,1,5,3,1,1.666667,1.666667,0
9406,0,0,3,1,0,3.0,3.0,1
9409,0,0,0,1,0,0.0,0.0,1
9412,0,0,1,1,0,1.0,1.0,1
9416,2,0,0,3,2,0.0,0.0,1
9418,0,0,0,1,0,0.0,0.0,1
9293,0,0,0,1,0,0.0,0.0,1
9354,0,0,0,1,0,0.0,0.0,1
9362,0,0,1,1,0,1.0,1.0,0
9382,0,0,0,1,0,0.0,0.0,1
9386,0,0,5,1,0,5.0,5.0,0
9393,0,0,0,1,0,0.0,0.0,1
9396,1,0,0,2,1,0.0,0.0,1
9408,0,0,4,1,0,4.0,4.0,0
9413,0,0,1,1,0,1.0,1.0,1
9415,0,0,0,1,0,0.0,0.0,1
9419,3,0,0,4,3,0.0,0.0,1
9420,0,0,0,1,0,0.0,0.0,1
9422,1,0,1,2,1,0.5,0.5,1
9423,0,0,0,1,0,0.0,0.0,1
9425,1,0,0,2,1,0.0,0.0,1
9427,0,0,1,1,0,1.0,1.0,0
9328,0,0,0,1,0,0.0,0.0,1
9369,0,0,1,1,0,1.0,1.0,1
9417,6,0,1,7,6,0.142857,0.142857,1
9431,0,0,1,1,0,1.0,1.0,1
9433,0,0,0,1,0,0.0,0.0,1
9436,0,0,0,1,0,0.0,0.0,1
9440,1,0,8,2,1,4.0,4.0,0
9424,0,0,1,1,0,1.0,1.0,1
9426,0,0,0,1,0,0.0,0.0,1
9428,0,0,0,1,0,0.0,0.0,1
9430,2,0,1,3,2,0.333333,0.333333,1
9432,1,0,2,2,1,1.0,1.0,1
9439,0,0,0,1,0,0.0,0.0,1
9447,1,0,0,2,1,0.0,0.0,1
9450,3,0,1,4,3,0.25,0.25,1
9300,0,0,2,1,0,2.0,2.0,1
9346,0,0,2,1,0,2.0,2.0,1
9398,0,0,0,1,0,0.0,0.0,1
9437,0,0,6,1,0,6.0,6.0,0
9441,0,0,5,1,0,5.0,5.0,0
9449,0,0,1,1,0,1.0,1.0,1
9451,0,0,0,1,0,0.0,0.0,1
9455,2,0,0,3,2,0.0,0.0,1
9456,0,0,5,1,0,5.0,5.0,0
9351,0,0,0,1,0,0.0,0.0,1
9353,2,0,1,3,2,0.333333,0.333333,1
9414,0,0,4,1,0,4.0,4.0,0
9435,0,0,0,1,0,0.0,0.0,1
9443,0,0,0,1,0,0.0,0.0,1
9454,1,1,3,3,1,1.0,1.0,0
9460,0,0,2,1,0,2.0,2.0,0
9462,0,0,3,1,0,3.0,3.0,1
9463,0,0,1,1,0,1.0,1.0,1
9464,0,0,0,1,0,0.0,0.0,1
9466,0,0,0,1,0,0.0,0.0,1
9468,0,0,13,1,0,13.0,13.0,0
9469,1,0,0,2,1,0.0,0.0,1
9404,0,0,0,1,0,0.0,0.0,1
9438,4,0,0,5,4,0.0,0.0,1
9444,0,0,3,1,0,3.0,3.0,0
9445,2,0,1,3,2,0.333333,0.333333,1
9453,0,0,2,1,0,2.0,2.0,1
9457,0,0,0,1,0,0.0,0.0,1
9467,0,0,4,1,0,4.0,4.0,0
9470,0,0,4,1,0,4.0,4.0,0
9472,0,0,1,1,0,1.0,1.0,1
9475,0,0,2,1,0,2.0,2.0,1
9478,0,0,0,1,0,0.0,0.0,1
9479,0,0,0,1,0,0.0,0.0,1
9480,0,0,1,1,0,1.0,1.0,1
9345,0,0,0,1,0,0.0,0.0,1
9377,0,0,1,1,0,1.0,1.0,1
9448,0,0,1,1,0,1.0,1.0,1
9452,0,0,0,1,0,0.0,0.0,1
9481,0,0,1,1,0,1.0,1.0,1
9483,0,0,1,1,0,1.0,1.0,1
9488,0,0,1,1,0,1.0,1.0,1
9379,0,0,1,1,0,1.0,1.0,1
9381,0,0,5,1,0,5.0,5.0,0
9471,0,0,1,1,0,1.0,1.0,1
9476,0,0,1,1,0,1.0,1.0,1
9486,0,0,1,1,0,1.0,1.0,1
9489,0,0,0,1,0,0.0,0.0,1
9491,0,3,6,4,0,1.5,1.5,0
9495,0,0,1,1,0,1.0,1.0,1
9497,0,0,1,1,0,1.0,1.0,1
9498,0,0,0,1,0,0.0,0.0,1
9499,0,0,3,1,0,3.0,3.0,0
9459,0,0,0,1,0,0.0,0.0,1
9473,0,0,5,1,0,5.0,5.0,0
9474,0,0,0,1,0,0.0,0.0,1
9485,0,0,4,1,0,4.0,4.0,0
9487,0,0,3,1,0,3.0,3.0,1
9490,0,0,1,1,0,1.0,1.0,1
9492,0,0,0,1,0,0.0,0.0,1
9503,0,0,6,1,0,6.0,6.0,0
9504,0,0,0,1,0,0.0,0.0,1
9509,0,0,1,1,0,1.0,1.0,1
9510,0,0,0,1,0,0.0,0.0,1
9407,0,0,5,1,0,5.0,5.0,0
9411,0,0,4,1,0,4.0,4.0,0
9434,0,0,1,1,0,1.0,1.0,0
9501,0,0,1,1,0,1.0,1.0,1
9507,0,0,0,1,0,0.0,0.0,1
9508,0,0,0,1,0,0.0,0.0,1
9513,0,0,0,1,0,0.0,0.0,1
9517,0,0,0,1,0,0.0,0.0,1
9518,0,0,6,1,0,6.0,6.0,0
9520,0,0,2,1,0,2.0,2.0,1
9421,0,0,0,1,0,0.0,0.0,1
9461,0,0,0,1,0,0.0,0.0,1
9484,0,0,0,1,0,0.0,0.0,1
9496,0,0,2,1,0,2.0,2.0,0
9502,0,0,0,1,0,0.0,0.0,1
9505,0,0,0,1,0,0.0,0.0,1
9516,0,0,4,1,0,4.0,4.0,0
9521,0,0,1,1,0,1.0,1.0,1
9524,0,0,3,1,0,3.0,3.0,1
9525,0,0,1,1,0,1.0,1.0,1
9527,0,0,0,1,0,0.0,0.0,1
9530,0,0,0,1,0,0.0,0.0,1
9458,0,0,0,1,0,0.0,0.0,1
9465,0,0,4,1,0,4.0,4.0,0
9506,0,0,0,1,0,0.0,0.0,1
9519,0,0,1,1,0,1.0,1.0,1
9523,0,0,2,1,0,2.0,2.0,1
9528,0,0,0,1,0,0.0,0.0,1
9532,0,0,2,1,0,2.0,2.0,1
9534,0,0,7,1,0,7.0,7.0,0
9535,0,0,0,1,0,0.0,0.0,1
9537,0,0,0,1,0,0.0,0.0,1
9538,0,0,0,1,0,0.0,0.0,1
9378,0,0,2,1,0,2.0,2.0,0
9429,0,0,0,1,0,0.0,0.0,1
9493,0,0,0,1,0,0.0,0.0,1
9522,0,0,5,1,0,5.0,5.0,0
9531,0,0,0,1,0,0.0,0.0,1
9533,0,0,2,1,0,2.0,2.0,0
9536,0,0,0,1,0,0.0,0.0,1
9541,0,0,0,1,0,0.0,0.0,1
9544,0,0,1,1,0,1.0,1.0,1
9545,0,0,3,1,0,3.0,3.0,1
9547,0,0,2,1,0,2.0,2.0,0
9548,0,0,3,1,0,3.0,3.0,0
9550,0,0,0,1,0,0.0,0.0,1
9494,0,0,0,1,0,0.0,0.0,1
9549,0,0,7,1,0,7.0,7.0,0
9553,0,0,0,1,0,0.0,0.0,1
9554,0,0,7,1,0,7.0,7.0,0
9555,0,0,1,1,0,1.0,1.0,1
9556,0,0,0,1,0,0.0,0.0,1
9558,0,0,1,1,0,1.0,1.0,1
9559,0,0,2,1,0,2.0,2.0,1
9560,0,0,1,1,0,1.0,1.0,1
9511,0,0,4,1,0,4.0,4.0,0
9515,0,0,0,1,0,0.0,0.0,1
9539,0,0,0,1,0,0.0,0.0,1
9542,0,0,0,1,0,0.0,0.0,1
9562,0,0,4,1,0,4.0,4.0,0
9564,0,0,1,1,0,1.0,1.0,1
9566,0,0,0,1,0,0.0,0.0,1
9567,0,0,3,1,0,3.0,3.0,0
9568,0,0,0,1,0,0.0,0.0,1
9569,0,0,1,1,0,1.0,1.0,1
9394,0,0,2,1,0,2.0,2.0,1
9563,0,0,6,1,0,6.0,6.0,0
9565,0,0,0,1,0,0.0,0.0,1
9571,0,0,0,1,0,0.0,0.0,1
9575,0,0,0,1,0,0.0,0.0,1
9577,0,0,0,1,0,0.0,0.0,1
9578,0,0,1,1,0,1.0,1.0,1
9579,0,0,0,1,0,0.0,0.0,1
9580,0,0,0,1,0,0.0,0.0,1
9477,0,0,0,1,0,0.0,0.0,1
9482,0,0,0,1,0,0.0,0.0,1
9500,0,0,5,1,0,5.0,5.0,0
9514,0,0,0,1,0,0.0,0.0,1
9543,0,0,2,1,0,2.0,2.0,1
9546,0,0,0,1,0,0.0,0.0,1
9557,0,0,0,1,0,0.0,0.0,1
9572,0,0,0,1,0,0.0,0.0,1
9582,0,0,0,1,0,0.0,0.0,1
9583,0,0,5,1,0,5.0,5.0,0
9587,0,0,0,1,0,0.0,0.0,1
9589,0,0,4,1,0,4.0,4.0,0
9590,0,0,0,1,0,0.0,0.0,1
9581,0,0,1,1,0,1.0,1.0,1
9586,0,0,0,1,0,0.0,0.0,1
9591,0,0,0,1,0,0.0,0.0,1
9594,0,0,0,1,0,0.0,0.0,1
9596,0,0,1,1,0,1.0,1.0,1
9598,0,0,1,1,0,1.0,1.0,0
9551,0,0,0,1,0,0.0,0.0,1
9552,0,0,5,1,0,5.0,5.0,0
9570,0,0,2,1,0,2.0,2.0,1
9574,0,0,0,1,0,0.0,0.0,1
9585,0,0,0,1,0,0.0,0.0,1
9588,0,0,2,1,0,2.0,2.0,1
9592,0,0,1,1,0,1.0,1.0,1
9599,0,0,4,1,0,4.0,4.0,0
9600,0,0,0,1,0,0.0,0.0,1
9601,0,0,0,1,0,0.0,0.0,1
9603,0,0,4,1,0,4.0,4.0,0
9604,0,0,0,1,0,0.0,0.0,1
9605,0,0,2,1,0,2.0,2.0,1
9609,0,0,0,1,0,0.0,0.0,1
9610,0,0,0,1,0,0.0,0.0,1
9512,0,0,2,1,0,2.0,2.0,0
9529,0,0,0,1,0,0.0,0.0,1
9561,0,0,1,1,0,1.0,1.0,1
9576,0,0,0,1,0,0.0,0.0,1
9597,0,0,2,1,0,2.0,2.0,1
9602,0,0,1,1,0,1.0,1.0,1
9608,0,0,1,1,0,1.0,1.0,1
9611,0,0,0,1,0,0.0,0.0,1
9612,0,0,0,1,0,0.0,0.0,1
9613,0,0,0,1,0,0.0,0.0,1
9614,0,0,2,1,0,2.0,2.0,1
9615,0,0,3,1,0,3.0,3.0,0
9616,0,0,0,1,0,0.0,0.0,1
9617,0,0,0,1,0,0.0,0.0,1
9526,0,0,2,1,0,2.0,2.0,1
9622,0,0,1,1,0,1.0,1.0,1
9624,0,0,5,1,0,5.0,5.0,0
9627,0,0,2,1,0,2.0,2.0,1
9629,0,0,2,1,0,2.0,2.0,1
9630,0,0,1,1,0,1.0,1.0,1
9540,0,0,0,1,0,0.0,0.0,1
9607,0,0,3,1,0,3.0,3.0,1
9619,0,0,0,1,0,0.0,0.0,1
9620,0,0,0,1,0,0.0,0.0,1
9621,0,0,6,1,0,6.0,6.0,0
9631,0,0,0,1,0,0.0,0.0,1
9634,0,0,2,1,0,2.0,2.0,1
9636,0,0,0,1,0,0.0,0.0,1
9638,0,0,1,1,0,1.0,1.0,1
9639,0,0,1,1,0,1.0,1.0,1
9442,0,0,1,1,0,1.0,1.0,1
9626,0,0,0,1,0,0.0,0.0,1
9635,0,0,1,1,0,1.0,1.0,1
9640,0,0,3,1,0,3.0,3.0,0
9641,0,0,0,1,0,0.0,0.0,1
9644,0,0,6,1,0,6.0,6.0,0
9645,0,0,0,1,0,0.0,0.0,1
9650,0,0,0,1,0,0.0,0.0,1
9595,0,0,3,1,0,3.0,3.0,1
9606,0,0,1,1,0,1.0,1.0,0
9632,0,0,2,1,0,2.0,2.0,1
9637,0,0,0,1,0,0.0,0.0,1
9642,0,0,0,1,0,0.0,0.0,1
9643,0,0,0,1,0,0.0,0.0,1
9649,0,0,0,1,0,0.0,0.0,1
9651,0,0,1,1,0,1.0,1.0,1
9656,0,0,7,1,0,7.0,7.0,0
9658,0,0,2,1,0,2.0,2.0,1
9659,0,0,1,1,0,1.0,1.0,1
9573,0,0,2,1,0,2.0,2.0,1
9623,0,0,1,1,0,1.0,1.0,1
9628,0,0,4,1,0,4.0,4.0,0
9648,0,0,1,1,0,1.0,1.0,1
9654,0,0,0,1,0,0.0,0.0,1
9655,0,0,0,1,0,0.0,0.0,1
9663,0,0,0,1,0,0.0,0.0,1
9665,0,0,0,1,0,0.0,0.0,1
9668,0,0,1,1,0,1.0,1.0,1
9670,0,0,0,1,0,0.0,0.0,1
9593,0,0,1,1,0,1.0,1.0,1
9618,0,0,1,1,0,1.0,1.0,1
9633,0,0,0,1,0,0.0,0.0,1
9653,0,0,0,1,0,0.0,0.0,1
9662,0,0,2,1,0,2.0,2.0,1
9664,0,0,1,1,0,1.0,1.0,1
9673,0,0,0,1,0,0.0,0.0,1
9678,0,0,0,1,0,0.0,0.0,1
9679,0,0,1,1,0,1.0,1.0,1
9680,0,0,1,1,0,1.0,1.0,1
9625,0,0,1,1,0,1.0,1.0,1
9666,0,0,3,1,0,3.0,3.0,0
9667,0,0,2,1,0,2.0,2.0,0
9669,0,0,0,1,0,0.0,0.0,1
9674,0,0,0,1,0,0.0,0.0,1
9681,0,0,0,1,0,0.0,0.0,1
9682,0,0,1,1,0,1.0,1.0,1
9683,0,0,3,1,0,3.0,3.0,0
9684,0,0,1,1,0,1.0,1.0,1
9685,0,0,0,1,0,0.0,0.0,1
9688,0,0,1,1,0,1.0,1.0,1
9689,0,0,0,1,0,0.0,0.0,1
9690,0,0,3,1,0,3.0,3.0,0
9647,0,0,4,1,0,4.0,4.0,0
9660,0,0,5,1,0,5.0,5.0,0
9661,0,0,1,1,0,1.0,1.0,1
9672,0,0,1,1,0,1.0,1.0,1
9675,0,0,2,1,0,2.0,2.0,0
9691,0,0,2,1,0,2.0,2.0,0
9692,0,0,0,1,0,0.0,0.0,1
9693,0,0,0,1,0,0.0,0.0,1
9695,0,0,0,1,0,0.0,0.0,1
9697,0,0,2,1,0,2.0,2.0,1
9698,0,0,1,1,0,1.0,1.0,1
9699,0,0,0,1,0,0.0,0.0,1
9700,0,0,4,1,0,4.0,4.0,0
9584,0,0,0,1,0,0.0,0.0,1
9676,0,0,2,1,0,2.0,2.0,0
9677,0,0,3,1,0,3.0,3.0,0
9696,0,0,3,1,0,3.0,3.0,0
9702,0,0,0,1,0,0.0,0.0,1
9703,0,0,2,1,0,2.0,2.0,1
9705,0,0,0,1,0,0.0,0.0,1
9709,0,0,0,1,0,0.0,0.0,1
9708,0,0,0,1,0,0.0,0.0,1
9713,0,0,0,1,0,0.0,0.0,1
9714,0,0,0,1,0,0.0,0.0,1
9715,0,0,5,1,0,5.0,5.0,0
9717,0,0,0,1,0,0.0,0.0,1
9719,0,0,0,1,0,0.0,0.0,1
9720,0,0,0,1,0,0.0,0.0,1
9671,0,0,1,1,0,1.0,1.0,0
9707,0,0,1,1,0,1.0,1.0,1
9726,0,0,5,1,0,5.0,5.0,0
9727,0,0,0,1,0,0.0,0.0,1
9728,0,0,1,1,0,1.0,1.0,1
9730,0,0,1,1,0,1.0,1.0,0
9687,0,0,0,1,0,0.0,0.0,1
9701,0,0,0,1,0,0.0,0.0,1
9706,0,0,4,1,0,4.0,4.0,0
9710,0,0,0,1,0,0.0,0.0,1
9723,0,0,2,1,0,2.0,2.0,0
9725,0,0,0,1,0,0.0,0.0,1
9731,0,0,0,1,0,0.0,0.0,0
9732,0,0,0,1,0,0.0,0.0,1
9737,0,0,1,1,0,1.0,1.0,1
9738,0,0,0,1,0,0.0,0.0,1
9740,0,0,2,1,0,2.0,2.0,0
9646,0,0,0,1,0,0.0,0.0,1
9657,0,0,0,1,0,0.0,0.0,1
9694,0,0,0,1,0,0.0,0.0,1
9704,0,0,2,1,0,2.0,2.0,1
9718,0,0,0,1,0,0.0,0.0,1
9729,0,0,0,1,0,0.0,0.0,1
9734,0,0,0,1,0,0.0,0.0,1
9736,0,0,1,1,0,1.0,1.0,1
9741,0,0,3,1,0,3.0,3.0,0
9742,0,0,0,1,0,0.0,0.0,1
9744,0,0,1,1,0,1.0,1.0,1
9745,0,0,0,1,0,0.0,0.0,1
9746,0,0,0,1,0,0.0,0.0,1
9747,0,0,1,1,0,1.0,1.0,0
9749,0,0,5,1,0,5.0,5.0,0
9446,0,0,3,1,0,3.0,3.0,0
9686,0,0,0,1,0,0.0,0.0,1
9743,0,0,1,1,0,1.0,1.0,1
9748,0,0,1,1,0,1.0,1.0,1
9752,0,0,0,1,0,0.0,0.0,1
9753,0,0,0,1,0,0.0,0.0,1
9755,0,0,2,1,0,2.0,2.0,1
9757,0,0,0,1,0,0.0,0.0,1
9711,0,0,0,1,0,0.0,0.0,1
9750,0,0,1,1,0,1.0,1.0,1
9763,0,0,3,1,0,3.0,3.0,0
9764,0,0,0,1,0,0.0,0.0,1
9768,0,0,0,1,0,0.0,0.0,1
9769,0,0,0,1,0,0.0,0.0,1
9735,0,0,0,1,0,0.0,0.0,1
9761,0,0,0,1,0,0.0,0.0,1
9766,0,0,1,1,0,1.0,1.0,1
9770,0,0,0,1,0,0.0,0.0,1
9771,0,0,1,1,0,1.0,1.0,1
9772,0,0,0,1,0,0.0,0.0,1
9773,0,0,2,1,0,2.0,2.0,0
9774,0,0,0,1,0,0.0,0.0,0
9775,0,0,0,1,0,0.0,0.0,1
9777,0,0,0,1,0,0.0,0.0,1
9778,0,0,0,1,0,0.0,0.0,1
9780,0,0,1,1,0,1.0,1.0,1
9712,0,0,0,1,0,0.0,0.0,1
9721,0,0,0,1,0,0.0,0.0,1
9756,0,0,1,1,0,1.0,1.0,0
9759,0,0,0,1,0,0.0,0.0,1
9760,0,0,0,1,0,0.0,0.0,1
9765,0,0,1,1,0,1.0,1.0,0
9779,0,0,0,1,0,0.0,0.0,0
9781,0,0,1,1,0,1.0,1.0,1
9784,0,0,0,1,0,0.0,0.0,1
9787,0,0,3,1,0,3.0,3.0,0
9788,0,0,0,1,0,0.0,0.0,1
9716,0,0,1,1,0,1.0,1.0,0
9724,0,0,0,1,0,0.0,0.0,1
9767,0,0,0,1,0,0.0,0.0,1
9789,0,0,1,1,0,1.0,1.0,1
9790,0,0,0,1,0,0.0,0.0,0
9796,0,0,0,1,0,0.0,0.0,1
9797,0,0,0,1,0,0.0,0.0,1
9798,0,0,1,1,0,1.0,1.0,0
9799,0,0,1,1,0,1.0,1.0,1
9800,0,0,2,1,0,2.0,2.0,0
9776,0,0,0,1,0,0.0,0.0,1
9785,0,0,1,1,0,1.0,1.0,0
9792,0,0,2,1,0,2.0,2.0,0
9794,0,0,0,1,0,0.0,0.0,1
9805,0,0,0,1,0,0.0,0.0,1
9806,0,0,1,1,0,1.0,1.0,1
9739,0,0,2,1,0,2.0,2.0,0
9782,0,0,2,1,0,2.0,2.0,0
9783,0,0,0,1,0,0.0,0.0,1
9795,0,0,0,1,0,0.0,0.0,1
9801,0,0,0,1,0,0.0,0.0,1
9802,0,0,0,1,0,0.0,0.0,1
9803,0,0,0,1,0,0.0,0.0,1
9813,0,0,0,1,0,0.0,0.0,1
9815,0,0,0,1,0,0.0,0.0,1
9816,0,0,0,1,0,0.0,0.0,1
9817,0,0,2,1,0,2.0,2.0,0
9733,0,0,2,1,0,2.0,2.0,1
9762,0,0,2,1,0,2.0,2.0,1
9809,0,0,0,1,0,0.0,0.0,1
9812,0,0,0,1,0,0.0,0.0,1
9820,0,0,0,1,0,0.0,0.0,1
9822,0,0,1,1,0,1.0,1.0,1
9825,0,0,1,1,0,1.0,1.0,1
9827,0,0,0,1,0,0.0,0.0,1
9829,0,0,0,1,0,0.0,0.0,0
9830,0,0,1,1,0,1.0,1.0,1
9804,0,0,1,1,0,1.0,1.0,0
9811,0,0,1,1,0,1.0,1.0,1
9818,0,0,0,1,0,0.0,0.0,1
9824,0,0,2,1,0,2.0,2.0,0
9832,0,0,2,1,0,2.0,2.0,1
9833,0,0,0,1,0,0.0,0.0,1
9835,0,0,0,1,0,0.0,0.0,0
9837,0,0,1,1,0,1.0,1.0,1
9839,0,0,2,1,0,2.0,2.0,0
9840,0,0,0,1,0,0.0,0.0,1
9808,0,0,1,1,0,1.0,1.0,0
9826,0,0,0,1,0,0.0,0.0,0
9843,0,0,0,1,0,0.0,0.0,1
9845,0,0,0,1,0,0.0,0.0,1
9848,0,0,0,1,0,0.0,0.0,1
9652,0,0,0,1,0,0.0,0.0,0
9758,0,0,1,1,0,1.0,1.0,1
9793,0,0,0,1,0,0.0,0.0,1
9814,0,0,0,1,0,0.0,0.0,1
9834,0,0,0,1,0,0.0,0.0,1
9838,0,0,0,1,0,0.0,0.0,1
9853,0,0,0,1,0,0.0,0.0,1
9855,0,0,0,1,0,0.0,0.0,1
9857,0,0,0,1,0,0.0,0.0,1
9858,0,0,0,1,0,0.0,0.0,1
9859,0,0,0,1,0,0.0,0.0,0
9860,0,0,0,1,0,0.0,0.0,1
9751,0,0,0,1,0,0.0,0.0,0
9754,0,0,0,1,0,0.0,0.0,1
9791,0,0,0,1,0,0.0,0.0,1
9821,0,0,0,1,0,0.0,0.0,1
9828,0,0,0,1,0,0.0,0.0,1
9831,0,0,1,1,0,1.0,1.0,1
9849,0,0,0,1,0,0.0,0.0,0
9861,0,0,0,1,0,0.0,0.0,1
9862,0,0,0,1,0,0.0,0.0,1
9863,0,0,0,1,0,0.0,0.0,1
9864,0,0,0,1,0,0.0,0.0,1
9866,0,0,0,1,0,0.0,0.0,1
9867,0,0,0,1,0,0.0,0.0,1
9868,0,0,1,1,0,1.0,1.0,0
9869,0,0,1,1,0,1.0,1.0,0
9810,0,0,0,1,0,0.0,0.0,1
9841,0,0,0,1,0,0.0,0.0,1
9844,0,0,0,1,0,0.0,0.0,1
9846,0,0,0,1,0,0.0,0.0,1
9854,0,0,0,1,0,0.0,0.0,1
9865,0,0,0,1,0,0.0,0.0,0
9870,0,0,0,1,0,0.0,0.0,1
9879,0,0,0,1,0,0.0,0.0,1
9880,0,0,0,1,0,0.0,0.0,1
9722,0,0,0,1,0,0.0,0.0,1
9842,0,0,0,1,0,0.0,0.0,1
9847,0,0,0,1,0,0.0,0.0,0
9856,0,0,0,1,0,0.0,0.0,1
9875,0,0,0,1,0,0.0,0.0,1
9878,0,0,0,1,0,0.0,0.0,1
9883,0,0,0,1,0,0.0,0.0,0
9884,0,0,0,1,0,0.0,0.0,1
9885,0,0,0,1,0,0.0,0.0,1
9886,0,0,0,1,0,0.0,0.0,1
9887,0,0,0,1,0,0.0,0.0,1
9888,0,0,0,1,0,0.0,0.0,1
9807,0,0,0,1,0,0.0,0.0,1
9850,0,0,0,1,0,0.0,0.0,1
9851,0,0,0,1,0,0.0,0.0,1
9852,0,0,1,1,0,1.0,1.0,0
9876,0,0,0,1,0,0.0,0.0,1
9892,0,0,0,1,0,0.0,0.0,1
9894,0,0,0,1,0,0.0,0.0,1
9898,0,0,0,1,0,0.0,0.0,1
9899,0,0,0,1,0,0.0,0.0,1
9900,0,0,0,1,0,0.0,0.0,1
9819,0,0,0,1,0,0.0,0.0,1
9873,0,0,0,1,0,0.0,0.0,1
9874,0,0,0,1,0,0.0,0.0,1
9882,0,0,0,1,0,0.0,0.0,1
9890,0,0,0,1,0,0.0,0.0,1
9893,0,0,0,1,0,0.0,0.0,1
9895,0,0,0,1,0,0.0,0.0,0
9901,0,0,0,1,0,0.0,0.0,1
9905,0,0,0,1,0,0.0,0.0,0
9906,0,0,0,1,0,0.0,0.0,1
9907,0,0,0,1,0,0.0,0.0,0
9908,0,0,0,1,0,0.0,0.0,1
9909,0,0,0,1,0,0.0,0.0,1
9910,0,0,0,1,0,0.0,0.0,1
9871,0,0,0,1,0,0.0,0.0,0
9877,0,0,0,1,0,0.0,0.0,0
9881,0,0,0,1,0,0.0,0.0,1
9913,0,0,0,1,0,0.0,0.0,1
9916,0,0,0,1,0,0.0,0.0,1
9918,0,0,0,1,0,0.0,0.0,1
9919,0,0,0,1,0,0.0,0.0,1
9920,0,0,0,1,0,0.0,0.0,0
9786,0,0,0,1,0,0.0,0.0,1
9911,0,0,0,1,0,0.0,0.0,0
9921,0,0,0,1,0,0.0,0.0,0
9922,0,0,0,1,0,0.0,0.0,1
9926,0,0,0,1,0,0.0,0.0,1
9927,0,0,0,1,0,0.0,0.0,1
9872,0,0,0,1,0,0.0,0.0,1
9889,0,0,0,1,0,0.0,0.0,1
9891,0,0,0,1,0,0.0,0.0,1
9897,0,0,0,1,0,0.0,0.0,1
9904,0,0,0,1,0,0.0,0.0,1
9931,0,0,0,1,0,0.0,0.0,1
9936,0,0,0,1,0,0.0,0.0,1
9937,0,0,0,1,0,0.0,0.0,1
9939,0,0,0,1,0,0.0,0.0,1
9940,0,0,0,1,0,0.0,0.0,1
9903,0,0,0,1,0,0.0,0.0,1
9925,0,0,0,1,0,0.0,0.0,1
9932,0,0,0,1,0,0.0,0.0,1
9945,0,0,0,1,0,0.0,0.0,0
9946,0,0,0,1,0,0.0,0.0,1
9950,0,0,0,1,0,0.0,0.0,1
9896,0,0,0,1,0,0.0,0.0,1
9917,0,0,0,1,0,0.0,0.0,1
9935,0,0,0,1,0,0.0,0.0,1
9947,0,0,0,1,0,0.0,0.0,0
9949,0,0,0,1,0,0.0,0.0,1
9953,0,0,0,1,0,0.0,0.0,1
9954,0,0,0,1,0,0.0,0.0,1
9955,0,0,0,1,0,0.0,0.0,0
9957,0,0,0,1,0,0.0,0.0,1
9959,0,0,0,1,0,0.0,0.0,1
9960,0,0,0,1,0,0.0,0.0,0
9836,0,0,0,1,0,0.0,0.0,1
9902,0,0,0,1,0,0.0,0.0,0
9914,0,0,0,1,0,0.0,0.0,1
9930,0,0,0,1,0,0.0,0.0,1
9951,0,0,0,1,0,0.0,0.0,1
9964,0,0,0,1,0,0.0,0.0,1
9965,0,0,0,1,0,0.0,0.0,1
9966,0,0,0,1,0,0.0,0.0,1
9967,0,0,0,1,0,0.0,0.0,0
9969,0,0,0,1,0,0.0,0.0,1
9929,0,0,0,1,0,0.0,0.0,1
9944,0,0,0,1,0,0.0,0.0,1
9961,0,0,0,1,0,0.0,0.0,1
9971,0,0,0,1,0,0.0,0.0,1
9972,0,0,0,1,0,0.0,0.0,1
9974,0,0,0,1,0,0.0,0.0,1
9976,0,0,0,1,0,0.0,0.0,1
9980,0,0,0,1,0,0.0,0.0,1
9912,0,0,0,1,0,0.0,0.0,1
9933,0,0,0,1,0,0.0,0.0,1
9938,0,0,0,1,0,0.0,0.0,1
9948,0,0,0,1,0,0.0,0.0,0
9952,0,0,0,1,0,0.0,0.0,1
9962,0,0,0,1,0,0.0,0.0,1
9975,0,0,0,1,0,0.0,0.0,0
9983,0,0,0,1,0,0.0,0.0,1
9985,0,0,0,1,0,0.0,0.0,1
9986,0,0,0,1,0,0.0,0.0,1
9987,0,0,0,1,0,0.0,0.0,1
9988,0,0,0,1,0,0.0,0.0,0
9989,0,0,0,1,0,0.0,0.0,1
